2026-06-24 13:16:59 | DEBUG    | shortsqueeze.bot:_run_scan - Market closed, skipping scan
2026-06-24 13:21:59 | DEBUG    | shortsqueeze.bot:_run_scan - Market closed, skipping scan
2026-06-24 13:26:59 | DEBUG    | shortsqueeze.bot:_run_scan - Market closed, skipping scan
2026-06-24 13:31:59 | DEBUG    | shortsqueeze.bot:_run_scan - Market closed, skipping scan
2026-06-24 13:36:59 | DEBUG    | shortsqueeze.bot:_run_scan - Market closed, skipping scan
2026-06-24 13:41:59 | DEBUG    | shortsqueeze.bot:_run_scan - Market closed, skipping scan
2026-06-24 13:46:59 | DEBUG    | shortsqueeze.bot:_run_scan - Market closed, skipping scan
2026-06-24 13:51:59 | DEBUG    | shortsqueeze.bot:_run_scan - Market closed, skipping scan
2026-06-24 13:56:59 | DEBUG    | shortsqueeze.bot:_run_scan - Market closed, skipping scan
2026-06-24 14:01:59 | DEBUG    | shortsqueeze.bot:_run_scan - Market closed, skipping scan
2026-06-24 14:06:59 | DEBUG    | shortsqueeze.bot:_run_scan - Market closed, skipping scan
2026-06-24 14:11:59 | DEBUG    | shortsqueeze.bot:_run_scan - Market closed, skipping scan
2026-06-24 14:16:59 | DEBUG    | shortsqueeze.bot:_run_scan - Market closed, skipping scan
2026-06-24 14:21:59 | DEBUG    | shortsqueeze.bot:_run_scan - Market closed, skipping scan
2026-06-24 14:26:59 | DEBUG    | shortsqueeze.bot:_run_scan - Market closed, skipping scan
2026-06-24 14:31:59 | DEBUG    | shortsqueeze.bot:_run_scan - Market closed, skipping scan
2026-06-24 14:36:59 | DEBUG    | shortsqueeze.bot:_run_scan - Market closed, skipping scan
2026-06-24 14:41:59 | DEBUG    | shortsqueeze.bot:_run_scan - Market closed, skipping scan
2026-06-24 14:46:59 | DEBUG    | shortsqueeze.bot:_run_scan - Market closed, skipping scan
2026-06-24 14:51:59 | DEBUG    | shortsqueeze.bot:_run_scan - Market closed, skipping scan
2026-06-24 14:56:59 | DEBUG    | shortsqueeze.bot:_run_scan - Market closed, skipping scan
2026-06-24 15:01:59 | DEBUG    | shortsqueeze.bot:_run_scan - Market closed, skipping scan
2026-06-24 15:06:59 | DEBUG    | shortsqueeze.bot:_run_scan - Market closed, skipping scan
2026-06-24 15:11:59 | DEBUG    | shortsqueeze.bot:_run_scan - Market closed, skipping scan
2026-06-24 15:16:59 | DEBUG    | shortsqueeze.bot:_run_scan - Market closed, skipping scan
2026-06-24 15:21:59 | DEBUG    | shortsqueeze.bot:_run_scan - Market closed, skipping scan
2026-06-24 15:26:59 | DEBUG    | shortsqueeze.bot:_run_scan - Market closed, skipping scan
2026-06-24 15:31:59 | DEBUG    | shortsqueeze.bot:_run_scan - Market closed, skipping scan
2026-06-24 15:36:59 | DEBUG    | shortsqueeze.bot:_run_scan - Market closed, skipping scan
2026-06-24 15:41:59 | DEBUG    | shortsqueeze.bot:_run_scan - Market closed, skipping scan
2026-06-24 15:46:59 | DEBUG    | shortsqueeze.bot:_run_scan - Market closed, skipping scan
2026-06-24 15:51:59 | DEBUG    | shortsqueeze.bot:_run_scan - Market closed, skipping scan
2026-06-24 15:56:59 | DEBUG    | shortsqueeze.bot:_run_scan - Market closed, skipping scan
2026-06-24 16:01:59 | DEBUG    | shortsqueeze.bot:_run_scan - Market closed, skipping scan
2026-06-24 16:06:59 | DEBUG    | shortsqueeze.bot:_run_scan - Market closed, skipping scan
2026-06-24 16:11:59 | DEBUG    | shortsqueeze.bot:_run_scan - Market closed, skipping scan
2026-06-24 16:16:59 | DEBUG    | shortsqueeze.bot:_run_scan - Market closed, skipping scan
2026-06-24 16:21:59 | DEBUG    | shortsqueeze.bot:_run_scan - Market closed, skipping scan
2026-06-24 16:26:59 | DEBUG    | shortsqueeze.bot:_run_scan - Market closed, skipping scan
2026-06-24 16:31:59 | DEBUG    | shortsqueeze.bot:_run_scan - Market closed, skipping scan
2026-06-24 16:36:59 | DEBUG    | shortsqueeze.bot:_run_scan - Market closed, skipping scan
2026-06-24 16:41:59 | DEBUG    | shortsqueeze.bot:_run_scan - Market closed, skipping scan
2026-06-24 16:46:59 | DEBUG    | shortsqueeze.bot:_run_scan - Market closed, skipping scan
2026-06-24 16:51:59 | DEBUG    | shortsqueeze.bot:_run_scan - Market closed, skipping scan
2026-06-24 16:56:59 | DEBUG    | shortsqueeze.bot:_run_scan - Market closed, skipping scan
2026-06-24 17:01:59 | DEBUG    | shortsqueeze.bot:_run_scan - Market closed, skipping scan
2026-06-24 17:06:59 | DEBUG    | shortsqueeze.bot:_run_scan - Market closed, skipping scan
2026-06-24 17:11:59 | DEBUG    | shortsqueeze.bot:_run_scan - Market closed, skipping scan
2026-06-24 17:16:59 | DEBUG    | shortsqueeze.bot:_run_scan - Market closed, skipping scan
2026-06-24 17:21:59 | DEBUG    | shortsqueeze.bot:_run_scan - Market closed, skipping scan
2026-06-24 17:26:59 | DEBUG    | shortsqueeze.bot:_run_scan - Market closed, skipping scan
2026-06-24 17:31:59 | DEBUG    | shortsqueeze.bot:_run_scan - Market closed, skipping scan
2026-06-24 17:36:59 | DEBUG    | shortsqueeze.bot:_run_scan - Market closed, skipping scan
2026-06-24 17:41:59 | DEBUG    | shortsqueeze.bot:_run_scan - Market closed, skipping scan
2026-06-24 17:46:59 | DEBUG    | shortsqueeze.bot:_run_scan - Market closed, skipping scan
2026-06-24 17:51:59 | DEBUG    | shortsqueeze.bot:_run_scan - Market closed, skipping scan
2026-06-24 17:56:59 | DEBUG    | shortsqueeze.bot:_run_scan - Market closed, skipping scan
2026-06-24 18:01:59 | DEBUG    | shortsqueeze.bot:_run_scan - Market closed, skipping scan
2026-06-24 18:06:59 | DEBUG    | shortsqueeze.bot:_run_scan - Market closed, skipping scan
2026-06-24 18:11:59 | DEBUG    | shortsqueeze.bot:_run_scan - Market closed, skipping scan
2026-06-24 18:16:59 | DEBUG    | shortsqueeze.bot:_run_scan - Market closed, skipping scan
2026-06-24 18:21:59 | DEBUG    | shortsqueeze.bot:_run_scan - Market closed, skipping scan
2026-06-24 18:26:59 | DEBUG    | shortsqueeze.bot:_run_scan - Market closed, skipping scan
2026-06-24 18:31:59 | DEBUG    | shortsqueeze.bot:_run_scan - Market closed, skipping scan
2026-06-24 18:36:59 | DEBUG    | shortsqueeze.bot:_run_scan - Market closed, skipping scan
2026-06-24 18:41:59 | DEBUG    | shortsqueeze.bot:_run_scan - Market closed, skipping scan
2026-06-24 18:46:59 | DEBUG    | shortsqueeze.bot:_run_scan - Market closed, skipping scan
2026-06-24 18:51:59 | DEBUG    | shortsqueeze.bot:_run_scan - Market closed, skipping scan
2026-06-24 18:56:59 | DEBUG    | shortsqueeze.bot:_run_scan - Market closed, skipping scan
2026-06-24 19:01:59 | DEBUG    | shortsqueeze.bot:_run_scan - Market closed, skipping scan
2026-06-24 19:06:59 | DEBUG    | shortsqueeze.bot:_run_scan - Market closed, skipping scan
2026-06-24 19:11:59 | DEBUG    | shortsqueeze.bot:_run_scan - Market closed, skipping scan
2026-06-24 19:16:59 | DEBUG    | shortsqueeze.bot:_run_scan - Market closed, skipping scan
2026-06-24 19:21:59 | DEBUG    | shortsqueeze.bot:_run_scan - Market closed, skipping scan
2026-06-24 19:26:59 | DEBUG    | shortsqueeze.bot:_run_scan - Market closed, skipping scan
2026-06-24 19:31:59 | DEBUG    | shortsqueeze.bot:_run_scan - Market closed, skipping scan
2026-06-24 19:36:59 | DEBUG    | shortsqueeze.bot:_run_scan - Market closed, skipping scan
2026-06-24 19:41:59 | DEBUG    | shortsqueeze.bot:_run_scan - Market closed, skipping scan
2026-06-24 19:46:59 | DEBUG    | shortsqueeze.bot:_run_scan - Market closed, skipping scan
2026-06-24 19:51:59 | DEBUG    | shortsqueeze.bot:_run_scan - Market closed, skipping scan
2026-06-24 19:56:59 | DEBUG    | shortsqueeze.bot:_run_scan - Market closed, skipping scan
2026-06-24 20:01:59 | DEBUG    | shortsqueeze.bot:_run_scan - Market closed, skipping scan
2026-06-24 20:06:59 | DEBUG    | shortsqueeze.bot:_run_scan - Market closed, skipping scan
2026-06-24 20:11:59 | DEBUG    | shortsqueeze.bot:_run_scan - Market closed, skipping scan
2026-06-24 20:16:59 | DEBUG    | shortsqueeze.bot:_run_scan - Market closed, skipping scan
2026-06-24 20:21:59 | DEBUG    | shortsqueeze.bot:_run_scan - Market closed, skipping scan
2026-06-24 20:26:59 | DEBUG    | shortsqueeze.bot:_run_scan - Market closed, skipping scan
2026-06-24 20:31:59 | DEBUG    | shortsqueeze.bot:_run_scan - Market closed, skipping scan
2026-06-24 20:36:59 | DEBUG    | shortsqueeze.bot:_run_scan - Market closed, skipping scan
2026-06-24 20:41:59 | DEBUG    | shortsqueeze.bot:_run_scan - Market closed, skipping scan
2026-06-24 20:46:59 | DEBUG    | shortsqueeze.bot:_run_scan - Market closed, skipping scan
2026-06-24 20:51:59 | DEBUG    | shortsqueeze.bot:_run_scan - Market closed, skipping scan
2026-06-24 20:56:59 | DEBUG    | shortsqueeze.bot:_run_scan - Market closed, skipping scan
2026-06-24 21:01:59 | DEBUG    | shortsqueeze.bot:_run_scan - Market closed, skipping scan
2026-06-24 21:06:59 | DEBUG    | shortsqueeze.bot:_run_scan - Market closed, skipping scan
2026-06-24 21:11:59 | DEBUG    | shortsqueeze.bot:_run_scan - Market closed, skipping scan
2026-06-24 21:16:59 | DEBUG    | shortsqueeze.bot:_run_scan - Market closed, skipping scan
2026-06-24 21:21:59 | DEBUG    | shortsqueeze.bot:_run_scan - Market closed, skipping scan
2026-06-24 21:26:59 | DEBUG    | shortsqueeze.bot:_run_scan - Market closed, skipping scan
2026-06-24 21:31:59 | DEBUG    | shortsqueeze.bot:_run_scan - Market closed, skipping scan
2026-06-24 21:36:59 | DEBUG    | shortsqueeze.bot:_run_scan - Market closed, skipping scan
2026-06-24 21:41:59 | DEBUG    | shortsqueeze.bot:_run_scan - Market closed, skipping scan
2026-06-24 21:46:59 | DEBUG    | shortsqueeze.bot:_run_scan - Market closed, skipping scan
2026-06-24 21:51:59 | DEBUG    | shortsqueeze.bot:_run_scan - Market closed, skipping scan
2026-06-24 21:56:59 | DEBUG    | shortsqueeze.bot:_run_scan - Market closed, skipping scan
2026-06-24 22:01:59 | DEBUG    | shortsqueeze.bot:_run_scan - Market closed, skipping scan
2026-06-24 22:06:59 | DEBUG    | shortsqueeze.bot:_run_scan - Market closed, skipping scan
2026-06-24 22:11:59 | DEBUG    | shortsqueeze.bot:_run_scan - Market closed, skipping scan
2026-06-24 22:16:59 | DEBUG    | shortsqueeze.bot:_run_scan - Market closed, skipping scan
2026-06-24 22:21:59 | DEBUG    | shortsqueeze.bot:_run_scan - Market closed, skipping scan
2026-06-24 22:26:59 | DEBUG    | shortsqueeze.bot:_run_scan - Market closed, skipping scan
2026-06-24 22:31:59 | DEBUG    | shortsqueeze.bot:_run_scan - Market closed, skipping scan
2026-06-24 22:36:59 | DEBUG    | shortsqueeze.bot:_run_scan - Market closed, skipping scan
2026-06-24 22:41:59 | DEBUG    | shortsqueeze.bot:_run_scan - Market closed, skipping scan
2026-06-24 22:46:59 | DEBUG    | shortsqueeze.bot:_run_scan - Market closed, skipping scan
2026-06-24 22:51:59 | DEBUG    | shortsqueeze.bot:_run_scan - Market closed, skipping scan
2026-06-24 22:56:59 | DEBUG    | shortsqueeze.bot:_run_scan - Market closed, skipping scan
2026-06-24 23:01:59 | DEBUG    | shortsqueeze.bot:_run_scan - Market closed, skipping scan
2026-06-24 23:06:59 | DEBUG    | shortsqueeze.bot:_run_scan - Market closed, skipping scan
2026-06-24 23:11:59 | DEBUG    | shortsqueeze.bot:_run_scan - Market closed, skipping scan
2026-06-24 23:16:59 | DEBUG    | shortsqueeze.bot:_run_scan - Market closed, skipping scan
2026-06-24 23:21:59 | DEBUG    | shortsqueeze.bot:_run_scan - Market closed, skipping scan
2026-06-24 23:26:59 | DEBUG    | shortsqueeze.bot:_run_scan - Market closed, skipping scan
2026-06-24 23:31:59 | DEBUG    | shortsqueeze.bot:_run_scan - Market closed, skipping scan
2026-06-24 23:36:59 | DEBUG    | shortsqueeze.bot:_run_scan - Market closed, skipping scan
2026-06-24 23:41:59 | DEBUG    | shortsqueeze.bot:_run_scan - Market closed, skipping scan
2026-06-24 23:46:59 | DEBUG    | shortsqueeze.bot:_run_scan - Market closed, skipping scan
2026-06-24 23:51:59 | DEBUG    | shortsqueeze.bot:_run_scan - Market closed, skipping scan
2026-06-24 23:56:59 | DEBUG    | shortsqueeze.bot:_run_scan - Market closed, skipping scan
2026-06-25 00:01:59 | DEBUG    | shortsqueeze.bot:_run_scan - Market closed, skipping scan
2026-06-25 00:06:59 | DEBUG    | shortsqueeze.bot:_run_scan - Market closed, skipping scan
2026-06-25 00:11:59 | DEBUG    | shortsqueeze.bot:_run_scan - Market closed, skipping scan
2026-06-25 00:16:59 | DEBUG    | shortsqueeze.bot:_run_scan - Market closed, skipping scan
2026-06-25 00:21:59 | DEBUG    | shortsqueeze.bot:_run_scan - Market closed, skipping scan
2026-06-25 00:26:59 | DEBUG    | shortsqueeze.bot:_run_scan - Market closed, skipping scan
2026-06-25 00:31:59 | DEBUG    | shortsqueeze.bot:_run_scan - Market closed, skipping scan
2026-06-25 00:36:59 | DEBUG    | shortsqueeze.bot:_run_scan - Market closed, skipping scan
2026-06-25 00:41:59 | DEBUG    | shortsqueeze.bot:_run_scan - Market closed, skipping scan
2026-06-25 00:46:59 | DEBUG    | shortsqueeze.bot:_run_scan - Market closed, skipping scan
2026-06-25 00:51:59 | DEBUG    | shortsqueeze.bot:_run_scan - Market closed, skipping scan
2026-06-25 00:56:59 | DEBUG    | shortsqueeze.bot:_run_scan - Market closed, skipping scan
2026-06-25 01:01:59 | DEBUG    | shortsqueeze.bot:_run_scan - Market closed, skipping scan
2026-06-25 01:06:59 | DEBUG    | shortsqueeze.bot:_run_scan - Market closed, skipping scan
2026-06-25 01:11:59 | DEBUG    | shortsqueeze.bot:_run_scan - Market closed, skipping scan
2026-06-25 01:16:59 | DEBUG    | shortsqueeze.bot:_run_scan - Market closed, skipping scan
2026-06-25 01:21:59 | DEBUG    | shortsqueeze.bot:_run_scan - Market closed, skipping scan
2026-06-25 01:26:59 | DEBUG    | shortsqueeze.bot:_run_scan - Market closed, skipping scan
2026-06-25 01:31:59 | DEBUG    | shortsqueeze.bot:_run_scan - Market closed, skipping scan
2026-06-25 01:36:59 | DEBUG    | shortsqueeze.bot:_run_scan - Market closed, skipping scan
2026-06-25 01:41:59 | DEBUG    | shortsqueeze.bot:_run_scan - Market closed, skipping scan
2026-06-25 01:46:59 | DEBUG    | shortsqueeze.bot:_run_scan - Market closed, skipping scan
2026-06-25 01:51:59 | DEBUG    | shortsqueeze.bot:_run_scan - Market closed, skipping scan
2026-06-25 01:56:59 | DEBUG    | shortsqueeze.bot:_run_scan - Market closed, skipping scan
2026-06-25 02:01:59 | DEBUG    | shortsqueeze.bot:_run_scan - Market closed, skipping scan
2026-06-25 02:06:59 | DEBUG    | shortsqueeze.bot:_run_scan - Market closed, skipping scan
2026-06-25 02:11:59 | DEBUG    | shortsqueeze.bot:_run_scan - Market closed, skipping scan
2026-06-25 02:16:59 | DEBUG    | shortsqueeze.bot:_run_scan - Market closed, skipping scan
2026-06-25 02:21:59 | DEBUG    | shortsqueeze.bot:_run_scan - Market closed, skipping scan
2026-06-25 02:26:59 | DEBUG    | shortsqueeze.bot:_run_scan - Market closed, skipping scan
2026-06-25 02:31:59 | DEBUG    | shortsqueeze.bot:_run_scan - Market closed, skipping scan
2026-06-25 02:36:59 | DEBUG    | shortsqueeze.bot:_run_scan - Market closed, skipping scan
2026-06-25 02:41:59 | DEBUG    | shortsqueeze.bot:_run_scan - Market closed, skipping scan
2026-06-25 02:46:59 | DEBUG    | shortsqueeze.bot:_run_scan - Market closed, skipping scan
2026-06-25 02:51:59 | DEBUG    | shortsqueeze.bot:_run_scan - Market closed, skipping scan
2026-06-25 02:56:59 | DEBUG    | shortsqueeze.bot:_run_scan - Market closed, skipping scan
2026-06-25 03:00:00 | INFO     | shortsqueeze.bot:_refresh_watchlist - Refreshing watchlist...
2026-06-25 03:00:00 | INFO     | shortsqueeze.universe:refresh_watchlist - Refreshing watchlists from data sources...
2026-06-25 03:00:00 | INFO     | shortsqueeze.data:get_squeeze_candidates - Fetching from finvizfinance package...
2026-06-25 03:00:00 | INFO     | shortsqueeze.data:get_high_short_interest_stocks - Fetching high short interest stocks via finvizfinance...
2026-06-25 03:00:03 | INFO     | shortsqueeze.data:get_high_short_interest_stocks - finvizfinance found 60 high short interest stocks
2026-06-25 03:00:03 | INFO     | shortsqueeze.data:get_squeeze_candidates - finvizfinance found 60 candidates
2026-06-25 03:00:03 | INFO     | shortsqueeze.data:get_squeeze_candidates - Fetching from manual Finviz scraper...
2026-06-25 03:00:03 | INFO     | shortsqueeze.data:get_high_short_interest_stocks - Scraping Finviz for high short interest stocks...
2026-06-25 03:00:04 | DEBUG    | shortsqueeze.data:get_high_short_interest_stocks - Fetched page 1, status: 200
2026-06-25 03:00:04 | DEBUG    | shortsqueeze.data:get_high_short_interest_stocks - Found table with selector: {'class': 'screener_table'}
2026-06-25 03:00:04 | DEBUG    | shortsqueeze.data:get_high_short_interest_stocks - Page 1: Found 1 stocks
2026-06-25 03:00:05 | DEBUG    | shortsqueeze.data:get_high_short_interest_stocks - Fetched page 2, status: 200
2026-06-25 03:00:05 | DEBUG    | shortsqueeze.data:get_high_short_interest_stocks - Found table with selector: {'class': 'screener_table'}
2026-06-25 03:00:05 | DEBUG    | shortsqueeze.data:get_high_short_interest_stocks - Page 2: Found 0 stocks
2026-06-25 03:00:05 | INFO     | shortsqueeze.data:get_high_short_interest_stocks - Found 1 stocks from Finviz with short float > 20%
2026-06-25 03:00:05 | INFO     | shortsqueeze.data:get_squeeze_candidates - Manual Finviz scraper found 1 candidates
2026-06-25 03:00:05 | INFO     | shortsqueeze.data:get_squeeze_candidates - Fetching from highshortinterest.com...
2026-06-25 03:00:05 | INFO     | shortsqueeze.data:get_high_short_interest_stocks - Scraping highshortinterest.com for high short interest stocks...
2026-06-25 03:00:06 | INFO     | shortsqueeze.data:get_high_short_interest_stocks - highshortinterest.com found 100 stocks
2026-06-25 03:00:06 | INFO     | shortsqueeze.data:get_squeeze_candidates - highshortinterest.com found 100 candidates
2026-06-25 03:00:06 | INFO     | shortsqueeze.data:get_squeeze_candidates - Fetching SEC Fail-to-Deliver data...
2026-06-25 03:00:06 | INFO     | shortsqueeze.data:get_high_ftd_stocks - Fetching SEC Fail-to-Deliver data...
2026-06-25 03:00:06 | DEBUG    | shortsqueeze.data:_download_latest_ftd - Trying SEC FTD file: cnsfails202606b.zip
2026-06-25 03:00:06 | DEBUG    | shortsqueeze.data:_download_latest_ftd - Trying SEC FTD file: cnsfails202606a.zip
2026-06-25 03:00:07 | DEBUG    | shortsqueeze.data:_download_latest_ftd - Trying SEC FTD file: cnsfails202605b.zip
2026-06-25 03:00:08 | INFO     | shortsqueeze.data:_download_latest_ftd - Downloaded SEC FTD file: cnsfails202605b.zip
2026-06-25 03:00:08 | INFO     | shortsqueeze.data:_parse_ftd_zip - Parsed 4511 FTD records from cnsfails202605b.txt
2026-06-25 03:00:08 | INFO     | shortsqueeze.data:get_high_ftd_stocks - SEC FTD data: 593 stocks with significant fail-to-deliver counts
2026-06-25 03:00:08 | INFO     | shortsqueeze.data:get_squeeze_candidates - SEC FTD data found 593 stocks with high fail-to-deliver counts
2026-06-25 03:00:08 | INFO     | shortsqueeze.data:get_squeeze_candidates - Combined 661 unique candidates from 4/4 sources
2026-06-25 03:00:32 | DEBUG    | shortsqueeze.data:_verify_one - ABR: No short float data from Yahoo or Finviz, dropping (unverified)
2026-06-25 03:00:33 | DEBUG    | shortsqueeze.data:_verify_one - CNXC: No short float data from Yahoo or Finviz, dropping (unverified)
2026-06-25 03:00:33 | DEBUG    | shortsqueeze.data:_verify_one - CRMD: No short float data from Yahoo or Finviz, dropping (unverified)
2026-06-25 03:00:34 | DEBUG    | shortsqueeze.data:_verify_one - GLUE: No short float data from Yahoo or Finviz, dropping (unverified)
2026-06-25 03:00:35 | DEBUG    | shortsqueeze.data:_verify_one - MRLN: No short float data from Yahoo or Finviz, dropping (unverified)
2026-06-25 03:00:36 | DEBUG    | shortsqueeze.data:_verify_one - NVRI: No short float data from Yahoo or Finviz, dropping (unverified)
2026-06-25 03:00:37 | DEBUG    | shortsqueeze.data:_verify_one - PGY: No short float data from Yahoo or Finviz, dropping (unverified)
2026-06-25 03:00:37 | DEBUG    | shortsqueeze.data:_verify_one - POET: No short float data from Yahoo or Finviz, dropping (unverified)
2026-06-25 03:00:38 | DEBUG    | shortsqueeze.data:_verify_one - SNDX: No short float data from Yahoo or Finviz, dropping (unverified)
2026-06-25 03:00:38 | DEBUG    | shortsqueeze.data:_verify_one - SVRA: No short float data from Yahoo or Finviz, dropping (unverified)
2026-06-25 03:00:39 | DEBUG    | shortsqueeze.data:_verify_one - VELO: No short float data from Yahoo or Finviz, dropping (unverified)
2026-06-25 03:00:44 | DEBUG    | shortsqueeze.data:_verify_one - IONZ: No short float data from Yahoo or Finviz, dropping (unverified)
2026-06-25 03:00:45 | DEBUG    | shortsqueeze.data:_verify_one - BMNU: No short float data from Yahoo or Finviz, dropping (unverified)
2026-06-25 03:00:45 | DEBUG    | shortsqueeze.data:_verify_one - CBGL: No short float data from Yahoo or Finviz, dropping (unverified)
2026-06-25 03:00:45 | DEBUG    | shortsqueeze.data:_verify_one - RWAX: No short float data from Yahoo or Finviz, dropping (unverified)
2026-06-25 03:00:45 | DEBUG    | shortsqueeze.data:_verify_one - ONCO: No short float data from Yahoo or Finviz, dropping (unverified)
2026-06-25 03:00:45 | DEBUG    | shortsqueeze.data:_verify_one - CYDY: No short float data from Yahoo or Finviz, dropping (unverified)
2026-06-25 03:00:46 | DEBUG    | shortsqueeze.data:_verify_one - MSTU: No short float data from Yahoo or Finviz, dropping (unverified)
2026-06-25 03:00:46 | DEBUG    | shortsqueeze.data:_verify_one - RGTZ: No short float data from Yahoo or Finviz, dropping (unverified)
2026-06-25 03:00:46 | DEBUG    | shortsqueeze.data:_verify_one - SRXH: No short float data from Yahoo or Finviz, dropping (unverified)
2026-06-25 03:00:46 | DEBUG    | shortsqueeze.data:_verify_one - SNAP: No short float data from Yahoo or Finviz, dropping (unverified)
2026-06-25 03:00:46 | DEBUG    | shortsqueeze.data:_verify_one - UMAV: No short float data from Yahoo or Finviz, dropping (unverified)
2026-06-25 03:00:46 | DEBUG    | shortsqueeze.data:_verify_one - LQD: No short float data from Yahoo or Finviz, dropping (unverified)
2026-06-25 03:00:46 | DEBUG    | shortsqueeze.data:_verify_one - FOLGF: No short float data from Yahoo or Finviz, dropping (unverified)
2026-06-25 03:00:47 | DEBUG    | shortsqueeze.data:_verify_one - NOWL: No short float data from Yahoo or Finviz, dropping (unverified)
2026-06-25 03:00:47 | DEBUG    | shortsqueeze.data:_verify_one - QTEX: No short float data from Yahoo or Finviz, dropping (unverified)
2026-06-25 03:00:47 | DEBUG    | shortsqueeze.data:_verify_one - RKLZ: No short float data from Yahoo or Finviz, dropping (unverified)
2026-06-25 03:00:47 | DEBUG    | shortsqueeze.data:_verify_one - MSTZ: No short float data from Yahoo or Finviz, dropping (unverified)
2026-06-25 03:00:48 | DEBUG    | shortsqueeze.data:_verify_one - WIT: No short float data from Yahoo or Finviz, dropping (unverified)
2026-06-25 03:00:48 | DEBUG    | shortsqueeze.data:_verify_one - NVDX: No short float data from Yahoo or Finviz, dropping (unverified)
2026-06-25 03:00:48 | DEBUG    | shortsqueeze.data:_verify_one - SLNH: No short float data from Yahoo or Finviz, dropping (unverified)
2026-06-25 03:00:48 | DEBUG    | shortsqueeze.data:_verify_one - HCWB: No short float data from Yahoo or Finviz, dropping (unverified)
2026-06-25 03:00:48 | DEBUG    | shortsqueeze.data:_verify_one - CONL: No short float data from Yahoo or Finviz, dropping (unverified)
2026-06-25 03:00:48 | DEBUG    | shortsqueeze.data:_verify_one - OHACU: No short float data from Yahoo or Finviz, dropping (unverified)
2026-06-25 03:00:49 | DEBUG    | shortsqueeze.data:_verify_one - OKLL: No short float data from Yahoo or Finviz, dropping (unverified)
2026-06-25 03:00:49 | DEBUG    | shortsqueeze.data:_verify_one - CXAI: No short float data from Yahoo or Finviz, dropping (unverified)
2026-06-25 03:00:49 | DEBUG    | shortsqueeze.data:_verify_one - PSRHF: No short float data from Yahoo or Finviz, dropping (unverified)
2026-06-25 03:00:49 | DEBUG    | shortsqueeze.data:_verify_one - VRAX: No short float data from Yahoo or Finviz, dropping (unverified)
2026-06-25 03:00:49 | DEBUG    | shortsqueeze.data:_verify_one - QUCY: No short float data from Yahoo or Finviz, dropping (unverified)
2026-06-25 03:00:49 | DEBUG    | shortsqueeze.data:_verify_one - TZA: No short float data from Yahoo or Finviz, dropping (unverified)
2026-06-25 03:00:49 | DEBUG    | shortsqueeze.data:_verify_one - DAMD: No short float data from Yahoo or Finviz, dropping (unverified)
2026-06-25 03:00:49 | DEBUG    | shortsqueeze.data:_verify_one - ADTX: No short float data from Yahoo or Finviz, dropping (unverified)
2026-06-25 03:00:50 | DEBUG    | shortsqueeze.data:_verify_one - CREG: No short float data from Yahoo or Finviz, dropping (unverified)
2026-06-25 03:00:50 | DEBUG    | shortsqueeze.data:_verify_one - BLND: No short float data from Yahoo or Finviz, dropping (unverified)
2026-06-25 03:00:50 | DEBUG    | shortsqueeze.data:_verify_one - VWO: No short float data from Yahoo or Finviz, dropping (unverified)
2026-06-25 03:00:50 | DEBUG    | shortsqueeze.data:_verify_one - IWM: No short float data from Yahoo or Finviz, dropping (unverified)
2026-06-25 03:00:50 | DEBUG    | shortsqueeze.data:_verify_one - ASTN: No short float data from Yahoo or Finviz, dropping (unverified)
2026-06-25 03:00:50 | DEBUG    | shortsqueeze.data:_verify_one - DVLT: No short float data from Yahoo or Finviz, dropping (unverified)
2026-06-25 03:00:51 | DEBUG    | shortsqueeze.data:_verify_one - CHKMF: No short float data from Yahoo or Finviz, dropping (unverified)
2026-06-25 03:00:51 | DEBUG    | shortsqueeze.data:_verify_one - IRE: No short float data from Yahoo or Finviz, dropping (unverified)
2026-06-25 03:00:51 | DEBUG    | shortsqueeze.data:_verify_one - NXXT: No short float data from Yahoo or Finviz, dropping (unverified)
2026-06-25 03:00:51 | DEBUG    | shortsqueeze.data:_verify_one - INFY: No short float data from Yahoo or Finviz, dropping (unverified)
2026-06-25 03:00:51 | DEBUG    | shortsqueeze.data:_verify_one - YMAT: No short float data from Yahoo or Finviz, dropping (unverified)
2026-06-25 03:00:51 | DEBUG    | shortsqueeze.data:_verify_one - OTLK: No short float data from Yahoo or Finviz, dropping (unverified)
2026-06-25 03:00:52 | DEBUG    | shortsqueeze.data:_verify_one - STEK: No short float data from Yahoo or Finviz, dropping (unverified)
2026-06-25 03:00:52 | DEBUG    | shortsqueeze.data:_verify_one - MEHA: No short float data from Yahoo or Finviz, dropping (unverified)
2026-06-25 03:00:52 | DEBUG    | shortsqueeze.data:_verify_one - LIMN: No short float data from Yahoo or Finviz, dropping (unverified)
2026-06-25 03:00:52 | DEBUG    | shortsqueeze.data:_verify_one - CIFR: No short float data from Yahoo or Finviz, dropping (unverified)
2026-06-25 03:00:52 | DEBUG    | shortsqueeze.data:_verify_one - LAES: No short float data from Yahoo or Finviz, dropping (unverified)
2026-06-25 03:00:52 | DEBUG    | shortsqueeze.data:_verify_one - KRE: No short float data from Yahoo or Finviz, dropping (unverified)
2026-06-25 03:00:52 | DEBUG    | shortsqueeze.data:_verify_one - ZONE: No short float data from Yahoo or Finviz, dropping (unverified)
2026-06-25 03:00:53 | DEBUG    | shortsqueeze.data:_verify_one - PTKN: No short float data from Yahoo or Finviz, dropping (unverified)
2026-06-25 03:00:53 | DEBUG    | shortsqueeze.data:_verify_one - PMI: No short float data from Yahoo or Finviz, dropping (unverified)
2026-06-25 03:00:53 | DEBUG    | shortsqueeze.data:_verify_one - RGTX: No short float data from Yahoo or Finviz, dropping (unverified)
2026-06-25 03:00:53 | DEBUG    | shortsqueeze.data:_verify_one - AMST: No short float data from Yahoo or Finviz, dropping (unverified)
2026-06-25 03:00:53 | DEBUG    | shortsqueeze.data:_verify_one - AMC: No short float data from Yahoo or Finviz, dropping (unverified)
2026-06-25 03:00:53 | DEBUG    | shortsqueeze.data:_verify_one - RUBI: No short float data from Yahoo or Finviz, dropping (unverified)
2026-06-25 03:00:53 | DEBUG    | shortsqueeze.data:_verify_one - RZLV: No short float data from Yahoo or Finviz, dropping (unverified)
2026-06-25 03:00:53 | DEBUG    | shortsqueeze.data:_verify_one - AUR: No short float data from Yahoo or Finviz, dropping (unverified)
2026-06-25 03:00:54 | DEBUG    | shortsqueeze.data:_verify_one - GMM: No short float data from Yahoo or Finviz, dropping (unverified)
2026-06-25 03:00:54 | DEBUG    | shortsqueeze.data:_verify_one - SBFM: No short float data from Yahoo or Finviz, dropping (unverified)
2026-06-25 03:00:54 | DEBUG    | shortsqueeze.data:_verify_one - VPER: No short float data from Yahoo or Finviz, dropping (unverified)
2026-06-25 03:00:54 | DEBUG    | shortsqueeze.data:_verify_one - KBE: No short float data from Yahoo or Finviz, dropping (unverified)
2026-06-25 03:00:54 | DEBUG    | shortsqueeze.data:_verify_one - RPGL: No short float data from Yahoo or Finviz, dropping (unverified)
2026-06-25 03:00:54 | DEBUG    | shortsqueeze.data:_verify_one - JUNS: No short float data from Yahoo or Finviz, dropping (unverified)
2026-06-25 03:00:54 | DEBUG    | shortsqueeze.data:_verify_one - ALP: No short float data from Yahoo or Finviz, dropping (unverified)
2026-06-25 03:00:55 | DEBUG    | shortsqueeze.data:_verify_one - UZX: No short float data from Yahoo or Finviz, dropping (unverified)
2026-06-25 03:00:55 | DEBUG    | shortsqueeze.data:_verify_one - SPDN: No short float data from Yahoo or Finviz, dropping (unverified)
2026-06-25 03:00:55 | DEBUG    | shortsqueeze.data:_verify_one - SMCZ: No short float data from Yahoo or Finviz, dropping (unverified)
2026-06-25 03:00:55 | DEBUG    | shortsqueeze.data:_verify_one - PTACU: No short float data from Yahoo or Finviz, dropping (unverified)
2026-06-25 03:00:55 | DEBUG    | shortsqueeze.data:_verify_one - NCPL: No short float data from Yahoo or Finviz, dropping (unverified)
2026-06-25 03:00:55 | DEBUG    | shortsqueeze.data:_verify_one - EMEM: No short float data from Yahoo or Finviz, dropping (unverified)
2026-06-25 03:00:56 | DEBUG    | shortsqueeze.data:_verify_one - NVD: No short float data from Yahoo or Finviz, dropping (unverified)
2026-06-25 03:00:56 | DEBUG    | shortsqueeze.data:_verify_one - BMNZ: No short float data from Yahoo or Finviz, dropping (unverified)
2026-06-25 03:00:56 | DEBUG    | shortsqueeze.data:_verify_one - PHGE: No short float data from Yahoo or Finviz, dropping (unverified)
2026-06-25 03:00:56 | DEBUG    | shortsqueeze.data:_verify_one - CBDW: No short float data from Yahoo or Finviz, dropping (unverified)
2026-06-25 03:00:56 | DEBUG    | shortsqueeze.data:_verify_one - GOVX: No short float data from Yahoo or Finviz, dropping (unverified)
2026-06-25 03:00:56 | DEBUG    | shortsqueeze.data:_verify_one - FXI: No short float data from Yahoo or Finviz, dropping (unverified)
2026-06-25 03:00:56 | DEBUG    | shortsqueeze.data:_verify_one - LITX: No short float data from Yahoo or Finviz, dropping (unverified)
2026-06-25 03:00:56 | DEBUG    | shortsqueeze.data:_verify_one - CGC: No short float data from Yahoo or Finviz, dropping (unverified)
2026-06-25 03:00:57 | DEBUG    | shortsqueeze.data:_verify_one - XRT: No short float data from Yahoo or Finviz, dropping (unverified)
2026-06-25 03:00:57 | DEBUG    | shortsqueeze.data:_verify_one - ELPW: No short float data from Yahoo or Finviz, dropping (unverified)
2026-06-25 03:00:57 | DEBUG    | shortsqueeze.data:_verify_one - NIO: No short float data from Yahoo or Finviz, dropping (unverified)
2026-06-25 03:00:57 | DEBUG    | shortsqueeze.data:_verify_one - XBI: No short float data from Yahoo or Finviz, dropping (unverified)
2026-06-25 03:00:57 | DEBUG    | shortsqueeze.data:_verify_one - MWC: No short float data from Yahoo or Finviz, dropping (unverified)
2026-06-25 03:00:57 | DEBUG    | shortsqueeze.data:_verify_one - WOLF: No short float data from Yahoo or Finviz, dropping (unverified)
2026-06-25 03:00:58 | DEBUG    | shortsqueeze.data:_verify_one - FMACR: No short float data from Yahoo or Finviz, dropping (unverified)
2026-06-25 03:00:58 | DEBUG    | shortsqueeze.data:_verify_one - XNDU: No short float data from Yahoo or Finviz, dropping (unverified)
2026-06-25 03:00:58 | DEBUG    | shortsqueeze.data:_verify_one - IPSC: No short float data from Yahoo or Finviz, dropping (unverified)
2026-06-25 03:00:58 | DEBUG    | shortsqueeze.data:_verify_one - IBGR: No short float data from Yahoo or Finviz, dropping (unverified)
2026-06-25 03:00:58 | DEBUG    | shortsqueeze.data:_verify_one - SNDQ: No short float data from Yahoo or Finviz, dropping (unverified)
2026-06-25 03:00:58 | DEBUG    | shortsqueeze.data:_verify_one - SMCX: No short float data from Yahoo or Finviz, dropping (unverified)
2026-06-25 03:00:59 | DEBUG    | shortsqueeze.data:_verify_one - BURU: No short float data from Yahoo or Finviz, dropping (unverified)
2026-06-25 03:00:59 | DEBUG    | shortsqueeze.data:_verify_one - EFG: No short float data from Yahoo or Finviz, dropping (unverified)
2026-06-25 03:00:59 | DEBUG    | shortsqueeze.data:_verify_one - KVUE: No short float data from Yahoo or Finviz, dropping (unverified)
2026-06-25 03:00:59 | DEBUG    | shortsqueeze.data:_verify_one - AUUD: No short float data from Yahoo or Finviz, dropping (unverified)
2026-06-25 03:00:59 | DEBUG    | shortsqueeze.data:_verify_one - SPWR: No short float data from Yahoo or Finviz, dropping (unverified)
2026-06-25 03:00:59 | DEBUG    | shortsqueeze.data:_verify_one - HYG: No short float data from Yahoo or Finviz, dropping (unverified)
2026-06-25 03:01:00 | DEBUG    | shortsqueeze.data:_verify_one - CBRG: No short float data from Yahoo or Finviz, dropping (unverified)
2026-06-25 03:01:00 | DEBUG    | shortsqueeze.data:_verify_one - KPDD: No short float data from Yahoo or Finviz, dropping (unverified)
2026-06-25 03:01:00 | DEBUG    | shortsqueeze.data:_verify_one - TLTFF: No short float data from Yahoo or Finviz, dropping (unverified)
2026-06-25 03:01:00 | DEBUG    | shortsqueeze.data:_verify_one - MSTX: No short float data from Yahoo or Finviz, dropping (unverified)
2026-06-25 03:01:00 | DEBUG    | shortsqueeze.data:_verify_one - CODX: No short float data from Yahoo or Finviz, dropping (unverified)
2026-06-25 03:01:00 | DEBUG    | shortsqueeze.data:_verify_one - BULZ: No short float data from Yahoo or Finviz, dropping (unverified)
2026-06-25 03:01:00 | DEBUG    | shortsqueeze.data:_verify_one - SOXS: No short float data from Yahoo or Finviz, dropping (unverified)
2026-06-25 03:01:01 | DEBUG    | shortsqueeze.data:_verify_one - VCIG: No short float data from Yahoo or Finviz, dropping (unverified)
2026-06-25 03:01:01 | DEBUG    | shortsqueeze.data:_verify_one - SPYU: No short float data from Yahoo or Finviz, dropping (unverified)
2026-06-25 03:01:01 | DEBUG    | shortsqueeze.data:_verify_one - ONDL: No short float data from Yahoo or Finviz, dropping (unverified)
2026-06-25 03:01:01 | DEBUG    | shortsqueeze.data:_verify_one - GDC: No short float data from Yahoo or Finviz, dropping (unverified)
2026-06-25 03:01:01 | DEBUG    | shortsqueeze.data:_verify_one - HIVE: No short float data from Yahoo or Finviz, dropping (unverified)
2026-06-25 03:01:01 | DEBUG    | shortsqueeze.data:_verify_one - MYXXR: No short float data from Yahoo or Finviz, dropping (unverified)
2026-06-25 03:01:01 | DEBUG    | shortsqueeze.data:_verify_one - EVSV: No short float data from Yahoo or Finviz, dropping (unverified)
2026-06-25 03:01:02 | DEBUG    | shortsqueeze.data:_verify_one - RGTIW: No short float data from Yahoo or Finviz, dropping (unverified)
2026-06-25 03:01:02 | DEBUG    | shortsqueeze.data:_verify_one - ULTY: No short float data from Yahoo or Finviz, dropping (unverified)
2026-06-25 03:01:02 | DEBUG    | shortsqueeze.data:_verify_one - USO: No short float data from Yahoo or Finviz, dropping (unverified)
2026-06-25 03:01:02 | DEBUG    | shortsqueeze.data:_verify_one - VIDA: No short float data from Yahoo or Finviz, dropping (unverified)
2026-06-25 03:01:02 | DEBUG    | shortsqueeze.data:_verify_one - CRCD: No short float data from Yahoo or Finviz, dropping (unverified)
2026-06-25 03:01:02 | DEBUG    | shortsqueeze.data:_verify_one - SATG: No short float data from Yahoo or Finviz, dropping (unverified)
2026-06-25 03:01:02 | DEBUG    | shortsqueeze.data:_verify_one - HUMA: No short float data from Yahoo or Finviz, dropping (unverified)
2026-06-25 03:01:03 | DEBUG    | shortsqueeze.data:_verify_one - GIPR: No short float data from Yahoo or Finviz, dropping (unverified)
2026-06-25 03:01:03 | DEBUG    | shortsqueeze.data:_verify_one - TLT: No short float data from Yahoo or Finviz, dropping (unverified)
2026-06-25 03:01:03 | DEBUG    | shortsqueeze.data:_verify_one - MTVA: No short float data from Yahoo or Finviz, dropping (unverified)
2026-06-25 03:01:03 | DEBUG    | shortsqueeze.data:_verify_one - EEM: No short float data from Yahoo or Finviz, dropping (unverified)
2026-06-25 03:01:03 | DEBUG    | shortsqueeze.data:_verify_one - RDWU: No short float data from Yahoo or Finviz, dropping (unverified)
2026-06-25 03:01:03 | DEBUG    | shortsqueeze.data:_verify_one - MYXXW: No short float data from Yahoo or Finviz, dropping (unverified)
2026-06-25 03:01:03 | DEBUG    | shortsqueeze.data:_verify_one - F: No short float data from Yahoo or Finviz, dropping (unverified)
2026-06-25 03:01:04 | DEBUG    | shortsqueeze.data:_verify_one - DRIP: No short float data from Yahoo or Finviz, dropping (unverified)
2026-06-25 03:01:04 | DEBUG    | shortsqueeze.data:_verify_one - HYZN: No short float data from Yahoo or Finviz, dropping (unverified)
2026-06-25 03:01:04 | DEBUG    | shortsqueeze.data:_verify_one - BIYA: No short float data from Yahoo or Finviz, dropping (unverified)
2026-06-25 03:01:04 | DEBUG    | shortsqueeze.data:_verify_one - NRGV: No short float data from Yahoo or Finviz, dropping (unverified)
2026-06-25 03:01:04 | DEBUG    | shortsqueeze.data:_verify_one - NUCLW: No short float data from Yahoo or Finviz, dropping (unverified)
2026-06-25 03:01:04 | DEBUG    | shortsqueeze.data:_verify_one - FTXN: No short float data from Yahoo or Finviz, dropping (unverified)
2026-06-25 03:01:04 | DEBUG    | shortsqueeze.data:_verify_one - TRNR: No short float data from Yahoo or Finviz, dropping (unverified)
2026-06-25 03:01:05 | DEBUG    | shortsqueeze.data:_verify_one - NWBO: No short float data from Yahoo or Finviz, dropping (unverified)
2026-06-25 03:01:05 | DEBUG    | shortsqueeze.data:_verify_one - RWM: No short float data from Yahoo or Finviz, dropping (unverified)
2026-06-25 03:01:05 | DEBUG    | shortsqueeze.data:_verify_one - VTEB: No short float data from Yahoo or Finviz, dropping (unverified)
2026-06-25 03:01:05 | DEBUG    | shortsqueeze.data:_verify_one - RGBP: No short float data from Yahoo or Finviz, dropping (unverified)
2026-06-25 03:01:05 | DEBUG    | shortsqueeze.data:_verify_one - ARRNF: No short float data from Yahoo or Finviz, dropping (unverified)
2026-06-25 03:01:05 | DEBUG    | shortsqueeze.data:_verify_one - JPXGY: No short float data from Yahoo or Finviz, dropping (unverified)
2026-06-25 03:01:05 | DEBUG    | shortsqueeze.data:_verify_one - CBRS: No short float data from Yahoo or Finviz, dropping (unverified)
2026-06-25 03:01:06 | DEBUG    | shortsqueeze.data:_verify_one - QBTZ: No short float data from Yahoo or Finviz, dropping (unverified)
2026-06-25 03:01:06 | DEBUG    | shortsqueeze.data:_verify_one - CCL: No short float data from Yahoo or Finviz, dropping (unverified)
2026-06-25 03:01:06 | DEBUG    | shortsqueeze.data:_verify_one - GCL: No short float data from Yahoo or Finviz, dropping (unverified)
2026-06-25 03:01:06 | DEBUG    | shortsqueeze.data:_verify_one - SOFX: No short float data from Yahoo or Finviz, dropping (unverified)
2026-06-25 03:01:07 | DEBUG    | shortsqueeze.data:_verify_one - INND: No short float data from Yahoo or Finviz, dropping (unverified)
2026-06-25 03:01:07 | DEBUG    | shortsqueeze.data:_verify_one - FFAI: No short float data from Yahoo or Finviz, dropping (unverified)
2026-06-25 03:01:07 | DEBUG    | shortsqueeze.data:_verify_one - KBLB: No short float data from Yahoo or Finviz, dropping (unverified)
2026-06-25 03:01:07 | DEBUG    | shortsqueeze.data:_verify_one - CAPS: No short float data from Yahoo or Finviz, dropping (unverified)
2026-06-25 03:01:08 | DEBUG    | shortsqueeze.data:_verify_one - SXYAY: No short float data from Yahoo or Finviz, dropping (unverified)
2026-06-25 03:01:08 | DEBUG    | shortsqueeze.data:_verify_one - DBGI: No short float data from Yahoo or Finviz, dropping (unverified)
2026-06-25 03:01:08 | DEBUG    | shortsqueeze.data:_verify_one - BNZI: No short float data from Yahoo or Finviz, dropping (unverified)
2026-06-25 03:01:08 | DEBUG    | shortsqueeze.data:_verify_one - NESR: No short float data from Yahoo or Finviz, dropping (unverified)
2026-06-25 03:01:08 | DEBUG    | shortsqueeze.data:_verify_one - ZENA: No short float data from Yahoo or Finviz, dropping (unverified)
2026-06-25 03:01:08 | DEBUG    | shortsqueeze.data:_verify_one - OKLS: No short float data from Yahoo or Finviz, dropping (unverified)
2026-06-25 03:01:08 | DEBUG    | shortsqueeze.data:_verify_one - NASA: No short float data from Yahoo or Finviz, dropping (unverified)
2026-06-25 03:01:09 | DEBUG    | shortsqueeze.data:_verify_one - NNOX: No short float data from Yahoo or Finviz, dropping (unverified)
2026-06-25 03:01:09 | DEBUG    | shortsqueeze.data:_verify_one - UWMC: No short float data from Yahoo or Finviz, dropping (unverified)
2026-06-25 03:01:09 | DEBUG    | shortsqueeze.data:_verify_one - TSLG: No short float data from Yahoo or Finviz, dropping (unverified)
2026-06-25 03:01:09 | DEBUG    | shortsqueeze.data:_verify_one - FLO: No short float data from Yahoo or Finviz, dropping (unverified)
2026-06-25 03:01:09 | DEBUG    | shortsqueeze.data:_verify_one - IONQ: No short float data from Yahoo or Finviz, dropping (unverified)
2026-06-25 03:01:09 | DEBUG    | shortsqueeze.data:_verify_one - SQQQ: No short float data from Yahoo or Finviz, dropping (unverified)
2026-06-25 03:01:09 | DEBUG    | shortsqueeze.data:_verify_one - QBTS: No short float data from Yahoo or Finviz, dropping (unverified)
2026-06-25 03:01:10 | DEBUG    | shortsqueeze.data:_verify_one - CRM: No short float data from Yahoo or Finviz, dropping (unverified)
2026-06-25 03:01:10 | DEBUG    | shortsqueeze.data:_verify_one - CRMG: No short float data from Yahoo or Finviz, dropping (unverified)
2026-06-25 03:01:10 | DEBUG    | shortsqueeze.data:_verify_one - HLN: No short float data from Yahoo or Finviz, dropping (unverified)
2026-06-25 03:01:10 | DEBUG    | shortsqueeze.data:_verify_one - EMSC: No short float data from Yahoo or Finviz, dropping (unverified)
2026-06-25 03:01:10 | DEBUG    | shortsqueeze.data:_verify_one - AXTX: No short float data from Yahoo or Finviz, dropping (unverified)
2026-06-25 03:01:10 | DEBUG    | shortsqueeze.data:_verify_one - NVDQ: No short float data from Yahoo or Finviz, dropping (unverified)
2026-06-25 03:01:10 | DEBUG    | shortsqueeze.data:_verify_one - CAIIU: No short float data from Yahoo or Finviz, dropping (unverified)
2026-06-25 03:01:11 | DEBUG    | shortsqueeze.data:_verify_one - GCTS: No short float data from Yahoo or Finviz, dropping (unverified)
2026-06-25 03:01:11 | DEBUG    | shortsqueeze.data:_verify_one - PURR: No short float data from Yahoo or Finviz, dropping (unverified)
2026-06-25 03:01:11 | DEBUG    | shortsqueeze.data:_verify_one - INM: No short float data from Yahoo or Finviz, dropping (unverified)
2026-06-25 03:01:11 | DEBUG    | shortsqueeze.data:_verify_one - VTR: No short float data from Yahoo or Finviz, dropping (unverified)
2026-06-25 03:01:11 | DEBUG    | shortsqueeze.data:_verify_one - HAGHY: No short float data from Yahoo or Finviz, dropping (unverified)
2026-06-25 03:01:11 | DEBUG    | shortsqueeze.data:_verify_one - CNBX: No short float data from Yahoo or Finviz, dropping (unverified)
2026-06-25 03:01:12 | DEBUG    | shortsqueeze.data:_verify_one - JETS: No short float data from Yahoo or Finviz, dropping (unverified)
2026-06-25 03:01:12 | DEBUG    | shortsqueeze.data:_verify_one - RKLX: No short float data from Yahoo or Finviz, dropping (unverified)
2026-06-25 03:01:12 | DEBUG    | shortsqueeze.data:_verify_one - MOBX: No short float data from Yahoo or Finviz, dropping (unverified)
2026-06-25 03:01:12 | DEBUG    | shortsqueeze.data:_verify_one - ASTS: No short float data from Yahoo or Finviz, dropping (unverified)
2026-06-25 03:01:12 | DEBUG    | shortsqueeze.data:_verify_one - DLAKY: No short float data from Yahoo or Finviz, dropping (unverified)
2026-06-25 03:01:12 | DEBUG    | shortsqueeze.data:_verify_one - QID: No short float data from Yahoo or Finviz, dropping (unverified)
2026-06-25 03:01:12 | DEBUG    | shortsqueeze.data:_verify_one - AMDD: No short float data from Yahoo or Finviz, dropping (unverified)
2026-06-25 03:01:12 | DEBUG    | shortsqueeze.data:_verify_one - PCLA: No short float data from Yahoo or Finviz, dropping (unverified)
2026-06-25 03:01:13 | DEBUG    | shortsqueeze.data:_verify_one - AAOX: No short float data from Yahoo or Finviz, dropping (unverified)
2026-06-25 03:01:13 | DEBUG    | shortsqueeze.data:_verify_one - BEKE: No short float data from Yahoo or Finviz, dropping (unverified)
2026-06-25 03:01:13 | DEBUG    | shortsqueeze.data:_verify_one - SVIX: No short float data from Yahoo or Finviz, dropping (unverified)
2026-06-25 03:01:13 | DEBUG    | shortsqueeze.data:_verify_one - SRLN: No short float data from Yahoo or Finviz, dropping (unverified)
2026-06-25 03:01:13 | DEBUG    | shortsqueeze.data:_verify_one - IREZ: No short float data from Yahoo or Finviz, dropping (unverified)
2026-06-25 03:01:14 | DEBUG    | shortsqueeze.data:_verify_one - EDBL: No short float data from Yahoo or Finviz, dropping (unverified)
2026-06-25 03:01:14 | DEBUG    | shortsqueeze.data:_verify_one - KDK: No short float data from Yahoo or Finviz, dropping (unverified)
2026-06-25 03:01:14 | DEBUG    | shortsqueeze.data:_verify_one - CABA: No short float data from Yahoo or Finviz, dropping (unverified)
2026-06-25 03:01:14 | DEBUG    | shortsqueeze.data:_verify_one - CDNS: No short float data from Yahoo or Finviz, dropping (unverified)
2026-06-25 03:01:14 | DEBUG    | shortsqueeze.data:_verify_one - RGTI: No short float data from Yahoo or Finviz, dropping (unverified)
2026-06-25 03:01:14 | DEBUG    | shortsqueeze.data:_verify_one - MLGO: No short float data from Yahoo or Finviz, dropping (unverified)
2026-06-25 03:01:14 | DEBUG    | shortsqueeze.data:_verify_one - USBC: No short float data from Yahoo or Finviz, dropping (unverified)
2026-06-25 03:01:15 | DEBUG    | shortsqueeze.data:_verify_one - OTEX: No short float data from Yahoo or Finviz, dropping (unverified)
2026-06-25 03:01:15 | DEBUG    | shortsqueeze.data:_verify_one - BTGO: No short float data from Yahoo or Finviz, dropping (unverified)
2026-06-25 03:01:15 | DEBUG    | shortsqueeze.data:_verify_one - SOPA: No short float data from Yahoo or Finviz, dropping (unverified)
2026-06-25 03:01:15 | DEBUG    | shortsqueeze.data:_verify_one - TDIC: No short float data from Yahoo or Finviz, dropping (unverified)
2026-06-25 03:01:15 | DEBUG    | shortsqueeze.data:_verify_one - CRWV: No short float data from Yahoo or Finviz, dropping (unverified)
2026-06-25 03:01:15 | DEBUG    | shortsqueeze.data:_verify_one - STLA: No short float data from Yahoo or Finviz, dropping (unverified)
2026-06-25 03:01:15 | DEBUG    | shortsqueeze.data:_verify_one - ECX: No short float data from Yahoo or Finviz, dropping (unverified)
2026-06-25 03:01:16 | DEBUG    | shortsqueeze.data:_verify_one - FXACU: No short float data from Yahoo or Finviz, dropping (unverified)
2026-06-25 03:01:16 | DEBUG    | shortsqueeze.data:_verify_one - MDLN: No short float data from Yahoo or Finviz, dropping (unverified)
2026-06-25 03:01:16 | DEBUG    | shortsqueeze.data:_verify_one - AIRDF: No short float data from Yahoo or Finviz, dropping (unverified)
2026-06-25 03:01:16 | DEBUG    | shortsqueeze.data:_verify_one - MVST: No short float data from Yahoo or Finviz, dropping (unverified)
2026-06-25 03:01:16 | DEBUG    | shortsqueeze.data:_verify_one - SMST: No short float data from Yahoo or Finviz, dropping (unverified)
2026-06-25 03:01:16 | DEBUG    | shortsqueeze.data:_verify_one - LI: No short float data from Yahoo or Finviz, dropping (unverified)
2026-06-25 03:01:17 | DEBUG    | shortsqueeze.data:_verify_one - DJTU: No short float data from Yahoo or Finviz, dropping (unverified)
2026-06-25 03:01:17 | DEBUG    | shortsqueeze.data:_verify_one - NBIG: No short float data from Yahoo or Finviz, dropping (unverified)
2026-06-25 03:01:17 | DEBUG    | shortsqueeze.data:_verify_one - LLKKF: No short float data from Yahoo or Finviz, dropping (unverified)
2026-06-25 03:01:17 | DEBUG    | shortsqueeze.data:_verify_one - GDX: No short float data from Yahoo or Finviz, dropping (unverified)
2026-06-25 03:01:17 | DEBUG    | shortsqueeze.data:_verify_one - PTON: No short float data from Yahoo or Finviz, dropping (unverified)
2026-06-25 03:01:17 | DEBUG    | shortsqueeze.data:_verify_one - JBAXY: No short float data from Yahoo or Finviz, dropping (unverified)
2026-06-25 03:01:18 | DEBUG    | shortsqueeze.data:_verify_one - SHNY: No short float data from Yahoo or Finviz, dropping (unverified)
2026-06-25 03:01:18 | DEBUG    | shortsqueeze.data:_verify_one - AMPG: No short float data from Yahoo or Finviz, dropping (unverified)
2026-06-25 03:01:18 | DEBUG    | shortsqueeze.data:_verify_one - HMY: No short float data from Yahoo or Finviz, dropping (unverified)
2026-06-25 03:01:18 | DEBUG    | shortsqueeze.data:_verify_one - ENHA: No short float data from Yahoo or Finviz, dropping (unverified)
2026-06-25 03:01:18 | DEBUG    | shortsqueeze.data:_verify_one - DXF: No short float data from Yahoo or Finviz, dropping (unverified)
2026-06-25 03:01:18 | DEBUG    | shortsqueeze.data:_verify_one - TGRGF: No short float data from Yahoo or Finviz, dropping (unverified)
2026-06-25 03:01:19 | DEBUG    | shortsqueeze.data:_verify_one - LMUB: No short float data from Yahoo or Finviz, dropping (unverified)
2026-06-25 03:01:19 | DEBUG    | shortsqueeze.data:_verify_one - MRUWY: No short float data from Yahoo or Finviz, dropping (unverified)
2026-06-25 03:01:19 | DEBUG    | shortsqueeze.data:_verify_one - KHC: No short float data from Yahoo or Finviz, dropping (unverified)
2026-06-25 03:01:19 | DEBUG    | shortsqueeze.data:_verify_one - TU: No short float data from Yahoo or Finviz, dropping (unverified)
2026-06-25 03:01:19 | DEBUG    | shortsqueeze.data:_verify_one - AMA: No short float data from Yahoo or Finviz, dropping (unverified)
2026-06-25 03:01:19 | DEBUG    | shortsqueeze.data:_verify_one - UCON: No short float data from Yahoo or Finviz, dropping (unverified)
2026-06-25 03:01:20 | DEBUG    | shortsqueeze.data:_verify_one - KSTR: No short float data from Yahoo or Finviz, dropping (unverified)
2026-06-25 03:01:20 | DEBUG    | shortsqueeze.data:_verify_one - CTLHF: No short float data from Yahoo or Finviz, dropping (unverified)
2026-06-25 03:01:20 | DEBUG    | shortsqueeze.data:_verify_one - RCAX: No short float data from Yahoo or Finviz, dropping (unverified)
2026-06-25 03:01:20 | DEBUG    | shortsqueeze.data:_verify_one - CORD: No short float data from Yahoo or Finviz, dropping (unverified)
2026-06-25 03:01:20 | DEBUG    | shortsqueeze.data:_verify_one - QSI: No short float data from Yahoo or Finviz, dropping (unverified)
2026-06-25 03:01:20 | DEBUG    | shortsqueeze.data:_verify_one - LLYX: No short float data from Yahoo or Finviz, dropping (unverified)
2026-06-25 03:01:20 | DEBUG    | shortsqueeze.data:_verify_one - CGBL: No short float data from Yahoo or Finviz, dropping (unverified)
2026-06-25 03:01:21 | DEBUG    | shortsqueeze.data:_verify_one - BTE: No short float data from Yahoo or Finviz, dropping (unverified)
2026-06-25 03:01:21 | DEBUG    | shortsqueeze.data:_verify_one - ACYN: No short float data from Yahoo or Finviz, dropping (unverified)
2026-06-25 03:01:21 | DEBUG    | shortsqueeze.data:_verify_one - EQX: No short float data from Yahoo or Finviz, dropping (unverified)
2026-06-25 03:01:21 | DEBUG    | shortsqueeze.data:_verify_one - ORIS: No short float data from Yahoo or Finviz, dropping (unverified)
2026-06-25 03:01:21 | DEBUG    | shortsqueeze.data:_verify_one - INV: No short float data from Yahoo or Finviz, dropping (unverified)
2026-06-25 03:01:21 | DEBUG    | shortsqueeze.data:_verify_one - KEEL: No short float data from Yahoo or Finviz, dropping (unverified)
2026-06-25 03:01:21 | DEBUG    | shortsqueeze.data:_verify_one - RSPN: No short float data from Yahoo or Finviz, dropping (unverified)
2026-06-25 03:01:21 | DEBUG    | shortsqueeze.data:_verify_one - BSCV: No short float data from Yahoo or Finviz, dropping (unverified)
2026-06-25 03:01:28 | DEBUG    | shortsqueeze.data:_verify_one - FSM: No short float data from Yahoo or Finviz, dropping (unverified)
2026-06-25 03:01:29 | DEBUG    | shortsqueeze.data:get_stock_info - Error fetching stock info for TYGRT: HTTP Error 404: 
2026-06-25 03:01:29 | DEBUG    | shortsqueeze.data:_verify_one - TYGRT: No short float data from Yahoo or Finviz, dropping (unverified)
2026-06-25 03:01:29 | DEBUG    | shortsqueeze.data:_verify_one - YMAX: No short float data from Yahoo or Finviz, dropping (unverified)
2026-06-25 03:01:29 | DEBUG    | shortsqueeze.data:_verify_one - USAR: No short float data from Yahoo or Finviz, dropping (unverified)
2026-06-25 03:01:29 | DEBUG    | shortsqueeze.data:_verify_one - PGEZF: No short float data from Yahoo or Finviz, dropping (unverified)
2026-06-25 03:01:29 | DEBUG    | shortsqueeze.data:_verify_one - IONX: No short float data from Yahoo or Finviz, dropping (unverified)
2026-06-25 03:01:29 | DEBUG    | shortsqueeze.data:_verify_one - FTSM: No short float data from Yahoo or Finviz, dropping (unverified)
2026-06-25 03:01:29 | DEBUG    | shortsqueeze.data:_verify_one - BTQ: No short float data from Yahoo or Finviz, dropping (unverified)
2026-06-25 03:01:29 | DEBUG    | shortsqueeze.data:_verify_one - GDXU: No short float data from Yahoo or Finviz, dropping (unverified)
2026-06-25 03:01:30 | DEBUG    | shortsqueeze.data:_verify_one - DNN: No short float data from Yahoo or Finviz, dropping (unverified)
2026-06-25 03:01:30 | DEBUG    | shortsqueeze.data:_verify_one - XLF: No short float data from Yahoo or Finviz, dropping (unverified)
2026-06-25 03:01:30 | DEBUG    | shortsqueeze.data:_verify_one - SMH: No short float data from Yahoo or Finviz, dropping (unverified)
2026-06-25 03:01:30 | DEBUG    | shortsqueeze.data:_verify_one - AAL: No short float data from Yahoo or Finviz, dropping (unverified)
2026-06-25 03:01:30 | DEBUG    | shortsqueeze.data:_verify_one - AIIO: No short float data from Yahoo or Finviz, dropping (unverified)
2026-06-25 03:01:30 | DEBUG    | shortsqueeze.data:_verify_one - ARTL: No short float data from Yahoo or Finviz, dropping (unverified)
2026-06-25 03:01:30 | DEBUG    | shortsqueeze.data:_verify_one - UUUU: No short float data from Yahoo or Finviz, dropping (unverified)
2026-06-25 03:01:31 | DEBUG    | shortsqueeze.data:_verify_one - YSS: No short float data from Yahoo or Finviz, dropping (unverified)
2026-06-25 03:01:31 | DEBUG    | shortsqueeze.data:_verify_one - POEL: No short float data from Yahoo or Finviz, dropping (unverified)
2026-06-25 03:01:31 | DEBUG    | shortsqueeze.data:_verify_one - LAC: No short float data from Yahoo or Finviz, dropping (unverified)
2026-06-25 03:01:31 | DEBUG    | shortsqueeze.data:_verify_one - GAMB: No short float data from Yahoo or Finviz, dropping (unverified)
2026-06-25 03:01:31 | DEBUG    | shortsqueeze.data:_verify_one - QSR: No short float data from Yahoo or Finviz, dropping (unverified)
2026-06-25 03:01:31 | DEBUG    | shortsqueeze.data:_verify_one - VREOF: No short float data from Yahoo or Finviz, dropping (unverified)
2026-06-25 03:01:31 | DEBUG    | shortsqueeze.data:_verify_one - UCO: No short float data from Yahoo or Finviz, dropping (unverified)
2026-06-25 03:01:31 | DEBUG    | shortsqueeze.data:_verify_one - MSTY: No short float data from Yahoo or Finviz, dropping (unverified)
2026-06-25 03:01:32 | DEBUG    | shortsqueeze.data:_verify_one - SPY: No short float data from Yahoo or Finviz, dropping (unverified)
2026-06-25 03:01:32 | DEBUG    | shortsqueeze.data:_verify_one - BB: No short float data from Yahoo or Finviz, dropping (unverified)
2026-06-25 03:01:32 | DEBUG    | shortsqueeze.data:_verify_one - FRMI: No short float data from Yahoo or Finviz, dropping (unverified)
2026-06-25 03:01:32 | DEBUG    | shortsqueeze.data:_verify_one - BITO: No short float data from Yahoo or Finviz, dropping (unverified)
2026-06-25 03:01:32 | DEBUG    | shortsqueeze.data:_verify_one - PHCG: No short float data from Yahoo or Finviz, dropping (unverified)
2026-06-25 03:01:32 | DEBUG    | shortsqueeze.data:_verify_one - WSRIF: No short float data from Yahoo or Finviz, dropping (unverified)
2026-06-25 03:01:33 | DEBUG    | shortsqueeze.data:_verify_one - RYOJ: No short float data from Yahoo or Finviz, dropping (unverified)
2026-06-25 03:01:33 | DEBUG    | shortsqueeze.data:_verify_one - ORC: No short float data from Yahoo or Finviz, dropping (unverified)
2026-06-25 03:01:33 | DEBUG    | shortsqueeze.data:_verify_one - NOK: No short float data from Yahoo or Finviz, dropping (unverified)
2026-06-25 03:01:33 | DEBUG    | shortsqueeze.data:_verify_one - MAYW: No short float data from Yahoo or Finviz, dropping (unverified)
2026-06-25 03:01:33 | DEBUG    | shortsqueeze.data:_verify_one - MRNO: No short float data from Yahoo or Finviz, dropping (unverified)
2026-06-25 03:01:33 | DEBUG    | shortsqueeze.data:_verify_one - SNDG: No short float data from Yahoo or Finviz, dropping (unverified)
2026-06-25 03:01:34 | DEBUG    | shortsqueeze.data:_verify_one - OBDC: No short float data from Yahoo or Finviz, dropping (unverified)
2026-06-25 03:01:34 | DEBUG    | shortsqueeze.data:_verify_one - XPEV: No short float data from Yahoo or Finviz, dropping (unverified)
2026-06-25 03:01:34 | DEBUG    | shortsqueeze.data:_verify_one - NMG: No short float data from Yahoo or Finviz, dropping (unverified)
2026-06-25 03:01:34 | DEBUG    | shortsqueeze.data:_verify_one - COHH: No short float data from Yahoo or Finviz, dropping (unverified)
2026-06-25 03:01:34 | DEBUG    | shortsqueeze.data:_verify_one - ALC: No short float data from Yahoo or Finviz, dropping (unverified)
2026-06-25 03:01:34 | DEBUG    | shortsqueeze.data:_verify_one - FLY: No short float data from Yahoo or Finviz, dropping (unverified)
2026-06-25 03:01:34 | DEBUG    | shortsqueeze.data:_verify_one - WARP: No short float data from Yahoo or Finviz, dropping (unverified)
2026-06-25 03:01:35 | DEBUG    | shortsqueeze.data:_verify_one - SPSK: No short float data from Yahoo or Finviz, dropping (unverified)
2026-06-25 03:01:35 | DEBUG    | shortsqueeze.data:_verify_one - MVLL: No short float data from Yahoo or Finviz, dropping (unverified)
2026-06-25 03:01:35 | DEBUG    | shortsqueeze.data:_verify_one - TMSL: No short float data from Yahoo or Finviz, dropping (unverified)
2026-06-25 03:01:35 | DEBUG    | shortsqueeze.data:_verify_one - APLZ: No short float data from Yahoo or Finviz, dropping (unverified)
2026-06-25 03:01:35 | DEBUG    | shortsqueeze.data:_verify_one - DIA: No short float data from Yahoo or Finviz, dropping (unverified)
2026-06-25 03:01:35 | DEBUG    | shortsqueeze.data:_verify_one - ASTX: No short float data from Yahoo or Finviz, dropping (unverified)
2026-06-25 03:01:35 | DEBUG    | shortsqueeze.data:_verify_one - IBB: No short float data from Yahoo or Finviz, dropping (unverified)
2026-06-25 03:01:36 | DEBUG    | shortsqueeze.data:_verify_one - AVXX: No short float data from Yahoo or Finviz, dropping (unverified)
2026-06-25 03:01:36 | DEBUG    | shortsqueeze.data:_verify_one - PVAL: No short float data from Yahoo or Finviz, dropping (unverified)
2026-06-25 03:01:36 | DEBUG    | shortsqueeze.data:_verify_one - SHEL: No short float data from Yahoo or Finviz, dropping (unverified)
2026-06-25 03:01:36 | DEBUG    | shortsqueeze.data:_verify_one - SBMT: No short float data from Yahoo or Finviz, dropping (unverified)
2026-06-25 03:01:36 | DEBUG    | shortsqueeze.data:_verify_one - YMAG: No short float data from Yahoo or Finviz, dropping (unverified)
2026-06-25 03:01:36 | DEBUG    | shortsqueeze.data:_verify_one - KDP: No short float data from Yahoo or Finviz, dropping (unverified)
2026-06-25 03:01:36 | DEBUG    | shortsqueeze.data:_verify_one - CRCA: No short float data from Yahoo or Finviz, dropping (unverified)
2026-06-25 03:01:37 | DEBUG    | shortsqueeze.data:_verify_one - IJH: No short float data from Yahoo or Finviz, dropping (unverified)
2026-06-25 03:01:37 | DEBUG    | shortsqueeze.data:_verify_one - CGDG: No short float data from Yahoo or Finviz, dropping (unverified)
2026-06-25 03:01:37 | DEBUG    | shortsqueeze.data:_verify_one - MNDR: No short float data from Yahoo or Finviz, dropping (unverified)
2026-06-25 03:01:37 | DEBUG    | shortsqueeze.data:_verify_one - LGCXF: No short float data from Yahoo or Finviz, dropping (unverified)
2026-06-25 03:01:37 | DEBUG    | shortsqueeze.data:_verify_one - KTUP: No short float data from Yahoo or Finviz, dropping (unverified)
2026-06-25 03:01:37 | DEBUG    | shortsqueeze.data:_verify_one - URG: No short float data from Yahoo or Finviz, dropping (unverified)
2026-06-25 03:01:38 | DEBUG    | shortsqueeze.data:_verify_one - QBTX: No short float data from Yahoo or Finviz, dropping (unverified)
2026-06-25 03:01:38 | DEBUG    | shortsqueeze.data:_verify_one - FOMTF: No short float data from Yahoo or Finviz, dropping (unverified)
2026-06-25 03:01:38 | DEBUG    | shortsqueeze.data:_verify_one - BMNG: No short float data from Yahoo or Finviz, dropping (unverified)
2026-06-25 03:01:38 | DEBUG    | shortsqueeze.data:_verify_one - SPPL: No short float data from Yahoo or Finviz, dropping (unverified)
2026-06-25 03:01:38 | DEBUG    | shortsqueeze.data:_verify_one - IMSR: No short float data from Yahoo or Finviz, dropping (unverified)
2026-06-25 03:01:38 | DEBUG    | shortsqueeze.data:_verify_one - LABD: No short float data from Yahoo or Finviz, dropping (unverified)
2026-06-25 03:01:38 | DEBUG    | shortsqueeze.data:_verify_one - TNYA: No short float data from Yahoo or Finviz, dropping (unverified)
2026-06-25 03:01:38 | DEBUG    | shortsqueeze.data:_verify_one - TSLL: No short float data from Yahoo or Finviz, dropping (unverified)
2026-06-25 03:01:39 | DEBUG    | shortsqueeze.data:_verify_one - ALOY: No short float data from Yahoo or Finviz, dropping (unverified)
2026-06-25 03:01:39 | DEBUG    | shortsqueeze.data:_verify_one - CLPBY: No short float data from Yahoo or Finviz, dropping (unverified)
2026-06-25 03:01:39 | DEBUG    | shortsqueeze.data:_verify_one - NNVC: No short float data from Yahoo or Finviz, dropping (unverified)
2026-06-25 03:01:39 | DEBUG    | shortsqueeze.data:_verify_one - ZSL: No short float data from Yahoo or Finviz, dropping (unverified)
2026-06-25 03:01:39 | DEBUG    | shortsqueeze.data:_verify_one - PSIG: No short float data from Yahoo or Finviz, dropping (unverified)
2026-06-25 03:01:39 | DEBUG    | shortsqueeze.data:_verify_one - TRUFF: No short float data from Yahoo or Finviz, dropping (unverified)
2026-06-25 03:01:39 | DEBUG    | shortsqueeze.data:_verify_one - TSLZ: No short float data from Yahoo or Finviz, dropping (unverified)
2026-06-25 03:01:40 | DEBUG    | shortsqueeze.data:_verify_one - ORKA: No short float data from Yahoo or Finviz, dropping (unverified)
2026-06-25 03:01:40 | DEBUG    | shortsqueeze.data:_verify_one - GGLS: No short float data from Yahoo or Finviz, dropping (unverified)
2026-06-25 03:01:40 | DEBUG    | shortsqueeze.data:_verify_one - NBIZ: No short float data from Yahoo or Finviz, dropping (unverified)
2026-06-25 03:01:40 | DEBUG    | shortsqueeze.data:_verify_one - NPXYY: No short float data from Yahoo or Finviz, dropping (unverified)
2026-06-25 03:01:40 | DEBUG    | shortsqueeze.data:_verify_one - FLOC: No short float data from Yahoo or Finviz, dropping (unverified)
2026-06-25 03:01:40 | DEBUG    | shortsqueeze.data:_verify_one - DELHY: No short float data from Yahoo or Finviz, dropping (unverified)
2026-06-25 03:01:41 | DEBUG    | shortsqueeze.data:_verify_one - ILLR: No short float data from Yahoo or Finviz, dropping (unverified)
2026-06-25 03:01:41 | DEBUG    | shortsqueeze.data:_verify_one - SCBFY: No short float data from Yahoo or Finviz, dropping (unverified)
2026-06-25 03:01:41 | DEBUG    | shortsqueeze.data:_verify_one - USAS: No short float data from Yahoo or Finviz, dropping (unverified)
2026-06-25 03:01:41 | DEBUG    | shortsqueeze.data:_verify_one - GRRR: No short float data from Yahoo or Finviz, dropping (unverified)
2026-06-25 03:01:41 | DEBUG    | shortsqueeze.data:_verify_one - AUPH: No short float data from Yahoo or Finviz, dropping (unverified)
2026-06-25 03:01:42 | DEBUG    | shortsqueeze.data:_verify_one - KWEB: No short float data from Yahoo or Finviz, dropping (unverified)
2026-06-25 03:01:42 | DEBUG    | shortsqueeze.data:_verify_one - XXRP: No short float data from Yahoo or Finviz, dropping (unverified)
2026-06-25 03:01:42 | DEBUG    | shortsqueeze.data:_verify_one - AAPD: No short float data from Yahoo or Finviz, dropping (unverified)
2026-06-25 03:01:42 | DEBUG    | shortsqueeze.data:_verify_one - PODC: No short float data from Yahoo or Finviz, dropping (unverified)
2026-06-25 03:01:42 | DEBUG    | shortsqueeze.data:_verify_one - AIA: No short float data from Yahoo or Finviz, dropping (unverified)
2026-06-25 03:01:42 | DEBUG    | shortsqueeze.data:_verify_one - NFGC: No short float data from Yahoo or Finviz, dropping (unverified)
2026-06-25 03:01:43 | DEBUG    | shortsqueeze.data:_verify_one - LFS: No short float data from Yahoo or Finviz, dropping (unverified)
2026-06-25 03:01:43 | DEBUG    | shortsqueeze.data:_verify_one - SAPMY: No short float data from Yahoo or Finviz, dropping (unverified)
2026-06-25 03:01:43 | DEBUG    | shortsqueeze.data:_verify_one - MUD: No short float data from Yahoo or Finviz, dropping (unverified)
2026-06-25 03:01:43 | DEBUG    | shortsqueeze.data:_verify_one - SNMCY: No short float data from Yahoo or Finviz, dropping (unverified)
2026-06-25 03:01:43 | DEBUG    | shortsqueeze.data:_verify_one - PLTD: No short float data from Yahoo or Finviz, dropping (unverified)
2026-06-25 03:01:43 | DEBUG    | shortsqueeze.data:_verify_one - APLX: No short float data from Yahoo or Finviz, dropping (unverified)
2026-06-25 03:01:43 | DEBUG    | shortsqueeze.data:_verify_one - BILT: No short float data from Yahoo or Finviz, dropping (unverified)
2026-06-25 03:01:44 | DEBUG    | shortsqueeze.data:_verify_one - FOXO: No short float data from Yahoo or Finviz, dropping (unverified)
2026-06-25 03:01:44 | DEBUG    | shortsqueeze.data:_verify_one - ONDG: No short float data from Yahoo or Finviz, dropping (unverified)
2026-06-25 03:01:44 | DEBUG    | shortsqueeze.data:_verify_one - RSP: No short float data from Yahoo or Finviz, dropping (unverified)
2026-06-25 03:01:44 | DEBUG    | shortsqueeze.data:_verify_one - SAN: No short float data from Yahoo or Finviz, dropping (unverified)
2026-06-25 03:01:44 | DEBUG    | shortsqueeze.data:_verify_one - QUBX: No short float data from Yahoo or Finviz, dropping (unverified)
2026-06-25 03:01:44 | DEBUG    | shortsqueeze.data:_verify_one - UUUG: No short float data from Yahoo or Finviz, dropping (unverified)
2026-06-25 03:01:44 | DEBUG    | shortsqueeze.data:_verify_one - CIFG: No short float data from Yahoo or Finviz, dropping (unverified)
2026-06-25 03:01:45 | DEBUG    | shortsqueeze.data:_verify_one - TSDD: No short float data from Yahoo or Finviz, dropping (unverified)
2026-06-25 03:01:45 | DEBUG    | shortsqueeze.data:_verify_one - MDCX: No short float data from Yahoo or Finviz, dropping (unverified)
2026-06-25 03:01:45 | DEBUG    | shortsqueeze.data:_verify_one - LNOK: No short float data from Yahoo or Finviz, dropping (unverified)
2026-06-25 03:01:45 | DEBUG    | shortsqueeze.data:_verify_one - BTCZ: No short float data from Yahoo or Finviz, dropping (unverified)
2026-06-25 03:01:45 | DEBUG    | shortsqueeze.data:_verify_one - ARSMF: No short float data from Yahoo or Finviz, dropping (unverified)
2026-06-25 03:01:45 | DEBUG    | shortsqueeze.data:_verify_one - BTM: No short float data from Yahoo or Finviz, dropping (unverified)
2026-06-25 03:01:46 | DEBUG    | shortsqueeze.data:_verify_one - FTNY: No short float data from Yahoo or Finviz, dropping (unverified)
2026-06-25 03:01:46 | DEBUG    | shortsqueeze.data:_verify_one - SAUHY: No short float data from Yahoo or Finviz, dropping (unverified)
2026-06-25 03:01:46 | DEBUG    | shortsqueeze.data:_verify_one - XLRE: No short float data from Yahoo or Finviz, dropping (unverified)
2026-06-25 03:01:46 | DEBUG    | shortsqueeze.data:_verify_one - STRC: No short float data from Yahoo or Finviz, dropping (unverified)
2026-06-25 03:01:46 | DEBUG    | shortsqueeze.data:_verify_one - XMAX: No short float data from Yahoo or Finviz, dropping (unverified)
2026-06-25 03:01:47 | DEBUG    | shortsqueeze.data:_verify_one - HBEIF: No short float data from Yahoo or Finviz, dropping (unverified)
2026-06-25 03:01:47 | DEBUG    | shortsqueeze.data:_verify_one - ALLIF: No short float data from Yahoo or Finviz, dropping (unverified)
2026-06-25 03:01:47 | DEBUG    | shortsqueeze.data:_verify_one - EQPT: No short float data from Yahoo or Finviz, dropping (unverified)
2026-06-25 03:01:47 | DEBUG    | shortsqueeze.data:_verify_one - FANCF: No short float data from Yahoo or Finviz, dropping (unverified)
2026-06-25 03:01:47 | DEBUG    | shortsqueeze.data:_verify_one - SNAL: No short float data from Yahoo or Finviz, dropping (unverified)
2026-06-25 03:01:47 | DEBUG    | shortsqueeze.data:_verify_one - MCHI: No short float data from Yahoo or Finviz, dropping (unverified)
2026-06-25 03:01:47 | DEBUG    | shortsqueeze.data:_verify_one - GRML: No short float data from Yahoo or Finviz, dropping (unverified)
2026-06-25 03:01:47 | DEBUG    | shortsqueeze.data:_verify_one - IDYN: No short float data from Yahoo or Finviz, dropping (unverified)
2026-06-25 03:01:48 | DEBUG    | shortsqueeze.data:_verify_one - QCML: No short float data from Yahoo or Finviz, dropping (unverified)
2026-06-25 03:01:48 | DEBUG    | shortsqueeze.data:_verify_one - XOVL: No short float data from Yahoo or Finviz, dropping (unverified)
2026-06-25 03:01:48 | DEBUG    | shortsqueeze.data:_verify_one - CQQQ: No short float data from Yahoo or Finviz, dropping (unverified)
2026-06-25 03:01:48 | DEBUG    | shortsqueeze.data:_verify_one - AAPX: No short float data from Yahoo or Finviz, dropping (unverified)
2026-06-25 03:01:48 | DEBUG    | shortsqueeze.data:_verify_one - KUBTY: No short float data from Yahoo or Finviz, dropping (unverified)
2026-06-25 03:01:48 | DEBUG    | shortsqueeze.data:_verify_one - LUNL: No short float data from Yahoo or Finviz, dropping (unverified)
2026-06-25 03:01:48 | DEBUG    | shortsqueeze.data:_verify_one - CNEY: No short float data from Yahoo or Finviz, dropping (unverified)
2026-06-25 03:01:48 | DEBUG    | shortsqueeze.data:_verify_one - IREX: No short float data from Yahoo or Finviz, dropping (unverified)
2026-06-25 03:01:49 | DEBUG    | shortsqueeze.data:_verify_one - DHY: No short float data from Yahoo or Finviz, dropping (unverified)
2026-06-25 03:01:49 | DEBUG    | shortsqueeze.data:_verify_one - AMAU: No short float data from Yahoo or Finviz, dropping (unverified)
2026-06-25 03:01:49 | DEBUG    | shortsqueeze.data:_verify_one - FSEC: No short float data from Yahoo or Finviz, dropping (unverified)
2026-06-25 03:01:49 | DEBUG    | shortsqueeze.data:_verify_one - EC: No short float data from Yahoo or Finviz, dropping (unverified)
2026-06-25 03:01:49 | DEBUG    | shortsqueeze.data:_verify_one - QNC: No short float data from Yahoo or Finviz, dropping (unverified)
2026-06-25 03:01:49 | DEBUG    | shortsqueeze.data:_verify_one - STUB: No short float data from Yahoo or Finviz, dropping (unverified)
2026-06-25 03:01:49 | DEBUG    | shortsqueeze.data:_verify_one - EGLXF: No short float data from Yahoo or Finviz, dropping (unverified)
2026-06-25 03:01:50 | DEBUG    | shortsqueeze.data:_verify_one - IBX: No short float data from Yahoo or Finviz, dropping (unverified)
2026-06-25 03:01:50 | DEBUG    | shortsqueeze.data:_verify_one - SUNB: No short float data from Yahoo or Finviz, dropping (unverified)
2026-06-25 03:01:50 | DEBUG    | shortsqueeze.data:_verify_one - ERY: No short float data from Yahoo or Finviz, dropping (unverified)
2026-06-25 03:01:50 | DEBUG    | shortsqueeze.data:_verify_one - FCEL: No short float data from Yahoo or Finviz, dropping (unverified)
2026-06-25 03:01:50 | DEBUG    | shortsqueeze.data:_verify_one - BBKCF: No short float data from Yahoo or Finviz, dropping (unverified)
2026-06-25 03:01:50 | DEBUG    | shortsqueeze.data:_verify_one - GSAC: No short float data from Yahoo or Finviz, dropping (unverified)
2026-06-25 03:01:51 | DEBUG    | shortsqueeze.data:_verify_one - CV: No short float data from Yahoo or Finviz, dropping (unverified)
2026-06-25 03:01:51 | DEBUG    | shortsqueeze.data:_verify_one - BITI: No short float data from Yahoo or Finviz, dropping (unverified)
2026-06-25 03:01:51 | DEBUG    | shortsqueeze.data:_verify_one - BCE: No short float data from Yahoo or Finviz, dropping (unverified)
2026-06-25 03:01:51 | DEBUG    | shortsqueeze.data:_verify_one - GLL: No short float data from Yahoo or Finviz, dropping (unverified)
2026-06-25 03:01:51 | DEBUG    | shortsqueeze.data:_verify_one - BHP: No short float data from Yahoo or Finviz, dropping (unverified)
2026-06-25 03:01:51 | DEBUG    | shortsqueeze.data:_verify_one - SDA: No short float data from Yahoo or Finviz, dropping (unverified)
2026-06-25 03:01:52 | DEBUG    | shortsqueeze.data:_verify_one - NIVF: No short float data from Yahoo or Finviz, dropping (unverified)
2026-06-25 03:01:52 | DEBUG    | shortsqueeze.data:_verify_one - EZGO: No short float data from Yahoo or Finviz, dropping (unverified)
2026-06-25 03:01:52 | DEBUG    | shortsqueeze.data:_verify_one - ZBAO: No short float data from Yahoo or Finviz, dropping (unverified)
2026-06-25 03:01:52 | DEBUG    | shortsqueeze.data:_verify_one - PUBGY: No short float data from Yahoo or Finviz, dropping (unverified)
2026-06-25 03:01:52 | DEBUG    | shortsqueeze.data:_verify_one - ALKEF: No short float data from Yahoo or Finviz, dropping (unverified)
2026-06-25 03:01:52 | DEBUG    | shortsqueeze.data:_verify_one - GETY: No short float data from Yahoo or Finviz, dropping (unverified)
2026-06-25 03:01:52 | DEBUG    | shortsqueeze.data:_verify_one - CGGE: No short float data from Yahoo or Finviz, dropping (unverified)
2026-06-25 03:01:53 | DEBUG    | shortsqueeze.data:_verify_one - TMC: No short float data from Yahoo or Finviz, dropping (unverified)
2026-06-25 03:01:53 | DEBUG    | shortsqueeze.data:_verify_one - ETHT: No short float data from Yahoo or Finviz, dropping (unverified)
2026-06-25 03:01:53 | DEBUG    | shortsqueeze.data:_verify_one - BKDV: No short float data from Yahoo or Finviz, dropping (unverified)
2026-06-25 03:01:53 | DEBUG    | shortsqueeze.data:_verify_one - SRFM: No short float data from Yahoo or Finviz, dropping (unverified)
2026-06-25 03:01:53 | DEBUG    | shortsqueeze.data:_verify_one - VTMX: No short float data from Yahoo or Finviz, dropping (unverified)
2026-06-25 03:01:53 | DEBUG    | shortsqueeze.data:_verify_one - AZMCF: No short float data from Yahoo or Finviz, dropping (unverified)
2026-06-25 03:01:53 | DEBUG    | shortsqueeze.data:_verify_one - XLE: No short float data from Yahoo or Finviz, dropping (unverified)
2026-06-25 03:01:53 | DEBUG    | shortsqueeze.data:_verify_one - GLOO: No short float data from Yahoo or Finviz, dropping (unverified)
2026-06-25 03:01:54 | DEBUG    | shortsqueeze.data:_verify_one - EPMLF: No short float data from Yahoo or Finviz, dropping (unverified)
2026-06-25 03:01:54 | DEBUG    | shortsqueeze.data:_verify_one - SABS: No short float data from Yahoo or Finviz, dropping (unverified)
2026-06-25 03:01:54 | DEBUG    | shortsqueeze.data:_verify_one - WLBMF: No short float data from Yahoo or Finviz, dropping (unverified)
2026-06-25 03:01:54 | DEBUG    | shortsqueeze.data:_verify_one - SOAR: No short float data from Yahoo or Finviz, dropping (unverified)
2026-06-25 03:01:54 | DEBUG    | shortsqueeze.data:_verify_one - PCOR: No short float data from Yahoo or Finviz, dropping (unverified)
2026-06-25 03:01:54 | DEBUG    | shortsqueeze.data:_verify_one - VRNO: No short float data from Yahoo or Finviz, dropping (unverified)
2026-06-25 03:01:55 | DEBUG    | shortsqueeze.data:_verify_one - TMRC: No short float data from Yahoo or Finviz, dropping (unverified)
2026-06-25 03:01:55 | DEBUG    | shortsqueeze.data:_verify_one - XRP: No short float data from Yahoo or Finviz, dropping (unverified)
2026-06-25 03:01:55 | DEBUG    | shortsqueeze.data:_verify_one - CDE: No short float data from Yahoo or Finviz, dropping (unverified)
2026-06-25 03:01:55 | DEBUG    | shortsqueeze.data:_verify_one - DSCSY: No short float data from Yahoo or Finviz, dropping (unverified)
2026-06-25 03:01:55 | DEBUG    | shortsqueeze.data:_verify_one - CURLF: No short float data from Yahoo or Finviz, dropping (unverified)
2026-06-25 03:01:55 | DEBUG    | shortsqueeze.data:_verify_one - BXSL: No short float data from Yahoo or Finviz, dropping (unverified)
2026-06-25 03:01:55 | DEBUG    | shortsqueeze.data:_verify_one - SPBO: No short float data from Yahoo or Finviz, dropping (unverified)
2026-06-25 03:01:56 | DEBUG    | shortsqueeze.data:_verify_one - CTOS: No short float data from Yahoo or Finviz, dropping (unverified)
2026-06-25 03:01:56 | DEBUG    | shortsqueeze.data:_verify_one - SLX: No short float data from Yahoo or Finviz, dropping (unverified)
2026-06-25 03:01:56 | DEBUG    | shortsqueeze.data:_verify_one - SCMB: No short float data from Yahoo or Finviz, dropping (unverified)
2026-06-25 03:01:56 | DEBUG    | shortsqueeze.data:_verify_one - RDTL: No short float data from Yahoo or Finviz, dropping (unverified)
2026-06-25 03:01:56 | DEBUG    | shortsqueeze.data:_verify_one - MSFD: No short float data from Yahoo or Finviz, dropping (unverified)
2026-06-25 03:01:56 | DEBUG    | shortsqueeze.data:_verify_one - PBTHF: No short float data from Yahoo or Finviz, dropping (unverified)
2026-06-25 03:01:56 | DEBUG    | shortsqueeze.data:_verify_one - BRRLY: No short float data from Yahoo or Finviz, dropping (unverified)
2026-06-25 03:01:56 | DEBUG    | shortsqueeze.data:_verify_one - TLRY: No short float data from Yahoo or Finviz, dropping (unverified)
2026-06-25 03:01:57 | DEBUG    | shortsqueeze.data:_verify_one - RYAN: No short float data from Yahoo or Finviz, dropping (unverified)
2026-06-25 03:01:57 | DEBUG    | shortsqueeze.data:_verify_one - WULX: No short float data from Yahoo or Finviz, dropping (unverified)
2026-06-25 03:01:57 | DEBUG    | shortsqueeze.data:_verify_one - SLNO: No short float data from Yahoo or Finviz, dropping (unverified)
2026-06-25 03:01:57 | DEBUG    | shortsqueeze.data:_verify_one - AIAI: No short float data from Yahoo or Finviz, dropping (unverified)
2026-06-25 03:01:57 | DEBUG    | shortsqueeze.data:_verify_one - RSIT: No short float data from Yahoo or Finviz, dropping (unverified)
2026-06-25 03:01:57 | DEBUG    | shortsqueeze.data:_verify_one - FUTU: No short float data from Yahoo or Finviz, dropping (unverified)
2026-06-25 03:01:58 | DEBUG    | shortsqueeze.data:_verify_one - UNG: No short float data from Yahoo or Finviz, dropping (unverified)
2026-06-25 03:01:58 | DEBUG    | shortsqueeze.data:_verify_one - VRP: No short float data from Yahoo or Finviz, dropping (unverified)
2026-06-25 03:01:58 | DEBUG    | shortsqueeze.data:_verify_one - KDDIY: No short float data from Yahoo or Finviz, dropping (unverified)
2026-06-25 03:01:58 | DEBUG    | shortsqueeze.data:_verify_one - FALN: No short float data from Yahoo or Finviz, dropping (unverified)
2026-06-25 03:01:58 | DEBUG    | shortsqueeze.data:_verify_one - JHLN: No short float data from Yahoo or Finviz, dropping (unverified)
2026-06-25 03:01:58 | DEBUG    | shortsqueeze.data:_verify_one - FTHI: No short float data from Yahoo or Finviz, dropping (unverified)
2026-06-25 03:01:58 | DEBUG    | shortsqueeze.data:_verify_one - LULG: No short float data from Yahoo or Finviz, dropping (unverified)
2026-06-25 03:01:58 | DEBUG    | shortsqueeze.data:_verify_one - AMSS: No short float data from Yahoo or Finviz, dropping (unverified)
2026-06-25 03:01:59 | DEBUG    | shortsqueeze.data:_verify_one - PPBT: No short float data from Yahoo or Finviz, dropping (unverified)
2026-06-25 03:01:59 | DEBUG    | shortsqueeze.data:_verify_one - CORB: No short float data from Yahoo or Finviz, dropping (unverified)
2026-06-25 03:01:59 | DEBUG    | shortsqueeze.data:_verify_one - GRAPF: No short float data from Yahoo or Finviz, dropping (unverified)
2026-06-25 03:01:59 | DEBUG    | shortsqueeze.bot:_run_scan - Market closed, skipping scan
2026-06-25 03:01:59 | DEBUG    | shortsqueeze.data:_verify_one - GRUSF: No short float data from Yahoo or Finviz, dropping (unverified)
2026-06-25 03:01:59 | DEBUG    | shortsqueeze.data:_verify_one - NVDL: No short float data from Yahoo or Finviz, dropping (unverified)
2026-06-25 03:01:59 | DEBUG    | shortsqueeze.data:_verify_one - MMETF: No short float data from Yahoo or Finviz, dropping (unverified)
2026-06-25 03:02:00 | DEBUG    | shortsqueeze.data:_verify_one - NTMFF: No short float data from Yahoo or Finviz, dropping (unverified)
2026-06-25 03:02:00 | DEBUG    | shortsqueeze.data:_verify_one - ORZCF: No short float data from Yahoo or Finviz, dropping (unverified)
2026-06-25 03:02:00 | DEBUG    | shortsqueeze.data:_verify_one - BHYP: No short float data from Yahoo or Finviz, dropping (unverified)
2026-06-25 03:02:00 | DEBUG    | shortsqueeze.data:_verify_one - JMST: No short float data from Yahoo or Finviz, dropping (unverified)
2026-06-25 03:02:00 | DEBUG    | shortsqueeze.data:_verify_one - KYOCY: No short float data from Yahoo or Finviz, dropping (unverified)
2026-06-25 03:02:01 | DEBUG    | shortsqueeze.data:_verify_one - CONX: No short float data from Yahoo or Finviz, dropping (unverified)
2026-06-25 03:02:01 | DEBUG    | shortsqueeze.data:_verify_one - BKGI: No short float data from Yahoo or Finviz, dropping (unverified)
2026-06-25 03:02:01 | DEBUG    | shortsqueeze.data:_verify_one - TBF: No short float data from Yahoo or Finviz, dropping (unverified)
2026-06-25 03:02:01 | DEBUG    | shortsqueeze.data:_verify_one - FEM: No short float data from Yahoo or Finviz, dropping (unverified)
2026-06-25 03:02:01 | DEBUG    | shortsqueeze.data:_verify_one - AMZD: No short float data from Yahoo or Finviz, dropping (unverified)
2026-06-25 03:02:01 | DEBUG    | shortsqueeze.data:_verify_one - DOG: No short float data from Yahoo or Finviz, dropping (unverified)
2026-06-25 03:02:01 | DEBUG    | shortsqueeze.data:_verify_one - SOXL: No short float data from Yahoo or Finviz, dropping (unverified)
2026-06-25 03:02:02 | DEBUG    | shortsqueeze.data:_verify_one - WRLGF: No short float data from Yahoo or Finviz, dropping (unverified)
2026-06-25 03:02:02 | DEBUG    | shortsqueeze.data:_verify_one - ASHR: No short float data from Yahoo or Finviz, dropping (unverified)
2026-06-25 03:02:02 | DEBUG    | shortsqueeze.data:_verify_one - RRDMF: No short float data from Yahoo or Finviz, dropping (unverified)
2026-06-25 03:02:02 | DEBUG    | shortsqueeze.data:_verify_one - FESM: No short float data from Yahoo or Finviz, dropping (unverified)
2026-06-25 03:02:02 | DEBUG    | shortsqueeze.data:_verify_one - COIW: No short float data from Yahoo or Finviz, dropping (unverified)
2026-06-25 03:02:02 | DEBUG    | shortsqueeze.data:_verify_one - EFV: No short float data from Yahoo or Finviz, dropping (unverified)
2026-06-25 03:02:02 | DEBUG    | shortsqueeze.data:_verify_one - ROBN: No short float data from Yahoo or Finviz, dropping (unverified)
2026-06-25 03:02:02 | DEBUG    | shortsqueeze.data:_verify_one - FBGL: No short float data from Yahoo or Finviz, dropping (unverified)
2026-06-25 03:02:03 | DEBUG    | shortsqueeze.data:_verify_one - SUZ: No short float data from Yahoo or Finviz, dropping (unverified)
2026-06-25 03:02:03 | DEBUG    | shortsqueeze.data:_verify_one - ODV: No short float data from Yahoo or Finviz, dropping (unverified)
2026-06-25 03:02:03 | DEBUG    | shortsqueeze.data:_verify_one - TPET: No short float data from Yahoo or Finviz, dropping (unverified)
2026-06-25 03:02:03 | DEBUG    | shortsqueeze.data:_verify_one - VUZI: No short float data from Yahoo or Finviz, dropping (unverified)
2026-06-25 03:02:03 | DEBUG    | shortsqueeze.data:_verify_one - GTN: No short float data from Yahoo or Finviz, dropping (unverified)
2026-06-25 03:02:03 | DEBUG    | shortsqueeze.data:_verify_one - NCL: No short float data from Yahoo or Finviz, dropping (unverified)
2026-06-25 03:02:04 | DEBUG    | shortsqueeze.data:_verify_one - BLDP: No short float data from Yahoo or Finviz, dropping (unverified)
2026-06-25 03:02:04 | DEBUG    | shortsqueeze.data:_verify_one - SKYQ: No short float data from Yahoo or Finviz, dropping (unverified)
2026-06-25 03:02:04 | DEBUG    | shortsqueeze.data:_verify_one - AEM: No short float data from Yahoo or Finviz, dropping (unverified)
2026-06-25 03:02:04 | DEBUG    | shortsqueeze.data:_verify_one - AAOG: No short float data from Yahoo or Finviz, dropping (unverified)
2026-06-25 03:02:04 | DEBUG    | shortsqueeze.data:_verify_one - USDU: No short float data from Yahoo or Finviz, dropping (unverified)
2026-06-25 03:02:04 | DEBUG    | shortsqueeze.data:_verify_one - FNGU: No short float data from Yahoo or Finviz, dropping (unverified)
2026-06-25 03:02:04 | DEBUG    | shortsqueeze.data:_verify_one - CXDO: No short float data from Yahoo or Finviz, dropping (unverified)
2026-06-25 03:02:05 | DEBUG    | shortsqueeze.data:_verify_one - GMEU: No short float data from Yahoo or Finviz, dropping (unverified)
2026-06-25 03:02:05 | DEBUG    | shortsqueeze.data:_verify_one - NOTV: No short float data from Yahoo or Finviz, dropping (unverified)
2026-06-25 03:02:05 | DEBUG    | shortsqueeze.data:_verify_one - KC: No short float data from Yahoo or Finviz, dropping (unverified)
2026-06-25 03:02:05 | DEBUG    | shortsqueeze.data:_verify_one - RACE: No short float data from Yahoo or Finviz, dropping (unverified)
2026-06-25 03:02:05 | DEBUG    | shortsqueeze.data:_verify_one - INVZ: No short float data from Yahoo or Finviz, dropping (unverified)
2026-06-25 03:02:06 | DEBUG    | shortsqueeze.data:_verify_one - DLTR: No short float data from Yahoo or Finviz, dropping (unverified)
2026-06-25 03:02:06 | DEBUG    | shortsqueeze.data:_verify_one - REKR: No short float data from Yahoo or Finviz, dropping (unverified)
2026-06-25 03:02:06 | DEBUG    | shortsqueeze.data:_verify_one - AMOD: No short float data from Yahoo or Finviz, dropping (unverified)
2026-06-25 03:02:06 | DEBUG    | shortsqueeze.data:_verify_one - BIDCF: No short float data from Yahoo or Finviz, dropping (unverified)
2026-06-25 03:02:07 | DEBUG    | shortsqueeze.data:_verify_one - DFSB: No short float data from Yahoo or Finviz, dropping (unverified)
2026-06-25 03:02:07 | DEBUG    | shortsqueeze.data:_verify_one - DSFIY: No short float data from Yahoo or Finviz, dropping (unverified)
2026-06-25 03:02:07 | DEBUG    | shortsqueeze.data:_verify_one - XP: No short float data from Yahoo or Finviz, dropping (unverified)
2026-06-25 03:02:07 | DEBUG    | shortsqueeze.data:_verify_one - KMAY: No short float data from Yahoo or Finviz, dropping (unverified)
2026-06-25 03:02:07 | DEBUG    | shortsqueeze.data:_verify_one - RIOX: No short float data from Yahoo or Finviz, dropping (unverified)
2026-06-25 03:02:07 | DEBUG    | shortsqueeze.data:_verify_one - BCTX: No short float data from Yahoo or Finviz, dropping (unverified)
2026-06-25 03:02:08 | DEBUG    | shortsqueeze.data:_verify_one - IVCTF: No short float data from Yahoo or Finviz, dropping (unverified)
2026-06-25 03:02:08 | DEBUG    | shortsqueeze.data:_verify_one - MUB: No short float data from Yahoo or Finviz, dropping (unverified)
2026-06-25 03:02:08 | DEBUG    | shortsqueeze.data:_verify_one - SMJF: No short float data from Yahoo or Finviz, dropping (unverified)
2026-06-25 03:02:08 | DEBUG    | shortsqueeze.data:_verify_one - QQQ: No short float data from Yahoo or Finviz, dropping (unverified)
2026-06-25 03:02:08 | DEBUG    | shortsqueeze.data:_verify_one - OPTX: No short float data from Yahoo or Finviz, dropping (unverified)
2026-06-25 03:02:08 | DEBUG    | shortsqueeze.data:_verify_one - HDGE: No short float data from Yahoo or Finviz, dropping (unverified)
2026-06-25 03:02:08 | DEBUG    | shortsqueeze.data:_verify_one - KGEI: No short float data from Yahoo or Finviz, dropping (unverified)
2026-06-25 03:02:09 | DEBUG    | shortsqueeze.data:_verify_one - BRIB: No short float data from Yahoo or Finviz, dropping (unverified)
2026-06-25 03:02:09 | DEBUG    | shortsqueeze.data:_verify_one - AYA: No short float data from Yahoo or Finviz, dropping (unverified)
2026-06-25 03:02:09 | DEBUG    | shortsqueeze.data:_verify_one - BUFD: No short float data from Yahoo or Finviz, dropping (unverified)
2026-06-25 03:02:09 | DEBUG    | shortsqueeze.data:_verify_one - AVIFY: No short float data from Yahoo or Finviz, dropping (unverified)
2026-06-25 03:02:09 | DEBUG    | shortsqueeze.data:_verify_one - TONX: No short float data from Yahoo or Finviz, dropping (unverified)
2026-06-25 03:02:09 | DEBUG    | shortsqueeze.data:_verify_one - SNOA: No short float data from Yahoo or Finviz, dropping (unverified)
2026-06-25 03:02:09 | DEBUG    | shortsqueeze.data:_verify_one - SCHD: No short float data from Yahoo or Finviz, dropping (unverified)
2026-06-25 03:02:09 | DEBUG    | shortsqueeze.data:_verify_one - OILU: No short float data from Yahoo or Finviz, dropping (unverified)
2026-06-25 03:02:10 | DEBUG    | shortsqueeze.data:_verify_one - CLOZ: No short float data from Yahoo or Finviz, dropping (unverified)
2026-06-25 03:02:10 | INFO     | shortsqueeze.data:_verify_with_yahoo - Dropped 526 candidates during verification (unverified or missing price)
2026-06-25 03:02:10 | INFO     | shortsqueeze.data:get_squeeze_candidates - Final watchlist: 135 verified squeeze candidates
2026-06-25 03:02:10 | DEBUG    | shortsqueeze.universe:_apply_filters_no_price - Filtered from 135 to 100 candidates (before price split)
2026-06-25 03:02:10 | INFO     | shortsqueeze.universe:save_watchlists - Saved watchlists: 82 quality ($5+), 15 speculative (<$5)
2026-06-25 03:02:10 | INFO     | shortsqueeze.universe:refresh_watchlist - Watchlists refreshed: 82 quality ($5+), 15 speculative ($1.0-$5.0)
2026-06-25 03:02:10 | INFO     | shortsqueeze.bot:_refresh_watchlist - Watchlist refreshed: 97 candidates
2026-06-25 03:06:59 | DEBUG    | shortsqueeze.bot:_run_scan - Market closed, skipping scan
2026-06-25 03:11:59 | DEBUG    | shortsqueeze.bot:_run_scan - Market closed, skipping scan
2026-06-25 03:16:59 | DEBUG    | shortsqueeze.bot:_run_scan - Market closed, skipping scan
2026-06-25 03:21:59 | DEBUG    | shortsqueeze.bot:_run_scan - Market closed, skipping scan
2026-06-25 03:26:59 | DEBUG    | shortsqueeze.bot:_run_scan - Market closed, skipping scan
2026-06-25 03:31:59 | DEBUG    | shortsqueeze.bot:_run_scan - Market closed, skipping scan
2026-06-25 03:36:59 | DEBUG    | shortsqueeze.bot:_run_scan - Market closed, skipping scan
2026-06-25 03:41:59 | DEBUG    | shortsqueeze.bot:_run_scan - Market closed, skipping scan
2026-06-25 03:46:59 | DEBUG    | shortsqueeze.bot:_run_scan - Market closed, skipping scan
2026-06-25 03:51:59 | DEBUG    | shortsqueeze.bot:_run_scan - Market closed, skipping scan
2026-06-25 03:56:59 | DEBUG    | shortsqueeze.bot:_run_scan - Market closed, skipping scan
2026-06-25 04:01:59 | DEBUG    | shortsqueeze.bot:_run_scan - Market closed, skipping scan
2026-06-25 04:06:59 | DEBUG    | shortsqueeze.bot:_run_scan - Market closed, skipping scan
2026-06-25 04:11:59 | DEBUG    | shortsqueeze.bot:_run_scan - Market closed, skipping scan
2026-06-25 04:16:59 | DEBUG    | shortsqueeze.bot:_run_scan - Market closed, skipping scan
2026-06-25 04:21:59 | DEBUG    | shortsqueeze.bot:_run_scan - Market closed, skipping scan
2026-06-25 04:26:59 | DEBUG    | shortsqueeze.bot:_run_scan - Market closed, skipping scan
2026-06-25 04:31:59 | DEBUG    | shortsqueeze.bot:_run_scan - Market closed, skipping scan
2026-06-25 04:36:59 | DEBUG    | shortsqueeze.bot:_run_scan - Market closed, skipping scan
2026-06-25 04:41:59 | DEBUG    | shortsqueeze.bot:_run_scan - Market closed, skipping scan
2026-06-25 04:46:59 | DEBUG    | shortsqueeze.bot:_run_scan - Market closed, skipping scan
2026-06-25 04:51:59 | DEBUG    | shortsqueeze.bot:_run_scan - Market closed, skipping scan
2026-06-25 04:56:59 | DEBUG    | shortsqueeze.bot:_run_scan - Market closed, skipping scan
2026-06-25 05:01:59 | DEBUG    | shortsqueeze.bot:_run_scan - Market closed, skipping scan
2026-06-25 05:06:59 | DEBUG    | shortsqueeze.bot:_run_scan - Market closed, skipping scan
2026-06-25 05:11:59 | DEBUG    | shortsqueeze.bot:_run_scan - Market closed, skipping scan
2026-06-25 05:16:59 | DEBUG    | shortsqueeze.bot:_run_scan - Market closed, skipping scan
2026-06-25 05:21:59 | DEBUG    | shortsqueeze.bot:_run_scan - Market closed, skipping scan
2026-06-25 05:26:59 | DEBUG    | shortsqueeze.bot:_run_scan - Market closed, skipping scan
2026-06-25 05:31:59 | DEBUG    | shortsqueeze.bot:_run_scan - Market closed, skipping scan
2026-06-25 05:36:59 | DEBUG    | shortsqueeze.bot:_run_scan - Market closed, skipping scan
2026-06-25 05:41:59 | DEBUG    | shortsqueeze.bot:_run_scan - Market closed, skipping scan
2026-06-25 05:46:59 | DEBUG    | shortsqueeze.bot:_run_scan - Market closed, skipping scan
2026-06-25 05:51:59 | DEBUG    | shortsqueeze.bot:_run_scan - Market closed, skipping scan
2026-06-25 05:56:59 | DEBUG    | shortsqueeze.bot:_run_scan - Market closed, skipping scan
2026-06-25 06:01:59 | DEBUG    | shortsqueeze.bot:_run_scan - Market closed, skipping scan
2026-06-25 06:06:59 | DEBUG    | shortsqueeze.bot:_run_scan - Market closed, skipping scan
2026-06-25 06:11:59 | DEBUG    | shortsqueeze.bot:_run_scan - Market closed, skipping scan
2026-06-25 06:16:59 | DEBUG    | shortsqueeze.bot:_run_scan - Market closed, skipping scan
2026-06-25 06:21:59 | DEBUG    | shortsqueeze.bot:_run_scan - Market closed, skipping scan
2026-06-25 06:26:59 | DEBUG    | shortsqueeze.bot:_run_scan - Market closed, skipping scan
2026-06-25 06:31:59 | INFO     | shortsqueeze.bot:_run_scan - Running intraday scan...
2026-06-25 06:32:01 | INFO     | shortsqueeze.bot:_run_scan - Max positions (5) reached. Skipping scan.
2026-06-25 06:36:59 | INFO     | shortsqueeze.bot:_run_scan - Running intraday scan...
2026-06-25 06:37:00 | INFO     | shortsqueeze.bot:_run_scan - Max positions (5) reached. Skipping scan.
2026-06-25 06:41:59 | INFO     | shortsqueeze.bot:_run_scan - Running intraday scan...
2026-06-25 06:42:00 | INFO     | shortsqueeze.bot:_run_scan - Max positions (5) reached. Skipping scan.
2026-06-25 06:46:59 | INFO     | shortsqueeze.bot:_run_scan - Running intraday scan...
2026-06-25 06:47:00 | INFO     | shortsqueeze.bot:_run_scan - Max positions (5) reached. Skipping scan.
2026-06-25 06:51:59 | INFO     | shortsqueeze.bot:_run_scan - Running intraday scan...
2026-06-25 06:52:00 | INFO     | shortsqueeze.bot:_run_scan - Max positions (5) reached. Skipping scan.
2026-06-25 06:56:59 | INFO     | shortsqueeze.bot:_run_scan - Running intraday scan...
2026-06-25 06:57:00 | INFO     | shortsqueeze.bot:_run_scan - Max positions (5) reached. Skipping scan.
2026-06-25 07:01:59 | INFO     | shortsqueeze.bot:_run_scan - Running intraday scan...
2026-06-25 07:02:00 | INFO     | shortsqueeze.bot:_run_scan - Max positions (5) reached. Skipping scan.
2026-06-25 07:06:01 | INFO     | shortsqueeze.bot:_monitor_positions - Exit signal for WEN: Stop loss triggered (-8.2%)
2026-06-25 07:06:01 | INFO     | shortsqueeze.broker.alpaca_trader:close_position - Submitted close: SELL 106 WEN
2026-06-25 07:06:59 | INFO     | shortsqueeze.bot:_run_scan - Running intraday scan...
2026-06-25 07:07:00 | INFO     | shortsqueeze.signals:scan_watchlist - Scanning 97 stocks from watchlist...
2026-06-25 07:07:09 | DEBUG    | shortsqueeze.signals:scan_stock - REPL: price=$12.51, prev_close=$11.27 (source: yahoo)
2026-06-25 07:07:09 | DEBUG    | shortsqueeze.signals:scan_stock - REPL: Yahoo 1-min volume=293,433
2026-06-25 07:07:09 | DEBUG    | shortsqueeze.signals:scan_stock - REPL: No signal - price=True (+11.0%, need +5.0%), vol=False (ratio=0.5x, need 3.0x, src=yahoo_intraday), vwap=True ($12.51 vs VWAP $11.44), squeeze=True, mom=False (mom_val=2.16)
2026-06-25 07:07:10 | DEBUG    | shortsqueeze.signals:scan_stock - GRPN: price=$21.32, prev_close=$18.32 (source: yahoo)
2026-06-25 07:07:10 | DEBUG    | shortsqueeze.signals:scan_stock - GRPN: Yahoo 1-min volume=784,503
2026-06-25 07:07:10 | INFO     | shortsqueeze.signals:scan_stock - GRPN: Entry signal detected - moderate - Squeeze fired | +16.3% | 5.8x volume
2026-06-25 07:07:11 | DEBUG    | shortsqueeze.signals:scan_stock - METC: price=$12.64, prev_close=$12.57 (source: yahoo)
2026-06-25 07:07:11 | DEBUG    | shortsqueeze.signals:scan_stock - METC: Yahoo 1-min volume=164,597
2026-06-25 07:07:11 | DEBUG    | shortsqueeze.signals:scan_stock - METC: No signal - price=False (+0.6%, need +5.0%), vol=False (ratio=1.1x, need 3.0x, src=yahoo_intraday), vwap=True ($12.64 vs VWAP $12.61), squeeze=True, mom=False (mom_val=-2.62)
2026-06-25 07:07:12 | DEBUG    | shortsqueeze.signals:scan_stock - CLSK: price=$15.50, prev_close=$16.23 (source: yahoo)
2026-06-25 07:07:12 | DEBUG    | shortsqueeze.signals:scan_stock - CLSK: Yahoo 1-min volume=5,784,271
2026-06-25 07:07:12 | DEBUG    | shortsqueeze.signals:scan_stock - CLSK: No signal - price=False (-4.5%, need +5.0%), vol=False (ratio=2.8x, need 3.0x, src=yahoo_intraday), vwap=False ($15.50 vs VWAP $16.45), squeeze=False, mom=False (mom_val=-0.83)
2026-06-25 07:07:13 | DEBUG    | shortsqueeze.signals:scan_stock - CBRL: price=$48.74, prev_close=$48.38 (source: yahoo)
2026-06-25 07:07:13 | DEBUG    | shortsqueeze.signals:scan_stock - CBRL: Yahoo 1-min volume=92,564
2026-06-25 07:07:13 | DEBUG    | shortsqueeze.signals:scan_stock - CBRL: No signal - price=False (+0.7%, need +5.0%), vol=False (ratio=0.6x, need 3.0x, src=yahoo_intraday), vwap=True ($48.74 vs VWAP $47.85), squeeze=True, mom=True (mom_val=8.96)
2026-06-25 07:07:14 | DEBUG    | shortsqueeze.signals:scan_stock - GO: price=$9.62, prev_close=$9.79 (source: yahoo)
2026-06-25 07:07:14 | DEBUG    | shortsqueeze.signals:scan_stock - GO: Yahoo 1-min volume=183,725
2026-06-25 07:07:14 | DEBUG    | shortsqueeze.signals:scan_stock - GO: No signal - price=False (-1.6%, need +5.0%), vol=False (ratio=0.7x, need 3.0x, src=yahoo_intraday), vwap=False ($9.62 vs VWAP $9.78), squeeze=True, mom=False (mom_val=0.90)
2026-06-25 07:07:15 | DEBUG    | shortsqueeze.signals:scan_stock - ULCC: price=$8.12, prev_close=$7.42 (source: yahoo)
2026-06-25 07:07:15 | DEBUG    | shortsqueeze.signals:scan_stock - ULCC: Yahoo 1-min volume=737,089
2026-06-25 07:07:15 | DEBUG    | shortsqueeze.signals:scan_stock - ULCC: No signal - price=True (+9.6%, need +5.0%), vol=False (ratio=1.8x, need 3.0x, src=yahoo_intraday), vwap=True ($8.12 vs VWAP $7.41), squeeze=True, mom=True (mom_val=1.08)
2026-06-25 07:07:15 | DEBUG    | shortsqueeze.signals:scan_stock - ACHC: price=$24.77, prev_close=$24.98 (source: yahoo)
2026-06-25 07:07:16 | DEBUG    | shortsqueeze.signals:scan_stock - ACHC: Yahoo 1-min volume=244,345
2026-06-25 07:07:16 | DEBUG    | shortsqueeze.signals:scan_stock - ACHC: No signal - price=False (-0.8%, need +5.0%), vol=False (ratio=1.1x, need 3.0x, src=yahoo_intraday), vwap=True ($24.77 vs VWAP $24.69), squeeze=False, mom=True (mom_val=0.76)
2026-06-25 07:07:16 | DEBUG    | shortsqueeze.signals:scan_stock - VITL: price=$10.68, prev_close=$11.12 (source: yahoo)
2026-06-25 07:07:17 | DEBUG    | shortsqueeze.signals:scan_stock - VITL: Yahoo 1-min volume=303,850
2026-06-25 07:07:17 | DEBUG    | shortsqueeze.signals:scan_stock - VITL: No signal - price=False (-3.9%, need +5.0%), vol=False (ratio=1.3x, need 3.0x, src=yahoo_intraday), vwap=False ($10.68 vs VWAP $11.01), squeeze=False, mom=False (mom_val=0.70)
2026-06-25 07:07:17 | DEBUG    | shortsqueeze.signals:scan_stock - SOUN: price=$6.21, prev_close=$6.33 (source: yahoo)
2026-06-25 07:07:18 | DEBUG    | shortsqueeze.signals:scan_stock - SOUN: Yahoo 1-min volume=3,618,062
2026-06-25 07:07:18 | DEBUG    | shortsqueeze.signals:scan_stock - SOUN: No signal - price=False (-1.9%, need +5.0%), vol=False (ratio=1.5x, need 3.0x, src=yahoo_intraday), vwap=False ($6.21 vs VWAP $6.32), squeeze=True, mom=False (mom_val=-1.46)
2026-06-25 07:07:18 | DEBUG    | shortsqueeze.signals:scan_stock - SPRY: price=$7.52, prev_close=$10.54 (source: yahoo)
2026-06-25 07:07:19 | DEBUG    | shortsqueeze.signals:scan_stock - SPRY: Yahoo 1-min volume=1,375,148
2026-06-25 07:07:19 | DEBUG    | shortsqueeze.signals:scan_stock - SPRY: No signal - price=False (-28.7%, need +5.0%), vol=True (ratio=9.4x, need 3.0x, src=yahoo_intraday), vwap=False ($7.52 vs VWAP $9.90), squeeze=True, mom=False (mom_val=0.50)
2026-06-25 07:07:19 | DEBUG    | shortsqueeze.signals:scan_stock - WEN: price=$7.46, prev_close=$7.87 (source: yahoo)
2026-06-25 07:07:20 | DEBUG    | shortsqueeze.signals:scan_stock - WEN: Yahoo 1-min volume=43,356,447
2026-06-25 07:07:20 | DEBUG    | shortsqueeze.signals:scan_stock - WEN: No signal - price=False (-5.2%, need +5.0%), vol=True (ratio=22.4x, need 3.0x, src=yahoo_intraday), vwap=False ($7.46 vs VWAP $8.01), squeeze=True, mom=False (mom_val=-0.42)
2026-06-25 07:07:20 | DEBUG    | shortsqueeze.signals:scan_stock - AI: price=$8.60, prev_close=$9.32 (source: yahoo)
2026-06-25 07:07:20 | DEBUG    | shortsqueeze.signals:scan_stock - AI: Yahoo 1-min volume=1,574,398
2026-06-25 07:07:20 | DEBUG    | shortsqueeze.signals:scan_stock - AI: No signal - price=False (-7.7%, need +5.0%), vol=False (ratio=2.0x, need 3.0x, src=yahoo_intraday), vwap=False ($8.60 vs VWAP $9.43), squeeze=True, mom=False (mom_val=-0.85)
2026-06-25 07:07:21 | DEBUG    | shortsqueeze.signals:scan_stock - FIG: price=$17.32, prev_close=$18.64 (source: yahoo)
2026-06-25 07:07:21 | DEBUG    | shortsqueeze.signals:scan_stock - FIG: Yahoo 1-min volume=6,347,519
2026-06-25 07:07:21 | DEBUG    | shortsqueeze.signals:scan_stock - FIG: No signal - price=False (-7.1%, need +5.0%), vol=True (ratio=3.7x, need 3.0x, src=yahoo_intraday), vwap=False ($17.32 vs VWAP $18.83), squeeze=True, mom=False (mom_val=-5.36)
2026-06-25 07:07:22 | DEBUG    | shortsqueeze.signals:scan_stock - SATS: price=$102.68, prev_close=$103.92 (source: yahoo)
2026-06-25 07:07:22 | DEBUG    | shortsqueeze.signals:scan_stock - SATS: Using Yahoo info volume=11,498,135
2026-06-25 07:07:22 | DEBUG    | shortsqueeze.signals:scan_stock - SATS: No signal - price=False (-1.2%, need +5.0%), vol=True (ratio=9.2x, need 3.0x, src=yahoo), vwap=True, squeeze=True, mom=False (mom_val=-12.15)
2026-06-25 07:07:23 | DEBUG    | shortsqueeze.signals:scan_stock - FLNC: price=$19.05, prev_close=$19.75 (source: yahoo)
2026-06-25 07:07:23 | DEBUG    | shortsqueeze.signals:scan_stock - FLNC: Yahoo 1-min volume=1,885,026
2026-06-25 07:07:23 | DEBUG    | shortsqueeze.signals:scan_stock - FLNC: No signal - price=False (-3.5%, need +5.0%), vol=False (ratio=1.5x, need 3.0x, src=yahoo_intraday), vwap=False ($19.05 vs VWAP $20.06), squeeze=False, mom=False (mom_val=-2.50)
2026-06-25 07:07:24 | DEBUG    | shortsqueeze.signals:scan_stock - LCID: price=$5.24, prev_close=$5.13 (source: yahoo)
2026-06-25 07:07:24 | DEBUG    | shortsqueeze.signals:scan_stock - LCID: Yahoo 1-min volume=1,336,463
2026-06-25 07:07:24 | DEBUG    | shortsqueeze.signals:scan_stock - LCID: No signal - price=False (+1.9%, need +5.0%), vol=False (ratio=1.0x, need 3.0x, src=yahoo_intraday), vwap=True ($5.24 vs VWAP $5.18), squeeze=True, mom=False (mom_val=-0.70)
2026-06-25 07:07:24 | DEBUG    | shortsqueeze.signals:scan_stock - PCT: price=$8.14, prev_close=$8.00 (source: yahoo)
2026-06-25 07:07:25 | DEBUG    | shortsqueeze.signals:scan_stock - PCT: Yahoo 1-min volume=301,331
2026-06-25 07:07:25 | DEBUG    | shortsqueeze.signals:scan_stock - PCT: No signal - price=False (+1.8%, need +5.0%), vol=False (ratio=0.5x, need 3.0x, src=yahoo_intraday), vwap=True ($8.14 vs VWAP $8.01), squeeze=True, mom=False (mom_val=-4.00)
2026-06-25 07:07:25 | DEBUG    | shortsqueeze.signals:scan_stock - SPHR: price=$157.56, prev_close=$155.12 (source: yahoo)
2026-06-25 07:07:26 | DEBUG    | shortsqueeze.signals:scan_stock - SPHR: Yahoo 1-min volume=44,278
2026-06-25 07:07:26 | DEBUG    | shortsqueeze.signals:scan_stock - SPHR: No signal - price=False (+1.6%, need +5.0%), vol=False (ratio=0.7x, need 3.0x, src=yahoo_intraday), vwap=True ($157.56 vs VWAP $157.50), squeeze=True, mom=False (mom_val=13.69)
2026-06-25 07:07:26 | DEBUG    | shortsqueeze.signals:scan_stock - NTST: price=$20.70, prev_close=$20.38 (source: yahoo)
2026-06-25 07:07:27 | DEBUG    | shortsqueeze.signals:scan_stock - NTST: Yahoo 1-min volume=1,645,661
2026-06-25 07:07:27 | DEBUG    | shortsqueeze.signals:scan_stock - NTST: No signal - price=False (+1.6%, need +5.0%), vol=True (ratio=11.8x, need 3.0x, src=yahoo_intraday), vwap=True ($20.70 vs VWAP $20.39), squeeze=False, mom=True (mom_val=0.11)
2026-06-25 07:07:27 | DEBUG    | shortsqueeze.signals:scan_stock - ASAN: price=$6.31, prev_close=$6.65 (source: yahoo)
2026-06-25 07:07:28 | DEBUG    | shortsqueeze.signals:scan_stock - ASAN: Yahoo 1-min volume=617,193
2026-06-25 07:07:28 | DEBUG    | shortsqueeze.signals:scan_stock - ASAN: No signal - price=False (-5.0%, need +5.0%), vol=False (ratio=1.0x, need 3.0x, src=yahoo_intraday), vwap=False ($6.31 vs VWAP $6.72), squeeze=True, mom=False (mom_val=-1.13)
2026-06-25 07:07:28 | DEBUG    | shortsqueeze.signals:scan_stock - MNRO: price=$14.63, prev_close=$15.71 (source: yahoo)
2026-06-25 07:07:28 | DEBUG    | shortsqueeze.signals:scan_stock - MNRO: Yahoo 1-min volume=46,513
2026-06-25 07:07:28 | DEBUG    | shortsqueeze.signals:scan_stock - MNRO: No signal - price=False (-6.8%, need +5.0%), vol=False (ratio=0.3x, need 3.0x, src=yahoo_intraday), vwap=False ($14.63 vs VWAP $15.73), squeeze=True, mom=False (mom_val=-0.31)
2026-06-25 07:07:29 | DEBUG    | shortsqueeze.signals:scan_stock - IBRX: price=$7.72, prev_close=$7.80 (source: yahoo)
2026-06-25 07:07:29 | DEBUG    | shortsqueeze.signals:scan_stock - IBRX: Yahoo 1-min volume=1,668,272
2026-06-25 07:07:29 | DEBUG    | shortsqueeze.signals:scan_stock - IBRX: No signal - price=False (-1.0%, need +5.0%), vol=False (ratio=1.5x, need 3.0x, src=yahoo_intraday), vwap=False ($7.72 vs VWAP $7.75), squeeze=False, mom=False (mom_val=-0.05)
2026-06-25 07:07:30 | DEBUG    | shortsqueeze.signals:scan_stock - TRIP: price=$13.02, prev_close=$12.98 (source: yahoo)
2026-06-25 07:07:30 | DEBUG    | shortsqueeze.signals:scan_stock - TRIP: Yahoo 1-min volume=342,749
2026-06-25 07:07:30 | DEBUG    | shortsqueeze.signals:scan_stock - TRIP: No signal - price=False (+0.3%, need +5.0%), vol=False (ratio=0.8x, need 3.0x, src=yahoo_intraday), vwap=True ($13.02 vs VWAP $12.84), squeeze=True, mom=False (mom_val=0.90)
2026-06-25 07:07:31 | DEBUG    | shortsqueeze.signals:scan_stock - TMDX: price=$79.66, prev_close=$77.61 (source: yahoo)
2026-06-25 07:07:31 | DEBUG    | shortsqueeze.signals:scan_stock - TMDX: Yahoo 1-min volume=160,674
2026-06-25 07:07:31 | DEBUG    | shortsqueeze.signals:scan_stock - TMDX: No signal - price=False (+2.6%, need +5.0%), vol=False (ratio=1.6x, need 3.0x, src=yahoo_intraday), vwap=True ($79.66 vs VWAP $77.15), squeeze=True, mom=True (mom_val=8.04)
2026-06-25 07:07:32 | DEBUG    | shortsqueeze.signals:scan_stock - PLAY: price=$12.31, prev_close=$12.09 (source: yahoo)
2026-06-25 07:07:32 | DEBUG    | shortsqueeze.signals:scan_stock - PLAY: Yahoo 1-min volume=151,404
2026-06-25 07:07:32 | DEBUG    | shortsqueeze.signals:scan_stock - PLAY: No signal - price=False (+1.9%, need +5.0%), vol=False (ratio=0.8x, need 3.0x, src=yahoo_intraday), vwap=True ($12.31 vs VWAP $11.96), squeeze=True, mom=False (mom_val=-0.68)
2026-06-25 07:07:33 | DEBUG    | shortsqueeze.signals:scan_stock - SLS: price=$9.48, prev_close=$9.17 (source: yahoo)
2026-06-25 07:07:33 | DEBUG    | shortsqueeze.signals:scan_stock - SLS: Yahoo 1-min volume=1,128,927
2026-06-25 07:07:33 | DEBUG    | shortsqueeze.signals:scan_stock - SLS: No signal - price=False (+3.4%, need +5.0%), vol=False (ratio=1.5x, need 3.0x, src=yahoo_intraday), vwap=True ($9.48 vs VWAP $9.04), squeeze=True, mom=False (mom_val=-0.30)
2026-06-25 07:07:34 | DEBUG    | shortsqueeze.signals:scan_stock - HIMS: price=$31.05, prev_close=$32.70 (source: yahoo)
2026-06-25 07:07:34 | DEBUG    | shortsqueeze.signals:scan_stock - HIMS: Yahoo 1-min volume=3,370,526
2026-06-25 07:07:34 | DEBUG    | shortsqueeze.signals:scan_stock - HIMS: No signal - price=False (-5.0%, need +5.0%), vol=False (ratio=1.9x, need 3.0x, src=yahoo_intraday), vwap=False ($31.05 vs VWAP $32.70), squeeze=True, mom=False (mom_val=4.42)
2026-06-25 07:07:34 | DEBUG    | shortsqueeze.signals:scan_stock - BEAM: price=$34.65, prev_close=$33.90 (source: yahoo)
2026-06-25 07:07:35 | DEBUG    | shortsqueeze.signals:scan_stock - BEAM: Yahoo 1-min volume=313,436
2026-06-25 07:07:35 | DEBUG    | shortsqueeze.signals:scan_stock - BEAM: No signal - price=False (+2.2%, need +5.0%), vol=False (ratio=1.6x, need 3.0x, src=yahoo_intraday), vwap=True ($34.65 vs VWAP $34.59), squeeze=True, mom=True (mom_val=1.90)
2026-06-25 07:07:35 | DEBUG    | shortsqueeze.signals:scan_stock - ONDS: price=$7.46, prev_close=$7.68 (source: yahoo)
2026-06-25 07:07:36 | DEBUG    | shortsqueeze.signals:scan_stock - ONDS: Yahoo 1-min volume=14,082,100
2026-06-25 07:07:36 | DEBUG    | shortsqueeze.signals:scan_stock - ONDS: No signal - price=False (-2.8%, need +5.0%), vol=False (ratio=2.0x, need 3.0x, src=yahoo_intraday), vwap=False ($7.46 vs VWAP $7.92), squeeze=True, mom=False (mom_val=-3.61)
2026-06-25 07:07:36 | DEBUG    | shortsqueeze.signals:scan_stock - CPB: price=$22.68, prev_close=$22.23 (source: yahoo)
2026-06-25 07:07:37 | DEBUG    | shortsqueeze.signals:scan_stock - CPB: Yahoo 1-min volume=1,173,576
2026-06-25 07:07:37 | DEBUG    | shortsqueeze.signals:scan_stock - CPB: No signal - price=False (+2.0%, need +5.0%), vol=False (ratio=1.0x, need 3.0x, src=yahoo_intraday), vwap=True ($22.68 vs VWAP $22.10), squeeze=True, mom=True (mom_val=0.31)
2026-06-25 07:07:37 | DEBUG    | shortsqueeze.signals:scan_stock - TEM: price=$54.30, prev_close=$51.94 (source: yahoo)
2026-06-25 07:07:38 | DEBUG    | shortsqueeze.signals:scan_stock - TEM: Yahoo 1-min volume=2,409,553
2026-06-25 07:07:38 | DEBUG    | shortsqueeze.signals:scan_stock - TEM: No signal - price=False (+4.5%, need +5.0%), vol=True (ratio=3.4x, need 3.0x, src=yahoo_intraday), vwap=True ($54.30 vs VWAP $51.12), squeeze=False, mom=True (mom_val=0.87)
2026-06-25 07:07:38 | DEBUG    | shortsqueeze.signals:scan_stock - PATH: price=$10.21, prev_close=$10.31 (source: yahoo)
2026-06-25 07:07:38 | DEBUG    | shortsqueeze.signals:scan_stock - PATH: Yahoo 1-min volume=5,681,198
2026-06-25 07:07:38 | DEBUG    | shortsqueeze.signals:scan_stock - PATH: No signal - price=False (-1.0%, need +5.0%), vol=False (ratio=1.2x, need 3.0x, src=yahoo_intraday), vwap=False ($10.21 vs VWAP $10.45), squeeze=True, mom=False (mom_val=-1.58)
2026-06-25 07:07:39 | DEBUG    | shortsqueeze.signals:scan_stock - EOSE: price=$5.88, prev_close=$6.06 (source: yahoo)
2026-06-25 07:07:39 | DEBUG    | shortsqueeze.signals:scan_stock - EOSE: Yahoo 1-min volume=3,116,733
2026-06-25 07:07:39 | DEBUG    | shortsqueeze.signals:scan_stock - EOSE: No signal - price=False (-2.9%, need +5.0%), vol=False (ratio=1.5x, need 3.0x, src=yahoo_intraday), vwap=False ($5.88 vs VWAP $6.12), squeeze=True, mom=False (mom_val=-1.64)
2026-06-25 07:07:40 | DEBUG    | shortsqueeze.signals:scan_stock - PAR: price=$17.52, prev_close=$16.38 (source: yahoo)
2026-06-25 07:07:40 | DEBUG    | shortsqueeze.signals:scan_stock - PAR: Yahoo 1-min volume=94,218
2026-06-25 07:07:40 | DEBUG    | shortsqueeze.signals:scan_stock - PAR: No signal - price=True (+6.9%, need +5.0%), vol=False (ratio=0.7x, need 3.0x, src=yahoo_intraday), vwap=True ($17.52 vs VWAP $16.29), squeeze=True, mom=True (mom_val=0.61)
2026-06-25 07:07:41 | DEBUG    | shortsqueeze.signals:scan_stock - BETR: price=$26.08, prev_close=$26.19 (source: yahoo)
2026-06-25 07:07:41 | DEBUG    | shortsqueeze.signals:scan_stock - BETR: Yahoo 1-min volume=24,887
2026-06-25 07:07:41 | DEBUG    | shortsqueeze.signals:scan_stock - BETR: No signal - price=False (-0.4%, need +5.0%), vol=False (ratio=0.9x, need 3.0x, src=yahoo_intraday), vwap=False ($26.08 vs VWAP $26.70), squeeze=False, mom=False (mom_val=1.06)
2026-06-25 07:07:42 | DEBUG    | shortsqueeze.signals:scan_stock - UAA: price=$6.25, prev_close=$6.06 (source: yahoo)
2026-06-25 07:07:42 | DEBUG    | shortsqueeze.signals:scan_stock - UAA: Yahoo 1-min volume=893,127
2026-06-25 07:07:42 | DEBUG    | shortsqueeze.signals:scan_stock - UAA: No signal - price=False (+3.1%, need +5.0%), vol=False (ratio=1.4x, need 3.0x, src=yahoo_intraday), vwap=True ($6.25 vs VWAP $6.03), squeeze=True, mom=True (mom_val=0.35)
2026-06-25 07:07:43 | DEBUG    | shortsqueeze.signals:scan_stock - RUN: price=$13.30, prev_close=$14.42 (source: yahoo)
2026-06-25 07:07:43 | DEBUG    | shortsqueeze.signals:scan_stock - RUN: Yahoo 1-min volume=5,773,123
2026-06-25 07:07:43 | DEBUG    | shortsqueeze.signals:scan_stock - RUN: No signal - price=False (-7.8%, need +5.0%), vol=True (ratio=5.8x, need 3.0x, src=yahoo_intraday), vwap=False ($13.30 vs VWAP $15.61), squeeze=True, mom=False (mom_val=-1.71)
2026-06-25 07:07:44 | DEBUG    | shortsqueeze.signals:scan_stock - WYFI: price=$36.02, prev_close=$38.72 (source: yahoo)
2026-06-25 07:07:44 | DEBUG    | shortsqueeze.signals:scan_stock - WYFI: Yahoo 1-min volume=878,103
2026-06-25 07:07:44 | DEBUG    | shortsqueeze.signals:scan_stock - WYFI: No signal - price=False (-7.0%, need +5.0%), vol=True (ratio=4.4x, need 3.0x, src=yahoo_intraday), vwap=False ($36.02 vs VWAP $40.33), squeeze=True, mom=True (mom_val=5.52)
2026-06-25 07:07:44 | DEBUG    | shortsqueeze.signals:scan_stock - QUBT: price=$9.50, prev_close=$9.70 (source: yahoo)
2026-06-25 07:07:45 | DEBUG    | shortsqueeze.signals:scan_stock - QUBT: Yahoo 1-min volume=3,997,886
2026-06-25 07:07:45 | DEBUG    | shortsqueeze.signals:scan_stock - QUBT: No signal - price=False (-2.0%, need +5.0%), vol=False (ratio=2.2x, need 3.0x, src=yahoo_intraday), vwap=False ($9.50 vs VWAP $9.91), squeeze=True, mom=False (mom_val=-1.42)
2026-06-25 07:07:45 | DEBUG    | shortsqueeze.signals:scan_stock - MARA: price=$13.29, prev_close=$14.01 (source: yahoo)
2026-06-25 07:07:46 | DEBUG    | shortsqueeze.signals:scan_stock - MARA: Yahoo 1-min volume=13,737,371
2026-06-25 07:07:46 | DEBUG    | shortsqueeze.signals:scan_stock - MARA: No signal - price=False (-5.1%, need +5.0%), vol=True (ratio=3.7x, need 3.0x, src=yahoo_intraday), vwap=False ($13.29 vs VWAP $14.08), squeeze=False, mom=False (mom_val=-0.01)
2026-06-25 07:07:46 | DEBUG    | shortsqueeze.signals:scan_stock - WGS: price=$65.68, prev_close=$63.54 (source: yahoo)
2026-06-25 07:07:47 | DEBUG    | shortsqueeze.signals:scan_stock - WGS: Yahoo 1-min volume=104,950
2026-06-25 07:07:47 | DEBUG    | shortsqueeze.signals:scan_stock - WGS: No signal - price=False (+3.4%, need +5.0%), vol=False (ratio=1.0x, need 3.0x, src=yahoo_intraday), vwap=True ($65.68 vs VWAP $63.17), squeeze=True, mom=False (mom_val=6.68)
2026-06-25 07:07:47 | DEBUG    | shortsqueeze.signals:scan_stock - SWKS: price=$71.02, prev_close=$71.44 (source: yahoo)
2026-06-25 07:07:47 | DEBUG    | shortsqueeze.signals:scan_stock - SWKS: Yahoo 1-min volume=744,165
2026-06-25 07:07:47 | DEBUG    | shortsqueeze.signals:scan_stock - SWKS: No signal - price=False (-0.6%, need +5.0%), vol=False (ratio=1.5x, need 3.0x, src=yahoo_intraday), vwap=True ($71.02 vs VWAP $70.93), squeeze=False, mom=False (mom_val=-6.38)
2026-06-25 07:07:48 | DEBUG    | shortsqueeze.signals:scan_stock - CERT: price=$5.58, prev_close=$5.43 (source: yahoo)
2026-06-25 07:07:48 | DEBUG    | shortsqueeze.signals:scan_stock - CERT: Yahoo 1-min volume=226,753
2026-06-25 07:07:48 | DEBUG    | shortsqueeze.signals:scan_stock - CERT: No signal - price=False (+2.7%, need +5.0%), vol=False (ratio=0.6x, need 3.0x, src=yahoo_intraday), vwap=True ($5.58 vs VWAP $5.50), squeeze=True, mom=False (mom_val=-0.04)
2026-06-25 07:07:49 | DEBUG    | shortsqueeze.signals:scan_stock - SRPT: price=$16.62, prev_close=$16.70 (source: yahoo)
2026-06-25 07:07:49 | DEBUG    | shortsqueeze.signals:scan_stock - SRPT: Yahoo 1-min volume=234,307
2026-06-25 07:07:49 | DEBUG    | shortsqueeze.signals:scan_stock - SRPT: No signal - price=False (-0.4%, need +5.0%), vol=False (ratio=0.9x, need 3.0x, src=yahoo_intraday), vwap=False ($16.62 vs VWAP $16.97), squeeze=True, mom=True (mom_val=0.72)
2026-06-25 07:07:50 | DEBUG    | shortsqueeze.signals:scan_stock - SBH: price=$14.40, prev_close=$14.32 (source: yahoo)
2026-06-25 07:07:50 | DEBUG    | shortsqueeze.signals:scan_stock - SBH: Yahoo 1-min volume=89,341
2026-06-25 07:07:50 | DEBUG    | shortsqueeze.signals:scan_stock - SBH: No signal - price=False (+0.6%, need +5.0%), vol=False (ratio=0.6x, need 3.0x, src=yahoo_intraday), vwap=True ($14.40 vs VWAP $14.22), squeeze=True, mom=True (mom_val=0.93)
2026-06-25 07:07:51 | DEBUG    | shortsqueeze.signals:scan_stock - RXT: price=$6.57, prev_close=$6.82 (source: yahoo)
2026-06-25 07:07:51 | DEBUG    | shortsqueeze.signals:scan_stock - RXT: Yahoo 1-min volume=3,124,076
2026-06-25 07:07:51 | DEBUG    | shortsqueeze.signals:scan_stock - RXT: No signal - price=False (-3.7%, need +5.0%), vol=False (ratio=1.5x, need 3.0x, src=yahoo_intraday), vwap=False ($6.57 vs VWAP $6.91), squeeze=True, mom=False (mom_val=0.94)
2026-06-25 07:07:51 | DEBUG    | shortsqueeze.signals:scan_stock - NVAX: price=$8.73, prev_close=$8.89 (source: yahoo)
2026-06-25 07:07:52 | DEBUG    | shortsqueeze.signals:scan_stock - NVAX: Yahoo 1-min volume=541,590
2026-06-25 07:07:52 | DEBUG    | shortsqueeze.signals:scan_stock - NVAX: No signal - price=False (-1.8%, need +5.0%), vol=False (ratio=1.3x, need 3.0x, src=yahoo_intraday), vwap=False ($8.73 vs VWAP $9.01), squeeze=True, mom=False (mom_val=-1.25)
2026-06-25 07:07:52 | DEBUG    | shortsqueeze.signals:scan_stock - CSIQ: price=$16.73, prev_close=$14.98 (source: yahoo)
2026-06-25 07:07:53 | DEBUG    | shortsqueeze.signals:scan_stock - CSIQ: Yahoo 1-min volume=446,093
2026-06-25 07:07:53 | DEBUG    | shortsqueeze.signals:scan_stock - CSIQ: No signal - price=True (+11.6%, need +5.0%), vol=False (ratio=1.8x, need 3.0x, src=yahoo_intraday), vwap=True ($16.73 vs VWAP $15.13), squeeze=True, mom=False (mom_val=-3.11)
2026-06-25 07:07:53 | DEBUG    | shortsqueeze.signals:scan_stock - ABEO: price=$5.71, prev_close=$5.62 (source: yahoo)
2026-06-25 07:07:54 | DEBUG    | shortsqueeze.signals:scan_stock - ABEO: Yahoo 1-min volume=85,401
2026-06-25 07:07:54 | DEBUG    | shortsqueeze.signals:scan_stock - ABEO: No signal - price=False (+1.5%, need +5.0%), vol=False (ratio=0.9x, need 3.0x, src=yahoo_intraday), vwap=True ($5.71 vs VWAP $5.69), squeeze=False, mom=True (mom_val=0.07)
2026-06-25 07:07:54 | DEBUG    | shortsqueeze.signals:scan_stock - ENVX: price=$6.01, prev_close=$5.94 (source: yahoo)
2026-06-25 07:07:55 | DEBUG    | shortsqueeze.signals:scan_stock - ENVX: Yahoo 1-min volume=1,096,726
2026-06-25 07:07:55 | DEBUG    | shortsqueeze.signals:scan_stock - ENVX: No signal - price=False (+1.3%, need +5.0%), vol=False (ratio=1.8x, need 3.0x, src=yahoo_intraday), vwap=False ($6.01 vs VWAP $6.06), squeeze=True, mom=False (mom_val=-1.42)
2026-06-25 07:07:55 | DEBUG    | shortsqueeze.signals:scan_stock - SERV: price=$5.91, prev_close=$6.12 (source: yahoo)
2026-06-25 07:07:56 | DEBUG    | shortsqueeze.signals:scan_stock - SERV: Yahoo 1-min volume=1,291,915
2026-06-25 07:07:56 | DEBUG    | shortsqueeze.signals:scan_stock - SERV: No signal - price=False (-3.5%, need +5.0%), vol=False (ratio=2.2x, need 3.0x, src=yahoo_intraday), vwap=False ($5.91 vs VWAP $6.19), squeeze=True, mom=False (mom_val=-2.02)
2026-06-25 07:07:56 | DEBUG    | shortsqueeze.signals:scan_stock - WULF: price=$26.00, prev_close=$26.97 (source: yahoo)
2026-06-25 07:07:56 | DEBUG    | shortsqueeze.signals:scan_stock - WULF: Yahoo 1-min volume=3,524,575
2026-06-25 07:07:56 | DEBUG    | shortsqueeze.signals:scan_stock - WULF: No signal - price=False (-3.6%, need +5.0%), vol=False (ratio=1.5x, need 3.0x, src=yahoo_intraday), vwap=False ($26.00 vs VWAP $27.10), squeeze=False, mom=False (mom_val=1.51)
2026-06-25 07:07:57 | DEBUG    | shortsqueeze.signals:scan_stock - BIRK: price=$46.03, prev_close=$45.09 (source: yahoo)
2026-06-25 07:07:57 | DEBUG    | shortsqueeze.signals:scan_stock - BIRK: Yahoo 1-min volume=118,332
2026-06-25 07:07:57 | DEBUG    | shortsqueeze.signals:scan_stock - BIRK: No signal - price=False (+2.1%, need +5.0%), vol=False (ratio=0.5x, need 3.0x, src=yahoo_intraday), vwap=True ($46.03 vs VWAP $44.54), squeeze=True, mom=False (mom_val=0.94)
2026-06-25 07:07:58 | DEBUG    | shortsqueeze.signals:scan_stock - ABSI: price=$10.27, prev_close=$10.07 (source: yahoo)
2026-06-25 07:07:58 | DEBUG    | shortsqueeze.signals:scan_stock - ABSI: Yahoo 1-min volume=2,828,845
2026-06-25 07:07:58 | DEBUG    | shortsqueeze.signals:scan_stock - ABSI: No signal - price=False (+2.0%, need +5.0%), vol=True (ratio=4.0x, need 3.0x, src=yahoo_intraday), vwap=True ($10.27 vs VWAP $9.75), squeeze=True, mom=True (mom_val=1.61)
2026-06-25 07:07:59 | DEBUG    | shortsqueeze.signals:scan_stock - VNET: price=$7.69, prev_close=$8.15 (source: yahoo)
2026-06-25 07:07:59 | DEBUG    | shortsqueeze.signals:scan_stock - VNET: Yahoo 1-min volume=1,199,181
2026-06-25 07:07:59 | DEBUG    | shortsqueeze.signals:scan_stock - VNET: No signal - price=False (-5.7%, need +5.0%), vol=False (ratio=2.0x, need 3.0x, src=yahoo_intraday), vwap=False ($7.69 vs VWAP $8.18), squeeze=True, mom=False (mom_val=-1.71)
2026-06-25 07:08:00 | DEBUG    | shortsqueeze.signals:scan_stock - CRML: price=$9.06, prev_close=$9.34 (source: yahoo)
2026-06-25 07:08:00 | DEBUG    | shortsqueeze.signals:scan_stock - CRML: Yahoo 1-min volume=1,280,322
2026-06-25 07:08:00 | DEBUG    | shortsqueeze.signals:scan_stock - CRML: No signal - price=False (-3.0%, need +5.0%), vol=False (ratio=2.1x, need 3.0x, src=yahoo_intraday), vwap=False ($9.06 vs VWAP $9.59), squeeze=True, mom=False (mom_val=-1.14)
2026-06-25 07:08:01 | DEBUG    | shortsqueeze.signals:scan_stock - CADL: price=$9.41, prev_close=$9.27 (source: yahoo)
2026-06-25 07:08:01 | DEBUG    | shortsqueeze.signals:scan_stock - CADL: Yahoo 1-min volume=175,257
2026-06-25 07:08:01 | DEBUG    | shortsqueeze.signals:scan_stock - CADL: No signal - price=False (+1.5%, need +5.0%), vol=False (ratio=0.9x, need 3.0x, src=yahoo_intraday), vwap=True ($9.41 vs VWAP $9.33), squeeze=True, mom=True (mom_val=0.19)
2026-06-25 07:08:01 | DEBUG    | shortsqueeze.signals:scan_stock - NNE: price=$22.91, prev_close=$23.16 (source: yahoo)
2026-06-25 07:08:02 | DEBUG    | shortsqueeze.signals:scan_stock - NNE: Yahoo 1-min volume=1,004,377
2026-06-25 07:08:02 | DEBUG    | shortsqueeze.signals:scan_stock - NNE: No signal - price=False (-1.1%, need +5.0%), vol=True (ratio=3.2x, need 3.0x, src=yahoo_intraday), vwap=False ($22.91 vs VWAP $23.09), squeeze=True, mom=False (mom_val=-3.35)
2026-06-25 07:08:03 | DEBUG    | shortsqueeze.signals:scan_stock - OWL: price=$8.73, prev_close=$8.47 (source: yahoo)
2026-06-25 07:08:03 | DEBUG    | shortsqueeze.signals:scan_stock - OWL: Yahoo 1-min volume=3,661,824
2026-06-25 07:08:03 | DEBUG    | shortsqueeze.signals:scan_stock - OWL: No signal - price=False (+3.0%, need +5.0%), vol=False (ratio=1.5x, need 3.0x, src=yahoo_intraday), vwap=True ($8.73 vs VWAP $8.62), squeeze=True, mom=False (mom_val=-0.81)
2026-06-25 07:08:03 | DEBUG    | shortsqueeze.signals:scan_stock - ALMU: price=$19.43, prev_close=$21.02 (source: yahoo)
2026-06-25 07:08:04 | DEBUG    | shortsqueeze.signals:scan_stock - ALMU: Yahoo 1-min volume=208,370
2026-06-25 07:08:04 | DEBUG    | shortsqueeze.signals:scan_stock - ALMU: No signal - price=False (-7.6%, need +5.0%), vol=False (ratio=2.1x, need 3.0x, src=yahoo_intraday), vwap=False ($19.43 vs VWAP $20.99), squeeze=False, mom=False (mom_val=-1.66)
2026-06-25 07:08:04 | DEBUG    | shortsqueeze.signals:scan_stock - CRVS: price=$13.13, prev_close=$12.94 (source: yahoo)
2026-06-25 07:08:05 | DEBUG    | shortsqueeze.signals:scan_stock - CRVS: Yahoo 1-min volume=177,279
2026-06-25 07:08:05 | DEBUG    | shortsqueeze.signals:scan_stock - CRVS: No signal - price=False (+1.5%, need +5.0%), vol=False (ratio=1.4x, need 3.0x, src=yahoo_intraday), vwap=True ($13.13 vs VWAP $12.95), squeeze=True, mom=True (mom_val=0.66)
2026-06-25 07:08:05 | DEBUG    | shortsqueeze.signals:scan_stock - OMER: price=$11.42, prev_close=$10.58 (source: yahoo)
2026-06-25 07:08:05 | DEBUG    | shortsqueeze.signals:scan_stock - OMER: Yahoo 1-min volume=76,790
2026-06-25 07:08:05 | DEBUG    | shortsqueeze.signals:scan_stock - OMER: No signal - price=True (+7.9%, need +5.0%), vol=False (ratio=0.4x, need 3.0x, src=yahoo_intraday), vwap=True ($11.42 vs VWAP $10.62), squeeze=True, mom=True (mom_val=0.67)
2026-06-25 07:08:06 | DEBUG    | shortsqueeze.signals:scan_stock - PZZA: price=$33.84, prev_close=$35.99 (source: yahoo)
2026-06-25 07:08:06 | DEBUG    | shortsqueeze.signals:scan_stock - PZZA: Yahoo 1-min volume=99,349
2026-06-25 07:08:06 | DEBUG    | shortsqueeze.signals:scan_stock - PZZA: No signal - price=False (-6.0%, need +5.0%), vol=False (ratio=1.0x, need 3.0x, src=yahoo_intraday), vwap=False ($33.84 vs VWAP $35.87), squeeze=True, mom=True (mom_val=1.60)
2026-06-25 07:08:07 | DEBUG    | shortsqueeze.signals:scan_stock - RDW: price=$10.52, prev_close=$11.38 (source: yahoo)
2026-06-25 07:08:07 | DEBUG    | shortsqueeze.signals:scan_stock - RDW: Yahoo 1-min volume=7,282,065
2026-06-25 07:08:07 | DEBUG    | shortsqueeze.signals:scan_stock - RDW: No signal - price=False (-7.6%, need +5.0%), vol=False (ratio=1.6x, need 3.0x, src=yahoo_intraday), vwap=False ($10.52 vs VWAP $11.59), squeeze=True, mom=False (mom_val=-9.06)
2026-06-25 07:08:08 | DEBUG    | shortsqueeze.signals:scan_stock - JBLU: price=$6.13, prev_close=$5.79 (source: yahoo)
2026-06-25 07:08:08 | DEBUG    | shortsqueeze.signals:scan_stock - JBLU: Yahoo 1-min volume=7,749,962
2026-06-25 07:08:08 | INFO     | shortsqueeze.signals:scan_stock - JBLU: Entry signal detected - moderate - Squeeze fired | Bullish momentum | +5.9% | 3.1x volume
2026-06-25 07:08:09 | DEBUG    | shortsqueeze.signals:scan_stock - SVV: price=$9.61, prev_close=$10.23 (source: yahoo)
2026-06-25 07:08:09 | DEBUG    | shortsqueeze.signals:scan_stock - SVV: Yahoo 1-min volume=41,020
2026-06-25 07:08:09 | DEBUG    | shortsqueeze.signals:scan_stock - SVV: No signal - price=False (-6.1%, need +5.0%), vol=False (ratio=0.5x, need 3.0x, src=yahoo_intraday), vwap=False ($9.61 vs VWAP $10.22), squeeze=True, mom=False (mom_val=0.84)
2026-06-25 07:08:10 | DEBUG    | shortsqueeze.signals:scan_stock - TDUP: price=$6.59, prev_close=$6.54 (source: yahoo)
2026-06-25 07:08:10 | DEBUG    | shortsqueeze.signals:scan_stock - TDUP: Yahoo 1-min volume=107,994
2026-06-25 07:08:10 | DEBUG    | shortsqueeze.signals:scan_stock - TDUP: No signal - price=False (+0.8%, need +5.0%), vol=False (ratio=0.6x, need 3.0x, src=yahoo_intraday), vwap=True ($6.59 vs VWAP $6.51), squeeze=True, mom=True (mom_val=1.07)
2026-06-25 07:08:11 | DEBUG    | shortsqueeze.signals:scan_stock - ORIC: price=$9.03, prev_close=$9.43 (source: yahoo)
2026-06-25 07:08:11 | DEBUG    | shortsqueeze.signals:scan_stock - ORIC: Yahoo 1-min volume=180,979
2026-06-25 07:08:11 | DEBUG    | shortsqueeze.signals:scan_stock - ORIC: No signal - price=False (-4.3%, need +5.0%), vol=False (ratio=1.0x, need 3.0x, src=yahoo_intraday), vwap=False ($9.03 vs VWAP $9.40), squeeze=True, mom=True (mom_val=0.80)
2026-06-25 07:08:12 | DEBUG    | shortsqueeze.signals:scan_stock - ASST: price=$11.87, prev_close=$12.55 (source: yahoo)
2026-06-25 07:08:12 | DEBUG    | shortsqueeze.signals:scan_stock - ASST: Yahoo 1-min volume=1,456,831
2026-06-25 07:08:12 | DEBUG    | shortsqueeze.signals:scan_stock - ASST: No signal - price=False (-5.4%, need +5.0%), vol=False (ratio=3.0x, need 3.0x, src=yahoo_intraday), vwap=False ($11.87 vs VWAP $12.85), squeeze=True, mom=False (mom_val=-2.30)
2026-06-25 07:08:13 | DEBUG    | shortsqueeze.signals:scan_stock - UAMY: price=$6.64, prev_close=$6.57 (source: yahoo)
2026-06-25 07:08:13 | DEBUG    | shortsqueeze.signals:scan_stock - UAMY: Yahoo 1-min volume=1,263,674
2026-06-25 07:08:13 | DEBUG    | shortsqueeze.signals:scan_stock - UAMY: No signal - price=False (+1.1%, need +5.0%), vol=False (ratio=1.5x, need 3.0x, src=yahoo_intraday), vwap=False ($6.64 vs VWAP $6.65), squeeze=True, mom=False (mom_val=-1.28)
2026-06-25 07:08:14 | DEBUG    | shortsqueeze.signals:scan_stock - BKSY: price=$26.19, prev_close=$25.21 (source: yahoo)
2026-06-25 07:08:14 | DEBUG    | shortsqueeze.signals:scan_stock - BKSY: Yahoo 1-min volume=373,099
2026-06-25 07:08:14 | DEBUG    | shortsqueeze.signals:scan_stock - BKSY: No signal - price=False (+3.9%, need +5.0%), vol=False (ratio=1.7x, need 3.0x, src=yahoo_intraday), vwap=True ($26.19 vs VWAP $25.52), squeeze=True, mom=False (mom_val=-15.21)
2026-06-25 07:08:15 | DEBUG    | shortsqueeze.signals:scan_stock - AESI: price=$16.30, prev_close=$15.75 (source: yahoo)
2026-06-25 07:08:15 | DEBUG    | shortsqueeze.signals:scan_stock - AESI: Yahoo 1-min volume=245,942
2026-06-25 07:08:15 | DEBUG    | shortsqueeze.signals:scan_stock - AESI: No signal - price=False (+3.5%, need +5.0%), vol=False (ratio=1.0x, need 3.0x, src=yahoo_intraday), vwap=True ($16.30 vs VWAP $15.65), squeeze=False, mom=False (mom_val=-1.18)
2026-06-25 07:08:16 | DEBUG    | shortsqueeze.signals:scan_stock - CAPR: price=$29.88, prev_close=$29.51 (source: yahoo)
2026-06-25 07:08:16 | DEBUG    | shortsqueeze.signals:scan_stock - CAPR: Yahoo 1-min volume=62,593
2026-06-25 07:08:16 | DEBUG    | shortsqueeze.signals:scan_stock - CAPR: No signal - price=False (+1.2%, need +5.0%), vol=False (ratio=0.7x, need 3.0x, src=yahoo_intraday), vwap=True ($29.88 vs VWAP $29.61), squeeze=True, mom=True (mom_val=1.20)
2026-06-25 07:08:17 | DEBUG    | shortsqueeze.signals:scan_stock - CWH: price=$7.74, prev_close=$7.56 (source: yahoo)
2026-06-25 07:08:17 | DEBUG    | shortsqueeze.signals:scan_stock - CWH: Yahoo 1-min volume=250,505
2026-06-25 07:08:17 | DEBUG    | shortsqueeze.signals:scan_stock - CWH: No signal - price=False (+2.3%, need +5.0%), vol=False (ratio=1.2x, need 3.0x, src=yahoo_intraday), vwap=True ($7.74 vs VWAP $7.62), squeeze=False, mom=True (mom_val=0.13)
2026-06-25 07:08:17 | DEBUG    | shortsqueeze.signals:scan_stock - BOBS: price=$15.07, prev_close=$14.39 (source: yahoo)
2026-06-25 07:08:18 | DEBUG    | shortsqueeze.signals:scan_stock - BOBS: Yahoo 1-min volume=78,355
2026-06-25 07:08:18 | DEBUG    | shortsqueeze.signals:scan_stock - BOBS: No signal - price=False (+4.8%, need +5.0%), vol=False (ratio=1.1x, need 3.0x, src=yahoo_intraday), vwap=True ($15.07 vs VWAP $14.13), squeeze=True, mom=True (mom_val=0.47)
2026-06-25 07:08:18 | DEBUG    | shortsqueeze.signals:scan_stock - PGEN: price=$5.57, prev_close=$5.40 (source: yahoo)
2026-06-25 07:08:19 | DEBUG    | shortsqueeze.signals:scan_stock - PGEN: Yahoo 1-min volume=689,830
2026-06-25 07:08:19 | DEBUG    | shortsqueeze.signals:scan_stock - PGEN: No signal - price=False (+3.1%, need +5.0%), vol=False (ratio=1.3x, need 3.0x, src=yahoo_intraday), vwap=True ($5.57 vs VWAP $5.42), squeeze=True, mom=True (mom_val=0.94)
2026-06-25 07:08:19 | DEBUG    | shortsqueeze.signals:scan_stock - RCAT: price=$9.18, prev_close=$9.34 (source: yahoo)
2026-06-25 07:08:19 | DEBUG    | shortsqueeze.signals:scan_stock - RCAT: Yahoo 1-min volume=2,285,257
2026-06-25 07:08:19 | DEBUG    | shortsqueeze.signals:scan_stock - RCAT: No signal - price=False (-1.8%, need +5.0%), vol=False (ratio=1.3x, need 3.0x, src=yahoo_intraday), vwap=False ($9.18 vs VWAP $9.58), squeeze=True, mom=False (mom_val=-3.03)
2026-06-25 07:08:20 | DEBUG    | shortsqueeze.signals:scan_stock - QXO: price=$17.69, prev_close=$16.93 (source: yahoo)
2026-06-25 07:08:20 | DEBUG    | shortsqueeze.signals:scan_stock - QXO: Yahoo 1-min volume=3,722,359
2026-06-25 07:08:20 | DEBUG    | shortsqueeze.signals:scan_stock - QXO: No signal - price=False (+4.5%, need +5.0%), vol=False (ratio=2.3x, need 3.0x, src=yahoo_intraday), vwap=True ($17.69 vs VWAP $16.47), squeeze=False, mom=True (mom_val=0.69)
2026-06-25 07:08:21 | DEBUG    | shortsqueeze.signals:scan_stock - TE: price=$8.35, prev_close=$8.53 (source: yahoo)
2026-06-25 07:08:21 | DEBUG    | shortsqueeze.signals:scan_stock - TE: Yahoo 1-min volume=5,607,864
2026-06-25 07:08:21 | DEBUG    | shortsqueeze.signals:scan_stock - TE: No signal - price=False (-2.1%, need +5.0%), vol=False (ratio=1.5x, need 3.0x, src=yahoo_intraday), vwap=False ($8.35 vs VWAP $8.67), squeeze=True, mom=False (mom_val=-1.82)
2026-06-25 07:08:22 | DEBUG    | shortsqueeze.signals:scan_stock - ASPI: price=$6.35, prev_close=$7.07 (source: yahoo)
2026-06-25 07:08:22 | DEBUG    | shortsqueeze.signals:scan_stock - ASPI: Yahoo 1-min volume=2,424,741
2026-06-25 07:08:22 | DEBUG    | shortsqueeze.signals:scan_stock - ASPI: No signal - price=False (-10.1%, need +5.0%), vol=True (ratio=4.4x, need 3.0x, src=yahoo_intraday), vwap=False ($6.35 vs VWAP $6.94), squeeze=True, mom=False (mom_val=-0.63)
2026-06-25 07:08:23 | DEBUG    | shortsqueeze.signals:scan_stock - ABCL: price=$6.31, prev_close=$6.03 (source: yahoo)
2026-06-25 07:08:23 | DEBUG    | shortsqueeze.signals:scan_stock - ABCL: Yahoo 1-min volume=1,834,421
2026-06-25 07:08:23 | DEBUG    | shortsqueeze.signals:scan_stock - ABCL: No signal - price=False (+4.8%, need +5.0%), vol=False (ratio=2.9x, need 3.0x, src=yahoo_intraday), vwap=True ($6.31 vs VWAP $6.03), squeeze=True, mom=False (mom_val=-0.25)
2026-06-25 07:08:24 | DEBUG    | shortsqueeze.signals:scan_stock - HTZ: price=$2.71, prev_close=$2.98 (source: yahoo)
2026-06-25 07:08:24 | DEBUG    | shortsqueeze.signals:scan_stock - HTZ: Yahoo 1-min volume=21,015,998
2026-06-25 07:08:24 | DEBUG    | shortsqueeze.signals:scan_stock - HTZ: No signal - price=False (-9.0%, need +5.0%), vol=True (ratio=19.6x, need 3.0x, src=yahoo_intraday), vwap=False ($2.71 vs VWAP $3.35), squeeze=True, mom=False (mom_val=-0.67)
2026-06-25 07:08:25 | DEBUG    | shortsqueeze.signals:scan_stock - FLWS: price=$3.62, prev_close=$3.63 (source: yahoo)
2026-06-25 07:08:25 | DEBUG    | shortsqueeze.signals:scan_stock - FLWS: Yahoo 1-min volume=20,674
2026-06-25 07:08:25 | DEBUG    | shortsqueeze.signals:scan_stock - FLWS: No signal - price=False (-0.3%, need +5.0%), vol=False (ratio=0.6x, need 3.0x, src=yahoo_intraday), vwap=False ($3.62 vs VWAP $3.63), squeeze=True, mom=False (mom_val=-0.60)
2026-06-25 07:08:25 | DEBUG    | shortsqueeze.signals:scan_stock - EVGO: price=$1.79, prev_close=$1.80 (source: yahoo)
2026-06-25 07:08:26 | DEBUG    | shortsqueeze.signals:scan_stock - EVGO: Yahoo 1-min volume=517,814
2026-06-25 07:08:26 | DEBUG    | shortsqueeze.signals:scan_stock - EVGO: No signal - price=False (-0.8%, need +5.0%), vol=False (ratio=1.2x, need 3.0x, src=yahoo_intraday), vwap=False ($1.79 vs VWAP $1.81), squeeze=True, mom=False (mom_val=-0.36)
2026-06-25 07:08:26 | DEBUG    | shortsqueeze.signals:scan_stock - RXRX: price=$3.25, prev_close=$3.23 (source: yahoo)
2026-06-25 07:08:27 | DEBUG    | shortsqueeze.signals:scan_stock - RXRX: Yahoo 1-min volume=2,705,003
2026-06-25 07:08:27 | DEBUG    | shortsqueeze.signals:scan_stock - RXRX: No signal - price=False (+0.5%, need +5.0%), vol=False (ratio=1.4x, need 3.0x, src=yahoo_intraday), vwap=False ($3.25 vs VWAP $3.26), squeeze=True, mom=False (mom_val=-0.34)
2026-06-25 07:08:27 | DEBUG    | shortsqueeze.signals:scan_stock - TTEC: price=$2.12, prev_close=$2.11 (source: yahoo)
2026-06-25 07:08:28 | DEBUG    | shortsqueeze.signals:scan_stock - TTEC: Yahoo 1-min volume=38,190
2026-06-25 07:08:28 | DEBUG    | shortsqueeze.signals:scan_stock - TTEC: No signal - price=False (+0.7%, need +5.0%), vol=False (ratio=0.7x, need 3.0x, src=yahoo_intraday), vwap=True ($2.12 vs VWAP $2.09), squeeze=True, mom=False (mom_val=-0.28)
2026-06-25 07:08:28 | DEBUG    | shortsqueeze.signals:scan_stock - XRX: price=$3.20, prev_close=$3.14 (source: yahoo)
2026-06-25 07:08:29 | DEBUG    | shortsqueeze.signals:scan_stock - XRX: Yahoo 1-min volume=443,762
2026-06-25 07:08:29 | DEBUG    | shortsqueeze.signals:scan_stock - XRX: No signal - price=False (+1.8%, need +5.0%), vol=False (ratio=0.9x, need 3.0x, src=yahoo_intraday), vwap=True ($3.20 vs VWAP $3.13), squeeze=False, mom=False (mom_val=-0.11)
2026-06-25 07:08:29 | DEBUG    | shortsqueeze.signals:scan_stock - INDI: price=$3.49, prev_close=$3.57 (source: yahoo)
2026-06-25 07:08:30 | DEBUG    | shortsqueeze.signals:scan_stock - INDI: Yahoo 1-min volume=629,235
2026-06-25 07:08:30 | DEBUG    | shortsqueeze.signals:scan_stock - INDI: No signal - price=False (-2.4%, need +5.0%), vol=False (ratio=1.2x, need 3.0x, src=yahoo_intraday), vwap=False ($3.49 vs VWAP $3.60), squeeze=True, mom=False (mom_val=-0.98)
2026-06-25 07:08:30 | DEBUG    | shortsqueeze.signals:scan_stock - MPT: price=$4.42, prev_close=$4.45 (source: yahoo)
2026-06-25 07:08:31 | DEBUG    | shortsqueeze.signals:scan_stock - MPT: Yahoo 1-min volume=567,349
2026-06-25 07:08:31 | DEBUG    | shortsqueeze.signals:scan_stock - MPT: No signal - price=False (-0.8%, need +5.0%), vol=False (ratio=1.0x, need 3.0x, src=yahoo_intraday), vwap=False ($4.42 vs VWAP $4.45), squeeze=True, mom=False (mom_val=-0.38)
2026-06-25 07:08:31 | DEBUG    | shortsqueeze.signals:scan_stock - PLUG: price=$2.55, prev_close=$2.61 (source: yahoo)
2026-06-25 07:08:31 | DEBUG    | shortsqueeze.signals:scan_stock - PLUG: Yahoo 1-min volume=9,272,170
2026-06-25 07:08:31 | DEBUG    | shortsqueeze.signals:scan_stock - PLUG: No signal - price=False (-2.1%, need +5.0%), vol=False (ratio=1.7x, need 3.0x, src=yahoo_intraday), vwap=False ($2.55 vs VWAP $2.65), squeeze=True, mom=False (mom_val=-1.01)
2026-06-25 07:08:32 | DEBUG    | shortsqueeze.signals:scan_stock - BBAI: price=$3.44, prev_close=$3.52 (source: yahoo)
2026-06-25 07:08:32 | DEBUG    | shortsqueeze.signals:scan_stock - BBAI: Yahoo 1-min volume=6,619,268
2026-06-25 07:08:32 | DEBUG    | shortsqueeze.signals:scan_stock - BBAI: No signal - price=False (-2.4%, need +5.0%), vol=False (ratio=1.6x, need 3.0x, src=yahoo_intraday), vwap=False ($3.44 vs VWAP $3.61), squeeze=True, mom=False (mom_val=-1.05)
2026-06-25 07:08:33 | DEBUG    | shortsqueeze.signals:scan_stock - RR: price=$1.90, prev_close=$1.92 (source: yahoo)
2026-06-25 07:08:33 | DEBUG    | shortsqueeze.signals:scan_stock - RR: Yahoo 1-min volume=1,868,875
2026-06-25 07:08:33 | DEBUG    | shortsqueeze.signals:scan_stock - RR: No signal - price=False (-0.5%, need +5.0%), vol=False (ratio=1.9x, need 3.0x, src=yahoo_intraday), vwap=False ($1.90 vs VWAP $1.92), squeeze=True, mom=False (mom_val=-0.81)
2026-06-25 07:08:34 | DEBUG    | shortsqueeze.signals:scan_stock - IOVA: price=$4.33, prev_close=$4.25 (source: yahoo)
2026-06-25 07:08:34 | DEBUG    | shortsqueeze.signals:scan_stock - IOVA: Yahoo 1-min volume=1,589,437
2026-06-25 07:08:34 | DEBUG    | shortsqueeze.signals:scan_stock - IOVA: No signal - price=False (+2.0%, need +5.0%), vol=False (ratio=1.2x, need 3.0x, src=yahoo_intraday), vwap=False ($4.33 vs VWAP $4.36), squeeze=False, mom=False (mom_val=-0.01)
2026-06-25 07:08:35 | DEBUG    | shortsqueeze.signals:scan_stock - OCGN: price=$1.42, prev_close=$1.39 (source: yahoo)
2026-06-25 07:08:35 | DEBUG    | shortsqueeze.signals:scan_stock - OCGN: Yahoo 1-min volume=946,191
2026-06-25 07:08:35 | DEBUG    | shortsqueeze.signals:scan_stock - OCGN: No signal - price=False (+1.8%, need +5.0%), vol=False (ratio=1.5x, need 3.0x, src=yahoo_intraday), vwap=True ($1.42 vs VWAP $1.41), squeeze=True, mom=True (mom_val=0.03)
2026-06-25 07:08:36 | DEBUG    | shortsqueeze.signals:scan_stock - SPCE: price=$2.66, prev_close=$2.73 (source: yahoo)
2026-06-25 07:08:36 | DEBUG    | shortsqueeze.signals:scan_stock - SPCE: Yahoo 1-min volume=3,588,548
2026-06-25 07:08:36 | DEBUG    | shortsqueeze.signals:scan_stock - SPCE: No signal - price=False (-2.7%, need +5.0%), vol=False (ratio=0.5x, need 3.0x, src=yahoo_intraday), vwap=False ($2.66 vs VWAP $2.81), squeeze=True, mom=False (mom_val=-2.56)
2026-06-25 07:08:37 | DEBUG    | shortsqueeze.signals:scan_stock - KULR: price=$3.75, prev_close=$3.69 (source: yahoo)
2026-06-25 07:08:37 | DEBUG    | shortsqueeze.signals:scan_stock - KULR: Yahoo 1-min volume=320,114
2026-06-25 07:08:37 | DEBUG    | shortsqueeze.signals:scan_stock - KULR: No signal - price=False (+1.6%, need +5.0%), vol=False (ratio=1.4x, need 3.0x, src=yahoo_intraday), vwap=True ($3.75 vs VWAP $3.64), squeeze=True, mom=False (mom_val=-0.96)
2026-06-25 07:08:37 | INFO     | shortsqueeze.signals:scan_watchlist - Scan complete: 97 stocks scanned, 2 signals detected, 0 errors
2026-06-25 07:08:37 | INFO     | shortsqueeze.bot:_run_scan - Processing 1 filtered signals
2026-06-25 07:08:37 | INFO     | shortsqueeze.bot:_process_signal - Executing entry for GRPN: 52 shares @ $21.32 (SL: $19.61)
2026-06-25 07:08:38 | INFO     | shortsqueeze.broker.alpaca_trader:submit_bracket_order - Bracket order submitted: BUY 52 GRPN @ $21.34 (SL: $19.61, TP: $23.87)
2026-06-25 07:08:38 | INFO     | shortsqueeze.bot:_process_signal - Trade submitted for GRPN: Order ID 114e2664-30f5-4222-a98a-5f22870e8643
2026-06-25 07:11:59 | INFO     | shortsqueeze.bot:_run_scan - Running intraday scan...
2026-06-25 07:12:00 | INFO     | shortsqueeze.bot:_run_scan - Max positions (5) reached. Skipping scan.
2026-06-25 07:16:59 | INFO     | shortsqueeze.bot:_run_scan - Running intraday scan...
2026-06-25 07:17:00 | INFO     | shortsqueeze.bot:_run_scan - Max positions (5) reached. Skipping scan.
2026-06-25 07:21:59 | INFO     | shortsqueeze.bot:_run_scan - Running intraday scan...
2026-06-25 07:22:00 | INFO     | shortsqueeze.bot:_run_scan - Max positions (5) reached. Skipping scan.
2026-06-25 07:26:59 | INFO     | shortsqueeze.bot:_run_scan - Running intraday scan...
2026-06-25 07:27:00 | INFO     | shortsqueeze.bot:_run_scan - Max positions (5) reached. Skipping scan.
2026-06-25 07:31:59 | INFO     | shortsqueeze.bot:_run_scan - Running intraday scan...
2026-06-25 07:32:00 | INFO     | shortsqueeze.bot:_run_scan - Max positions (5) reached. Skipping scan.
2026-06-25 07:36:59 | INFO     | shortsqueeze.bot:_run_scan - Running intraday scan...
2026-06-25 07:37:00 | INFO     | shortsqueeze.bot:_run_scan - Max positions (5) reached. Skipping scan.
2026-06-25 07:41:59 | INFO     | shortsqueeze.bot:_run_scan - Running intraday scan...
2026-06-25 07:42:00 | INFO     | shortsqueeze.bot:_run_scan - Max positions (5) reached. Skipping scan.
2026-06-25 07:46:59 | INFO     | shortsqueeze.bot:_run_scan - Running intraday scan...
2026-06-25 07:47:00 | INFO     | shortsqueeze.bot:_run_scan - Max positions (5) reached. Skipping scan.
2026-06-25 07:51:59 | INFO     | shortsqueeze.bot:_run_scan - Running intraday scan...
2026-06-25 07:52:00 | INFO     | shortsqueeze.bot:_run_scan - Max positions (5) reached. Skipping scan.
2026-06-25 07:56:59 | INFO     | shortsqueeze.bot:_run_scan - Running intraday scan...
2026-06-25 07:57:00 | INFO     | shortsqueeze.bot:_run_scan - Max positions (5) reached. Skipping scan.
2026-06-25 08:01:59 | INFO     | shortsqueeze.bot:_run_scan - Running intraday scan...
2026-06-25 08:02:00 | INFO     | shortsqueeze.bot:_run_scan - Max positions (5) reached. Skipping scan.
2026-06-25 08:06:59 | INFO     | shortsqueeze.bot:_run_scan - Running intraday scan...
2026-06-25 08:07:00 | INFO     | shortsqueeze.bot:_run_scan - Max positions (5) reached. Skipping scan.
2026-06-25 08:11:59 | INFO     | shortsqueeze.bot:_run_scan - Running intraday scan...
2026-06-25 08:12:00 | INFO     | shortsqueeze.bot:_run_scan - Max positions (5) reached. Skipping scan.
2026-06-25 08:16:59 | INFO     | shortsqueeze.bot:_run_scan - Running intraday scan...
2026-06-25 08:17:00 | INFO     | shortsqueeze.bot:_run_scan - Max positions (5) reached. Skipping scan.
2026-06-25 08:21:59 | INFO     | shortsqueeze.bot:_run_scan - Running intraday scan...
2026-06-25 08:22:00 | INFO     | shortsqueeze.bot:_run_scan - Max positions (5) reached. Skipping scan.
2026-06-25 08:26:59 | INFO     | shortsqueeze.bot:_run_scan - Running intraday scan...
2026-06-25 08:27:00 | INFO     | shortsqueeze.bot:_run_scan - Max positions (5) reached. Skipping scan.
2026-06-25 08:31:59 | INFO     | shortsqueeze.bot:_run_scan - Running intraday scan...
2026-06-25 08:32:00 | INFO     | shortsqueeze.bot:_run_scan - Max positions (5) reached. Skipping scan.
2026-06-25 08:36:59 | INFO     | shortsqueeze.bot:_run_scan - Running intraday scan...
2026-06-25 08:37:00 | INFO     | shortsqueeze.bot:_run_scan - Max positions (5) reached. Skipping scan.
2026-06-25 08:41:59 | INFO     | shortsqueeze.bot:_run_scan - Running intraday scan...
2026-06-25 08:42:00 | INFO     | shortsqueeze.bot:_run_scan - Max positions (5) reached. Skipping scan.
2026-06-25 08:46:59 | INFO     | shortsqueeze.bot:_run_scan - Running intraday scan...
2026-06-25 08:47:00 | INFO     | shortsqueeze.bot:_run_scan - Max positions (5) reached. Skipping scan.
2026-06-25 08:51:59 | INFO     | shortsqueeze.bot:_run_scan - Running intraday scan...
2026-06-25 08:52:00 | INFO     | shortsqueeze.bot:_run_scan - Max positions (5) reached. Skipping scan.
2026-06-25 08:56:59 | INFO     | shortsqueeze.bot:_run_scan - Running intraday scan...
2026-06-25 08:57:00 | INFO     | shortsqueeze.bot:_run_scan - Max positions (5) reached. Skipping scan.
2026-06-25 09:01:59 | INFO     | shortsqueeze.bot:_run_scan - Running intraday scan...
2026-06-25 09:02:00 | INFO     | shortsqueeze.bot:_run_scan - Max positions (5) reached. Skipping scan.
2026-06-25 09:06:59 | INFO     | shortsqueeze.bot:_run_scan - Running intraday scan...
2026-06-25 09:07:01 | INFO     | shortsqueeze.bot:_run_scan - Max positions (5) reached. Skipping scan.
2026-06-25 09:11:59 | INFO     | shortsqueeze.bot:_run_scan - Running intraday scan...
2026-06-25 09:12:00 | INFO     | shortsqueeze.bot:_run_scan - Max positions (5) reached. Skipping scan.
2026-06-25 09:16:59 | INFO     | shortsqueeze.bot:_run_scan - Running intraday scan...
2026-06-25 09:17:00 | INFO     | shortsqueeze.bot:_run_scan - Max positions (5) reached. Skipping scan.
2026-06-25 09:21:59 | INFO     | shortsqueeze.bot:_run_scan - Running intraday scan...
2026-06-25 09:22:00 | INFO     | shortsqueeze.bot:_run_scan - Max positions (5) reached. Skipping scan.
2026-06-25 09:26:59 | INFO     | shortsqueeze.bot:_run_scan - Running intraday scan...
2026-06-25 09:27:00 | INFO     | shortsqueeze.bot:_run_scan - Max positions (5) reached. Skipping scan.
2026-06-25 09:31:59 | INFO     | shortsqueeze.bot:_run_scan - Running intraday scan...
2026-06-25 09:32:00 | INFO     | shortsqueeze.bot:_run_scan - Max positions (5) reached. Skipping scan.
2026-06-25 09:36:59 | INFO     | shortsqueeze.bot:_run_scan - Running intraday scan...
2026-06-25 09:37:00 | INFO     | shortsqueeze.bot:_run_scan - Max positions (5) reached. Skipping scan.
2026-06-25 09:41:59 | INFO     | shortsqueeze.bot:_run_scan - Running intraday scan...
2026-06-25 09:42:00 | INFO     | shortsqueeze.bot:_run_scan - Max positions (5) reached. Skipping scan.
2026-06-25 09:46:59 | INFO     | shortsqueeze.bot:_run_scan - Running intraday scan...
2026-06-25 09:47:00 | INFO     | shortsqueeze.bot:_run_scan - Max positions (5) reached. Skipping scan.
2026-06-25 09:51:59 | INFO     | shortsqueeze.bot:_run_scan - Running intraday scan...
2026-06-25 09:52:00 | INFO     | shortsqueeze.bot:_run_scan - Max positions (5) reached. Skipping scan.
2026-06-25 09:56:59 | INFO     | shortsqueeze.bot:_run_scan - Running intraday scan...
2026-06-25 09:57:00 | INFO     | shortsqueeze.bot:_run_scan - Max positions (5) reached. Skipping scan.
2026-06-25 10:01:59 | INFO     | shortsqueeze.bot:_run_scan - Running intraday scan...
2026-06-25 10:02:01 | INFO     | shortsqueeze.bot:_run_scan - Max positions (5) reached. Skipping scan.
2026-06-25 10:06:59 | INFO     | shortsqueeze.bot:_run_scan - Running intraday scan...
2026-06-25 10:07:00 | INFO     | shortsqueeze.bot:_run_scan - Max positions (5) reached. Skipping scan.
2026-06-25 10:11:59 | INFO     | shortsqueeze.bot:_run_scan - Running intraday scan...
2026-06-25 10:12:00 | INFO     | shortsqueeze.bot:_run_scan - Max positions (5) reached. Skipping scan.
2026-06-25 10:16:59 | INFO     | shortsqueeze.bot:_run_scan - Running intraday scan...
2026-06-25 10:17:00 | INFO     | shortsqueeze.bot:_run_scan - Max positions (5) reached. Skipping scan.
2026-06-25 10:21:59 | INFO     | shortsqueeze.bot:_run_scan - Running intraday scan...
2026-06-25 10:22:00 | INFO     | shortsqueeze.bot:_run_scan - Max positions (5) reached. Skipping scan.
2026-06-25 10:26:59 | INFO     | shortsqueeze.bot:_run_scan - Running intraday scan...
2026-06-25 10:27:00 | INFO     | shortsqueeze.bot:_run_scan - Max positions (5) reached. Skipping scan.
2026-06-25 10:31:59 | INFO     | shortsqueeze.bot:_run_scan - Running intraday scan...
2026-06-25 10:32:00 | INFO     | shortsqueeze.bot:_run_scan - Max positions (5) reached. Skipping scan.
2026-06-25 10:36:59 | INFO     | shortsqueeze.bot:_run_scan - Running intraday scan...
2026-06-25 10:37:00 | INFO     | shortsqueeze.bot:_run_scan - Max positions (5) reached. Skipping scan.
2026-06-25 10:38:59 | WARNING  | shortsqueeze.broker.alpaca_data:wrapper - Remote connection error in _get_positions_with_retry, retrying in 2.0s (1/3): ('Connection aborted.', RemoteDisconnected('Remote end closed connection without response'))
2026-06-25 10:41:59 | INFO     | shortsqueeze.bot:_run_scan - Running intraday scan...
2026-06-25 10:42:01 | INFO     | shortsqueeze.bot:_run_scan - Max positions (5) reached. Skipping scan.
2026-06-25 10:46:59 | INFO     | shortsqueeze.bot:_run_scan - Running intraday scan...
2026-06-25 10:47:00 | INFO     | shortsqueeze.bot:_run_scan - Max positions (5) reached. Skipping scan.
2026-06-25 10:51:59 | INFO     | shortsqueeze.bot:_run_scan - Running intraday scan...
2026-06-25 10:52:00 | INFO     | shortsqueeze.bot:_run_scan - Max positions (5) reached. Skipping scan.
2026-06-25 10:56:59 | INFO     | shortsqueeze.bot:_run_scan - Running intraday scan...
2026-06-25 10:57:01 | INFO     | shortsqueeze.bot:_run_scan - Max positions (5) reached. Skipping scan.
2026-06-25 11:01:59 | INFO     | shortsqueeze.bot:_run_scan - Running intraday scan...
2026-06-25 11:02:00 | INFO     | shortsqueeze.bot:_run_scan - Max positions (5) reached. Skipping scan.
2026-06-25 11:06:59 | INFO     | shortsqueeze.bot:_run_scan - Running intraday scan...
2026-06-25 11:07:00 | INFO     | shortsqueeze.bot:_run_scan - Max positions (5) reached. Skipping scan.
2026-06-25 11:11:59 | INFO     | shortsqueeze.bot:_run_scan - Running intraday scan...
2026-06-25 11:12:00 | INFO     | shortsqueeze.bot:_run_scan - Max positions (5) reached. Skipping scan.
2026-06-25 11:16:59 | INFO     | shortsqueeze.bot:_run_scan - Running intraday scan...
2026-06-25 11:17:00 | INFO     | shortsqueeze.bot:_run_scan - Max positions (5) reached. Skipping scan.
2026-06-25 11:21:59 | INFO     | shortsqueeze.bot:_run_scan - Running intraday scan...
2026-06-25 11:22:00 | INFO     | shortsqueeze.bot:_run_scan - Max positions (5) reached. Skipping scan.
2026-06-25 11:26:59 | INFO     | shortsqueeze.bot:_run_scan - Running intraday scan...
2026-06-25 11:27:00 | INFO     | shortsqueeze.bot:_run_scan - Max positions (5) reached. Skipping scan.
2026-06-25 11:31:59 | INFO     | shortsqueeze.bot:_run_scan - Running intraday scan...
2026-06-25 11:32:00 | INFO     | shortsqueeze.bot:_run_scan - Max positions (5) reached. Skipping scan.
2026-06-25 11:36:59 | INFO     | shortsqueeze.bot:_run_scan - Running intraday scan...
2026-06-25 11:37:00 | INFO     | shortsqueeze.bot:_run_scan - Max positions (5) reached. Skipping scan.
2026-06-25 11:41:59 | INFO     | shortsqueeze.bot:_run_scan - Running intraday scan...
2026-06-25 11:42:00 | INFO     | shortsqueeze.bot:_run_scan - Max positions (5) reached. Skipping scan.
2026-06-25 11:46:59 | INFO     | shortsqueeze.bot:_run_scan - Running intraday scan...
2026-06-25 11:47:00 | INFO     | shortsqueeze.bot:_run_scan - Max positions (5) reached. Skipping scan.
2026-06-25 11:51:59 | INFO     | shortsqueeze.bot:_run_scan - Running intraday scan...
2026-06-25 11:52:00 | INFO     | shortsqueeze.bot:_run_scan - Max positions (5) reached. Skipping scan.
2026-06-25 11:56:59 | INFO     | shortsqueeze.bot:_run_scan - Running intraday scan...
2026-06-25 11:57:00 | INFO     | shortsqueeze.bot:_run_scan - Max positions (5) reached. Skipping scan.
2026-06-25 12:01:59 | INFO     | shortsqueeze.bot:_run_scan - Running intraday scan...
2026-06-25 12:02:00 | INFO     | shortsqueeze.bot:_run_scan - Max positions (5) reached. Skipping scan.
2026-06-25 12:06:59 | INFO     | shortsqueeze.bot:_run_scan - Running intraday scan...
2026-06-25 12:07:00 | INFO     | shortsqueeze.bot:_run_scan - Max positions (5) reached. Skipping scan.
2026-06-25 12:11:59 | INFO     | shortsqueeze.bot:_run_scan - Running intraday scan...
2026-06-25 12:12:00 | INFO     | shortsqueeze.bot:_run_scan - Max positions (5) reached. Skipping scan.
2026-06-25 12:16:59 | INFO     | shortsqueeze.bot:_run_scan - Running intraday scan...
2026-06-25 12:17:00 | INFO     | shortsqueeze.bot:_run_scan - Max positions (5) reached. Skipping scan.
2026-06-25 12:21:59 | INFO     | shortsqueeze.bot:_run_scan - Running intraday scan...
2026-06-25 12:22:00 | INFO     | shortsqueeze.bot:_run_scan - Max positions (5) reached. Skipping scan.
2026-06-25 12:26:59 | INFO     | shortsqueeze.bot:_run_scan - Running intraday scan...
2026-06-25 12:27:00 | INFO     | shortsqueeze.bot:_run_scan - Max positions (5) reached. Skipping scan.
2026-06-25 12:31:59 | INFO     | shortsqueeze.bot:_run_scan - Running intraday scan...
2026-06-25 12:32:00 | INFO     | shortsqueeze.bot:_run_scan - Max positions (5) reached. Skipping scan.
2026-06-25 12:36:59 | INFO     | shortsqueeze.bot:_run_scan - Running intraday scan...
2026-06-25 12:37:00 | INFO     | shortsqueeze.bot:_run_scan - Max positions (5) reached. Skipping scan.
2026-06-25 12:41:59 | INFO     | shortsqueeze.bot:_run_scan - Running intraday scan...
2026-06-25 12:42:00 | INFO     | shortsqueeze.bot:_run_scan - Max positions (5) reached. Skipping scan.
2026-06-25 12:46:59 | INFO     | shortsqueeze.bot:_run_scan - Running intraday scan...
2026-06-25 12:47:00 | INFO     | shortsqueeze.bot:_run_scan - Max positions (5) reached. Skipping scan.
2026-06-25 12:51:59 | INFO     | shortsqueeze.bot:_run_scan - Running intraday scan...
2026-06-25 12:52:00 | INFO     | shortsqueeze.bot:_run_scan - Max positions (5) reached. Skipping scan.
2026-06-25 12:56:59 | INFO     | shortsqueeze.bot:_run_scan - Running intraday scan...
2026-06-25 12:57:00 | INFO     | shortsqueeze.bot:_run_scan - Max positions (5) reached. Skipping scan.
2026-06-25 13:01:59 | DEBUG    | shortsqueeze.bot:_run_scan - Market closed, skipping scan
2026-06-25 13:06:59 | DEBUG    | shortsqueeze.bot:_run_scan - Market closed, skipping scan
2026-06-25 13:11:59 | DEBUG    | shortsqueeze.bot:_run_scan - Market closed, skipping scan
