2026-06-23 13:16:59 | DEBUG    | shortsqueeze.bot:_run_scan - Market closed, skipping scan
2026-06-23 13:21:59 | DEBUG    | shortsqueeze.bot:_run_scan - Market closed, skipping scan
2026-06-23 13:26:59 | DEBUG    | shortsqueeze.bot:_run_scan - Market closed, skipping scan
2026-06-23 13:31:59 | DEBUG    | shortsqueeze.bot:_run_scan - Market closed, skipping scan
2026-06-23 13:36:59 | DEBUG    | shortsqueeze.bot:_run_scan - Market closed, skipping scan
2026-06-23 13:41:59 | DEBUG    | shortsqueeze.bot:_run_scan - Market closed, skipping scan
2026-06-23 13:46:59 | DEBUG    | shortsqueeze.bot:_run_scan - Market closed, skipping scan
2026-06-23 13:51:59 | DEBUG    | shortsqueeze.bot:_run_scan - Market closed, skipping scan
2026-06-23 13:56:59 | DEBUG    | shortsqueeze.bot:_run_scan - Market closed, skipping scan
2026-06-23 14:01:59 | DEBUG    | shortsqueeze.bot:_run_scan - Market closed, skipping scan
2026-06-23 14:06:59 | DEBUG    | shortsqueeze.bot:_run_scan - Market closed, skipping scan
2026-06-23 14:11:59 | DEBUG    | shortsqueeze.bot:_run_scan - Market closed, skipping scan
2026-06-23 14:16:59 | DEBUG    | shortsqueeze.bot:_run_scan - Market closed, skipping scan
2026-06-23 14:21:59 | DEBUG    | shortsqueeze.bot:_run_scan - Market closed, skipping scan
2026-06-23 14:26:59 | DEBUG    | shortsqueeze.bot:_run_scan - Market closed, skipping scan
2026-06-23 14:31:59 | DEBUG    | shortsqueeze.bot:_run_scan - Market closed, skipping scan
2026-06-23 14:36:59 | DEBUG    | shortsqueeze.bot:_run_scan - Market closed, skipping scan
2026-06-23 14:41:59 | DEBUG    | shortsqueeze.bot:_run_scan - Market closed, skipping scan
2026-06-23 14:46:59 | DEBUG    | shortsqueeze.bot:_run_scan - Market closed, skipping scan
2026-06-23 14:51:59 | DEBUG    | shortsqueeze.bot:_run_scan - Market closed, skipping scan
2026-06-23 14:56:59 | DEBUG    | shortsqueeze.bot:_run_scan - Market closed, skipping scan
2026-06-23 15:01:59 | DEBUG    | shortsqueeze.bot:_run_scan - Market closed, skipping scan
2026-06-23 15:06:59 | DEBUG    | shortsqueeze.bot:_run_scan - Market closed, skipping scan
2026-06-23 15:11:59 | DEBUG    | shortsqueeze.bot:_run_scan - Market closed, skipping scan
2026-06-23 15:16:59 | DEBUG    | shortsqueeze.bot:_run_scan - Market closed, skipping scan
2026-06-23 15:21:59 | DEBUG    | shortsqueeze.bot:_run_scan - Market closed, skipping scan
2026-06-23 15:26:59 | DEBUG    | shortsqueeze.bot:_run_scan - Market closed, skipping scan
2026-06-23 15:31:59 | DEBUG    | shortsqueeze.bot:_run_scan - Market closed, skipping scan
2026-06-23 15:36:59 | DEBUG    | shortsqueeze.bot:_run_scan - Market closed, skipping scan
2026-06-23 15:41:59 | DEBUG    | shortsqueeze.bot:_run_scan - Market closed, skipping scan
2026-06-23 15:46:59 | DEBUG    | shortsqueeze.bot:_run_scan - Market closed, skipping scan
2026-06-23 15:51:59 | DEBUG    | shortsqueeze.bot:_run_scan - Market closed, skipping scan
2026-06-23 15:56:59 | DEBUG    | shortsqueeze.bot:_run_scan - Market closed, skipping scan
2026-06-23 16:01:59 | DEBUG    | shortsqueeze.bot:_run_scan - Market closed, skipping scan
2026-06-23 16:06:59 | DEBUG    | shortsqueeze.bot:_run_scan - Market closed, skipping scan
2026-06-23 16:11:59 | DEBUG    | shortsqueeze.bot:_run_scan - Market closed, skipping scan
2026-06-23 16:16:59 | DEBUG    | shortsqueeze.bot:_run_scan - Market closed, skipping scan
2026-06-23 16:21:59 | DEBUG    | shortsqueeze.bot:_run_scan - Market closed, skipping scan
2026-06-23 16:26:59 | DEBUG    | shortsqueeze.bot:_run_scan - Market closed, skipping scan
2026-06-23 16:31:59 | DEBUG    | shortsqueeze.bot:_run_scan - Market closed, skipping scan
2026-06-23 16:36:59 | DEBUG    | shortsqueeze.bot:_run_scan - Market closed, skipping scan
2026-06-23 16:41:59 | DEBUG    | shortsqueeze.bot:_run_scan - Market closed, skipping scan
2026-06-23 16:46:59 | DEBUG    | shortsqueeze.bot:_run_scan - Market closed, skipping scan
2026-06-23 16:51:59 | DEBUG    | shortsqueeze.bot:_run_scan - Market closed, skipping scan
2026-06-23 16:56:59 | DEBUG    | shortsqueeze.bot:_run_scan - Market closed, skipping scan
2026-06-23 17:01:59 | DEBUG    | shortsqueeze.bot:_run_scan - Market closed, skipping scan
2026-06-23 17:06:59 | DEBUG    | shortsqueeze.bot:_run_scan - Market closed, skipping scan
2026-06-23 17:11:59 | DEBUG    | shortsqueeze.bot:_run_scan - Market closed, skipping scan
2026-06-23 17:16:59 | DEBUG    | shortsqueeze.bot:_run_scan - Market closed, skipping scan
2026-06-23 17:21:59 | DEBUG    | shortsqueeze.bot:_run_scan - Market closed, skipping scan
2026-06-23 17:26:59 | DEBUG    | shortsqueeze.bot:_run_scan - Market closed, skipping scan
2026-06-23 17:31:59 | DEBUG    | shortsqueeze.bot:_run_scan - Market closed, skipping scan
2026-06-23 17:36:59 | DEBUG    | shortsqueeze.bot:_run_scan - Market closed, skipping scan
2026-06-23 17:41:59 | DEBUG    | shortsqueeze.bot:_run_scan - Market closed, skipping scan
2026-06-23 17:46:59 | DEBUG    | shortsqueeze.bot:_run_scan - Market closed, skipping scan
2026-06-23 17:51:59 | DEBUG    | shortsqueeze.bot:_run_scan - Market closed, skipping scan
2026-06-23 17:56:59 | DEBUG    | shortsqueeze.bot:_run_scan - Market closed, skipping scan
2026-06-23 18:01:59 | DEBUG    | shortsqueeze.bot:_run_scan - Market closed, skipping scan
2026-06-23 18:06:59 | DEBUG    | shortsqueeze.bot:_run_scan - Market closed, skipping scan
2026-06-23 18:11:59 | DEBUG    | shortsqueeze.bot:_run_scan - Market closed, skipping scan
2026-06-23 18:16:59 | DEBUG    | shortsqueeze.bot:_run_scan - Market closed, skipping scan
2026-06-23 18:21:59 | DEBUG    | shortsqueeze.bot:_run_scan - Market closed, skipping scan
2026-06-23 18:26:59 | DEBUG    | shortsqueeze.bot:_run_scan - Market closed, skipping scan
2026-06-23 18:31:59 | DEBUG    | shortsqueeze.bot:_run_scan - Market closed, skipping scan
2026-06-23 18:36:59 | DEBUG    | shortsqueeze.bot:_run_scan - Market closed, skipping scan
2026-06-23 18:41:59 | DEBUG    | shortsqueeze.bot:_run_scan - Market closed, skipping scan
2026-06-23 18:46:59 | DEBUG    | shortsqueeze.bot:_run_scan - Market closed, skipping scan
2026-06-23 18:51:59 | DEBUG    | shortsqueeze.bot:_run_scan - Market closed, skipping scan
2026-06-23 18:56:59 | DEBUG    | shortsqueeze.bot:_run_scan - Market closed, skipping scan
2026-06-23 19:01:59 | DEBUG    | shortsqueeze.bot:_run_scan - Market closed, skipping scan
2026-06-23 19:06:59 | DEBUG    | shortsqueeze.bot:_run_scan - Market closed, skipping scan
2026-06-23 19:11:59 | DEBUG    | shortsqueeze.bot:_run_scan - Market closed, skipping scan
2026-06-23 19:16:59 | DEBUG    | shortsqueeze.bot:_run_scan - Market closed, skipping scan
2026-06-23 19:21:59 | DEBUG    | shortsqueeze.bot:_run_scan - Market closed, skipping scan
2026-06-23 19:26:59 | DEBUG    | shortsqueeze.bot:_run_scan - Market closed, skipping scan
2026-06-23 19:31:59 | DEBUG    | shortsqueeze.bot:_run_scan - Market closed, skipping scan
2026-06-23 19:36:59 | DEBUG    | shortsqueeze.bot:_run_scan - Market closed, skipping scan
2026-06-23 19:41:59 | DEBUG    | shortsqueeze.bot:_run_scan - Market closed, skipping scan
2026-06-23 19:46:59 | DEBUG    | shortsqueeze.bot:_run_scan - Market closed, skipping scan
2026-06-23 19:51:59 | DEBUG    | shortsqueeze.bot:_run_scan - Market closed, skipping scan
2026-06-23 19:56:59 | DEBUG    | shortsqueeze.bot:_run_scan - Market closed, skipping scan
2026-06-23 20:01:59 | DEBUG    | shortsqueeze.bot:_run_scan - Market closed, skipping scan
2026-06-23 20:06:59 | DEBUG    | shortsqueeze.bot:_run_scan - Market closed, skipping scan
2026-06-23 20:11:59 | DEBUG    | shortsqueeze.bot:_run_scan - Market closed, skipping scan
2026-06-23 20:16:59 | DEBUG    | shortsqueeze.bot:_run_scan - Market closed, skipping scan
2026-06-23 20:21:59 | DEBUG    | shortsqueeze.bot:_run_scan - Market closed, skipping scan
2026-06-23 20:26:59 | DEBUG    | shortsqueeze.bot:_run_scan - Market closed, skipping scan
2026-06-23 20:31:59 | DEBUG    | shortsqueeze.bot:_run_scan - Market closed, skipping scan
2026-06-23 20:36:59 | DEBUG    | shortsqueeze.bot:_run_scan - Market closed, skipping scan
2026-06-23 20:51:59 | DEBUG    | shortsqueeze.bot:_run_scan - Market closed, skipping scan
2026-06-23 20:56:59 | DEBUG    | shortsqueeze.bot:_run_scan - Market closed, skipping scan
2026-06-23 21:01:59 | DEBUG    | shortsqueeze.bot:_run_scan - Market closed, skipping scan
2026-06-23 21:06:59 | DEBUG    | shortsqueeze.bot:_run_scan - Market closed, skipping scan
2026-06-23 21:11:59 | DEBUG    | shortsqueeze.bot:_run_scan - Market closed, skipping scan
2026-06-23 21:16:59 | DEBUG    | shortsqueeze.bot:_run_scan - Market closed, skipping scan
2026-06-23 21:21:59 | DEBUG    | shortsqueeze.bot:_run_scan - Market closed, skipping scan
2026-06-23 21:26:59 | DEBUG    | shortsqueeze.bot:_run_scan - Market closed, skipping scan
2026-06-23 21:31:59 | DEBUG    | shortsqueeze.bot:_run_scan - Market closed, skipping scan
2026-06-23 21:36:59 | DEBUG    | shortsqueeze.bot:_run_scan - Market closed, skipping scan
2026-06-23 21:41:59 | DEBUG    | shortsqueeze.bot:_run_scan - Market closed, skipping scan
2026-06-23 21:46:59 | DEBUG    | shortsqueeze.bot:_run_scan - Market closed, skipping scan
2026-06-23 21:51:59 | DEBUG    | shortsqueeze.bot:_run_scan - Market closed, skipping scan
2026-06-23 21:56:59 | DEBUG    | shortsqueeze.bot:_run_scan - Market closed, skipping scan
2026-06-23 22:01:59 | DEBUG    | shortsqueeze.bot:_run_scan - Market closed, skipping scan
2026-06-23 22:06:59 | DEBUG    | shortsqueeze.bot:_run_scan - Market closed, skipping scan
2026-06-23 22:11:59 | DEBUG    | shortsqueeze.bot:_run_scan - Market closed, skipping scan
2026-06-23 22:16:59 | DEBUG    | shortsqueeze.bot:_run_scan - Market closed, skipping scan
2026-06-23 22:21:59 | DEBUG    | shortsqueeze.bot:_run_scan - Market closed, skipping scan
2026-06-23 22:26:59 | DEBUG    | shortsqueeze.bot:_run_scan - Market closed, skipping scan
2026-06-23 22:31:59 | DEBUG    | shortsqueeze.bot:_run_scan - Market closed, skipping scan
2026-06-23 22:36:59 | DEBUG    | shortsqueeze.bot:_run_scan - Market closed, skipping scan
2026-06-23 22:41:59 | DEBUG    | shortsqueeze.bot:_run_scan - Market closed, skipping scan
2026-06-23 22:46:59 | DEBUG    | shortsqueeze.bot:_run_scan - Market closed, skipping scan
2026-06-23 22:51:59 | DEBUG    | shortsqueeze.bot:_run_scan - Market closed, skipping scan
2026-06-23 22:56:59 | DEBUG    | shortsqueeze.bot:_run_scan - Market closed, skipping scan
2026-06-23 23:01:59 | DEBUG    | shortsqueeze.bot:_run_scan - Market closed, skipping scan
2026-06-23 23:06:59 | DEBUG    | shortsqueeze.bot:_run_scan - Market closed, skipping scan
2026-06-23 23:11:59 | DEBUG    | shortsqueeze.bot:_run_scan - Market closed, skipping scan
2026-06-23 23:16:59 | DEBUG    | shortsqueeze.bot:_run_scan - Market closed, skipping scan
2026-06-23 23:21:59 | DEBUG    | shortsqueeze.bot:_run_scan - Market closed, skipping scan
2026-06-23 23:26:59 | DEBUG    | shortsqueeze.bot:_run_scan - Market closed, skipping scan
2026-06-23 23:31:59 | DEBUG    | shortsqueeze.bot:_run_scan - Market closed, skipping scan
2026-06-23 23:36:59 | DEBUG    | shortsqueeze.bot:_run_scan - Market closed, skipping scan
2026-06-23 23:41:59 | DEBUG    | shortsqueeze.bot:_run_scan - Market closed, skipping scan
2026-06-23 23:46:59 | DEBUG    | shortsqueeze.bot:_run_scan - Market closed, skipping scan
2026-06-23 23:51:59 | DEBUG    | shortsqueeze.bot:_run_scan - Market closed, skipping scan
2026-06-23 23:56:59 | DEBUG    | shortsqueeze.bot:_run_scan - Market closed, skipping scan
2026-06-24 00:01:59 | DEBUG    | shortsqueeze.bot:_run_scan - Market closed, skipping scan
2026-06-24 00:06:59 | DEBUG    | shortsqueeze.bot:_run_scan - Market closed, skipping scan
2026-06-24 00:11:59 | DEBUG    | shortsqueeze.bot:_run_scan - Market closed, skipping scan
2026-06-24 00:16:59 | DEBUG    | shortsqueeze.bot:_run_scan - Market closed, skipping scan
2026-06-24 00:21:59 | DEBUG    | shortsqueeze.bot:_run_scan - Market closed, skipping scan
2026-06-24 00:26:59 | DEBUG    | shortsqueeze.bot:_run_scan - Market closed, skipping scan
2026-06-24 00:31:59 | DEBUG    | shortsqueeze.bot:_run_scan - Market closed, skipping scan
2026-06-24 00:36:59 | DEBUG    | shortsqueeze.bot:_run_scan - Market closed, skipping scan
2026-06-24 00:41:59 | DEBUG    | shortsqueeze.bot:_run_scan - Market closed, skipping scan
2026-06-24 00:46:59 | DEBUG    | shortsqueeze.bot:_run_scan - Market closed, skipping scan
2026-06-24 00:51:59 | DEBUG    | shortsqueeze.bot:_run_scan - Market closed, skipping scan
2026-06-24 00:56:59 | DEBUG    | shortsqueeze.bot:_run_scan - Market closed, skipping scan
2026-06-24 01:01:59 | DEBUG    | shortsqueeze.bot:_run_scan - Market closed, skipping scan
2026-06-24 01:06:59 | DEBUG    | shortsqueeze.bot:_run_scan - Market closed, skipping scan
2026-06-24 01:11:59 | DEBUG    | shortsqueeze.bot:_run_scan - Market closed, skipping scan
2026-06-24 01:16:59 | DEBUG    | shortsqueeze.bot:_run_scan - Market closed, skipping scan
2026-06-24 01:21:59 | DEBUG    | shortsqueeze.bot:_run_scan - Market closed, skipping scan
2026-06-24 01:26:59 | DEBUG    | shortsqueeze.bot:_run_scan - Market closed, skipping scan
2026-06-24 01:31:59 | DEBUG    | shortsqueeze.bot:_run_scan - Market closed, skipping scan
2026-06-24 01:36:59 | DEBUG    | shortsqueeze.bot:_run_scan - Market closed, skipping scan
2026-06-24 01:41:59 | DEBUG    | shortsqueeze.bot:_run_scan - Market closed, skipping scan
2026-06-24 01:46:59 | DEBUG    | shortsqueeze.bot:_run_scan - Market closed, skipping scan
2026-06-24 01:51:59 | DEBUG    | shortsqueeze.bot:_run_scan - Market closed, skipping scan
2026-06-24 01:56:59 | DEBUG    | shortsqueeze.bot:_run_scan - Market closed, skipping scan
2026-06-24 02:01:59 | DEBUG    | shortsqueeze.bot:_run_scan - Market closed, skipping scan
2026-06-24 02:06:59 | DEBUG    | shortsqueeze.bot:_run_scan - Market closed, skipping scan
2026-06-24 02:11:59 | DEBUG    | shortsqueeze.bot:_run_scan - Market closed, skipping scan
2026-06-24 02:16:59 | DEBUG    | shortsqueeze.bot:_run_scan - Market closed, skipping scan
2026-06-24 02:21:59 | DEBUG    | shortsqueeze.bot:_run_scan - Market closed, skipping scan
2026-06-24 02:26:59 | DEBUG    | shortsqueeze.bot:_run_scan - Market closed, skipping scan
2026-06-24 02:31:59 | DEBUG    | shortsqueeze.bot:_run_scan - Market closed, skipping scan
2026-06-24 02:36:59 | DEBUG    | shortsqueeze.bot:_run_scan - Market closed, skipping scan
2026-06-24 02:41:59 | DEBUG    | shortsqueeze.bot:_run_scan - Market closed, skipping scan
2026-06-24 02:46:59 | DEBUG    | shortsqueeze.bot:_run_scan - Market closed, skipping scan
2026-06-24 02:51:59 | DEBUG    | shortsqueeze.bot:_run_scan - Market closed, skipping scan
2026-06-24 02:56:59 | DEBUG    | shortsqueeze.bot:_run_scan - Market closed, skipping scan
2026-06-24 03:00:00 | INFO     | shortsqueeze.bot:_refresh_watchlist - Refreshing watchlist...
2026-06-24 03:00:00 | INFO     | shortsqueeze.universe:refresh_watchlist - Refreshing watchlists from data sources...
2026-06-24 03:00:00 | INFO     | shortsqueeze.data:get_squeeze_candidates - Fetching from finvizfinance package...
2026-06-24 03:00:00 | INFO     | shortsqueeze.data:get_high_short_interest_stocks - Fetching high short interest stocks via finvizfinance...
2026-06-24 03:00:04 | INFO     | shortsqueeze.data:get_high_short_interest_stocks - finvizfinance found 61 high short interest stocks
2026-06-24 03:00:04 | INFO     | shortsqueeze.data:get_squeeze_candidates - finvizfinance found 61 candidates
2026-06-24 03:00:04 | INFO     | shortsqueeze.data:get_squeeze_candidates - Fetching from manual Finviz scraper...
2026-06-24 03:00:04 | INFO     | shortsqueeze.data:get_high_short_interest_stocks - Scraping Finviz for high short interest stocks...
2026-06-24 03:00:05 | DEBUG    | shortsqueeze.data:get_high_short_interest_stocks - Fetched page 1, status: 200
2026-06-24 03:00:05 | DEBUG    | shortsqueeze.data:get_high_short_interest_stocks - Found table with selector: {'class': 'screener_table'}
2026-06-24 03:00:05 | DEBUG    | shortsqueeze.data:get_high_short_interest_stocks - Page 1: Found 0 stocks
2026-06-24 03:00:05 | INFO     | shortsqueeze.data:get_high_short_interest_stocks - Found 0 stocks from Finviz with short float > 20%
2026-06-24 03:00:05 | INFO     | shortsqueeze.data:get_squeeze_candidates - Fetching from highshortinterest.com...
2026-06-24 03:00:05 | INFO     | shortsqueeze.data:get_high_short_interest_stocks - Scraping highshortinterest.com for high short interest stocks...
2026-06-24 03:00:06 | INFO     | shortsqueeze.data:get_high_short_interest_stocks - highshortinterest.com found 100 stocks
2026-06-24 03:00:06 | INFO     | shortsqueeze.data:get_squeeze_candidates - highshortinterest.com found 100 candidates
2026-06-24 03:00:06 | INFO     | shortsqueeze.data:get_squeeze_candidates - Fetching SEC Fail-to-Deliver data...
2026-06-24 03:00:06 | INFO     | shortsqueeze.data:get_high_ftd_stocks - Fetching SEC Fail-to-Deliver data...
2026-06-24 03:00:06 | DEBUG    | shortsqueeze.data:_download_latest_ftd - Trying SEC FTD file: cnsfails202606b.zip
2026-06-24 03:00:06 | DEBUG    | shortsqueeze.data:_download_latest_ftd - Trying SEC FTD file: cnsfails202606a.zip
2026-06-24 03:00:06 | DEBUG    | shortsqueeze.data:_download_latest_ftd - Trying SEC FTD file: cnsfails202605b.zip
2026-06-24 03:00:07 | INFO     | shortsqueeze.data:_download_latest_ftd - Downloaded SEC FTD file: cnsfails202605b.zip
2026-06-24 03:00:07 | INFO     | shortsqueeze.data:_parse_ftd_zip - Parsed 4511 FTD records from cnsfails202605b.txt
2026-06-24 03:00:07 | INFO     | shortsqueeze.data:get_high_ftd_stocks - SEC FTD data: 593 stocks with significant fail-to-deliver counts
2026-06-24 03:00:07 | INFO     | shortsqueeze.data:get_squeeze_candidates - SEC FTD data found 593 stocks with high fail-to-deliver counts
2026-06-24 03:00:07 | INFO     | shortsqueeze.data:get_squeeze_candidates - Combined 662 unique candidates from 3/4 sources
2026-06-24 03:00:29 | DEBUG    | shortsqueeze.data:_verify_one - ABR: No short float data from Yahoo or Finviz, dropping (unverified)
2026-06-24 03:00:30 | DEBUG    | shortsqueeze.data:_verify_one - CNXC: No short float data from Yahoo or Finviz, dropping (unverified)
2026-06-24 03:00:30 | DEBUG    | shortsqueeze.data:_verify_one - CRMD: No short float data from Yahoo or Finviz, dropping (unverified)
2026-06-24 03:00:31 | DEBUG    | shortsqueeze.data:_verify_one - MRLN: No short float data from Yahoo or Finviz, dropping (unverified)
2026-06-24 03:00:32 | DEBUG    | shortsqueeze.data:_verify_one - NVRI: No short float data from Yahoo or Finviz, dropping (unverified)
2026-06-24 03:00:32 | DEBUG    | shortsqueeze.data:_verify_one - OMDA: No short float data from Yahoo or Finviz, dropping (unverified)
2026-06-24 03:00:32 | DEBUG    | shortsqueeze.data:_verify_one - PDYN: No short float data from Yahoo or Finviz, dropping (unverified)
2026-06-24 03:00:32 | DEBUG    | shortsqueeze.data:_verify_one - PGY: No short float data from Yahoo or Finviz, dropping (unverified)
2026-06-24 03:00:33 | DEBUG    | shortsqueeze.data:_verify_one - POET: No short float data from Yahoo or Finviz, dropping (unverified)
2026-06-24 03:00:33 | DEBUG    | shortsqueeze.data:_verify_one - SNDX: No short float data from Yahoo or Finviz, dropping (unverified)
2026-06-24 03:00:34 | DEBUG    | shortsqueeze.data:_verify_one - SVRA: No short float data from Yahoo or Finviz, dropping (unverified)
2026-06-24 03:00:34 | DEBUG    | shortsqueeze.data:_verify_one - VELO: No short float data from Yahoo or Finviz, dropping (unverified)
2026-06-24 03:00:38 | DEBUG    | shortsqueeze.data:_verify_one - IONZ: No short float data from Yahoo or Finviz, dropping (unverified)
2026-06-24 03:00:39 | DEBUG    | shortsqueeze.data:_verify_one - BMNU: No short float data from Yahoo or Finviz, dropping (unverified)
2026-06-24 03:00:39 | DEBUG    | shortsqueeze.data:_verify_one - CBGL: No short float data from Yahoo or Finviz, dropping (unverified)
2026-06-24 03:00:39 | DEBUG    | shortsqueeze.data:_verify_one - RWAX: No short float data from Yahoo or Finviz, dropping (unverified)
2026-06-24 03:00:39 | DEBUG    | shortsqueeze.data:_verify_one - ONCO: No short float data from Yahoo or Finviz, dropping (unverified)
2026-06-24 03:00:39 | DEBUG    | shortsqueeze.data:_verify_one - CYDY: No short float data from Yahoo or Finviz, dropping (unverified)
2026-06-24 03:00:39 | DEBUG    | shortsqueeze.data:_verify_one - MSTU: No short float data from Yahoo or Finviz, dropping (unverified)
2026-06-24 03:00:40 | DEBUG    | shortsqueeze.data:_verify_one - RGTZ: No short float data from Yahoo or Finviz, dropping (unverified)
2026-06-24 03:00:40 | DEBUG    | shortsqueeze.data:_verify_one - SRXH: No short float data from Yahoo or Finviz, dropping (unverified)
2026-06-24 03:00:40 | DEBUG    | shortsqueeze.data:_verify_one - SNAP: No short float data from Yahoo or Finviz, dropping (unverified)
2026-06-24 03:00:40 | DEBUG    | shortsqueeze.data:_verify_one - UMAV: No short float data from Yahoo or Finviz, dropping (unverified)
2026-06-24 03:00:40 | DEBUG    | shortsqueeze.data:_verify_one - LQD: No short float data from Yahoo or Finviz, dropping (unverified)
2026-06-24 03:00:40 | DEBUG    | shortsqueeze.data:_verify_one - FOLGF: No short float data from Yahoo or Finviz, dropping (unverified)
2026-06-24 03:00:41 | DEBUG    | shortsqueeze.data:_verify_one - NOWL: No short float data from Yahoo or Finviz, dropping (unverified)
2026-06-24 03:00:41 | DEBUG    | shortsqueeze.data:_verify_one - QTEX: No short float data from Yahoo or Finviz, dropping (unverified)
2026-06-24 03:00:41 | DEBUG    | shortsqueeze.data:_verify_one - RKLZ: No short float data from Yahoo or Finviz, dropping (unverified)
2026-06-24 03:00:41 | DEBUG    | shortsqueeze.data:_verify_one - MSTZ: No short float data from Yahoo or Finviz, dropping (unverified)
2026-06-24 03:00:41 | DEBUG    | shortsqueeze.data:_verify_one - WIT: No short float data from Yahoo or Finviz, dropping (unverified)
2026-06-24 03:00:42 | DEBUG    | shortsqueeze.data:_verify_one - NVDX: No short float data from Yahoo or Finviz, dropping (unverified)
2026-06-24 03:00:42 | DEBUG    | shortsqueeze.data:_verify_one - SLNH: No short float data from Yahoo or Finviz, dropping (unverified)
2026-06-24 03:00:42 | DEBUG    | shortsqueeze.data:_verify_one - HCWB: No short float data from Yahoo or Finviz, dropping (unverified)
2026-06-24 03:00:42 | DEBUG    | shortsqueeze.data:_verify_one - CONL: No short float data from Yahoo or Finviz, dropping (unverified)
2026-06-24 03:00:42 | DEBUG    | shortsqueeze.data:_verify_one - OHACU: No short float data from Yahoo or Finviz, dropping (unverified)
2026-06-24 03:00:42 | DEBUG    | shortsqueeze.data:_verify_one - OKLL: No short float data from Yahoo or Finviz, dropping (unverified)
2026-06-24 03:00:42 | DEBUG    | shortsqueeze.data:_verify_one - CXAI: No short float data from Yahoo or Finviz, dropping (unverified)
2026-06-24 03:00:43 | DEBUG    | shortsqueeze.data:_verify_one - PSRHF: No short float data from Yahoo or Finviz, dropping (unverified)
2026-06-24 03:00:43 | DEBUG    | shortsqueeze.data:_verify_one - VRAX: No short float data from Yahoo or Finviz, dropping (unverified)
2026-06-24 03:00:43 | DEBUG    | shortsqueeze.data:_verify_one - QUCY: No short float data from Yahoo or Finviz, dropping (unverified)
2026-06-24 03:00:43 | DEBUG    | shortsqueeze.data:_verify_one - TZA: No short float data from Yahoo or Finviz, dropping (unverified)
2026-06-24 03:00:43 | DEBUG    | shortsqueeze.data:_verify_one - DAMD: No short float data from Yahoo or Finviz, dropping (unverified)
2026-06-24 03:00:43 | DEBUG    | shortsqueeze.data:_verify_one - ADTX: No short float data from Yahoo or Finviz, dropping (unverified)
2026-06-24 03:00:43 | DEBUG    | shortsqueeze.data:_verify_one - CREG: No short float data from Yahoo or Finviz, dropping (unverified)
2026-06-24 03:00:44 | DEBUG    | shortsqueeze.data:_verify_one - BLND: No short float data from Yahoo or Finviz, dropping (unverified)
2026-06-24 03:00:44 | DEBUG    | shortsqueeze.data:_verify_one - ASTN: No short float data from Yahoo or Finviz, dropping (unverified)
2026-06-24 03:00:44 | DEBUG    | shortsqueeze.data:_verify_one - VWO: No short float data from Yahoo or Finviz, dropping (unverified)
2026-06-24 03:00:44 | DEBUG    | shortsqueeze.data:_verify_one - IWM: No short float data from Yahoo or Finviz, dropping (unverified)
2026-06-24 03:00:44 | DEBUG    | shortsqueeze.data:_verify_one - DVLT: No short float data from Yahoo or Finviz, dropping (unverified)
2026-06-24 03:00:44 | DEBUG    | shortsqueeze.data:_verify_one - CHKMF: No short float data from Yahoo or Finviz, dropping (unverified)
2026-06-24 03:00:44 | DEBUG    | shortsqueeze.data:_verify_one - IRE: No short float data from Yahoo or Finviz, dropping (unverified)
2026-06-24 03:00:45 | DEBUG    | shortsqueeze.data:_verify_one - NXXT: No short float data from Yahoo or Finviz, dropping (unverified)
2026-06-24 03:00:45 | DEBUG    | shortsqueeze.data:_verify_one - INFY: No short float data from Yahoo or Finviz, dropping (unverified)
2026-06-24 03:00:45 | DEBUG    | shortsqueeze.data:_verify_one - YMAT: No short float data from Yahoo or Finviz, dropping (unverified)
2026-06-24 03:00:45 | DEBUG    | shortsqueeze.data:_verify_one - OTLK: No short float data from Yahoo or Finviz, dropping (unverified)
2026-06-24 03:00:46 | DEBUG    | shortsqueeze.data:_verify_one - STEK: No short float data from Yahoo or Finviz, dropping (unverified)
2026-06-24 03:00:46 | DEBUG    | shortsqueeze.data:_verify_one - MEHA: No short float data from Yahoo or Finviz, dropping (unverified)
2026-06-24 03:00:46 | DEBUG    | shortsqueeze.data:_verify_one - LIMN: No short float data from Yahoo or Finviz, dropping (unverified)
2026-06-24 03:00:46 | DEBUG    | shortsqueeze.data:_verify_one - CIFR: No short float data from Yahoo or Finviz, dropping (unverified)
2026-06-24 03:00:46 | DEBUG    | shortsqueeze.data:_verify_one - LAES: No short float data from Yahoo or Finviz, dropping (unverified)
2026-06-24 03:00:46 | DEBUG    | shortsqueeze.data:_verify_one - KRE: No short float data from Yahoo or Finviz, dropping (unverified)
2026-06-24 03:00:46 | DEBUG    | shortsqueeze.data:_verify_one - ZONE: No short float data from Yahoo or Finviz, dropping (unverified)
2026-06-24 03:00:46 | DEBUG    | shortsqueeze.data:_verify_one - PTKN: No short float data from Yahoo or Finviz, dropping (unverified)
2026-06-24 03:00:46 | DEBUG    | shortsqueeze.data:_verify_one - PMI: No short float data from Yahoo or Finviz, dropping (unverified)
2026-06-24 03:00:47 | DEBUG    | shortsqueeze.data:_verify_one - RGTX: No short float data from Yahoo or Finviz, dropping (unverified)
2026-06-24 03:00:47 | DEBUG    | shortsqueeze.data:_verify_one - AMST: No short float data from Yahoo or Finviz, dropping (unverified)
2026-06-24 03:00:47 | DEBUG    | shortsqueeze.data:_verify_one - AMC: No short float data from Yahoo or Finviz, dropping (unverified)
2026-06-24 03:00:47 | DEBUG    | shortsqueeze.data:_verify_one - RUBI: No short float data from Yahoo or Finviz, dropping (unverified)
2026-06-24 03:00:47 | DEBUG    | shortsqueeze.data:_verify_one - RZLV: No short float data from Yahoo or Finviz, dropping (unverified)
2026-06-24 03:00:47 | DEBUG    | shortsqueeze.data:_verify_one - AUR: No short float data from Yahoo or Finviz, dropping (unverified)
2026-06-24 03:00:47 | DEBUG    | shortsqueeze.data:_verify_one - GMM: No short float data from Yahoo or Finviz, dropping (unverified)
2026-06-24 03:00:47 | DEBUG    | shortsqueeze.data:_verify_one - SBFM: No short float data from Yahoo or Finviz, dropping (unverified)
2026-06-24 03:00:48 | DEBUG    | shortsqueeze.data:_verify_one - VPER: No short float data from Yahoo or Finviz, dropping (unverified)
2026-06-24 03:00:48 | DEBUG    | shortsqueeze.data:_verify_one - KBE: No short float data from Yahoo or Finviz, dropping (unverified)
2026-06-24 03:00:48 | DEBUG    | shortsqueeze.data:_verify_one - RPGL: No short float data from Yahoo or Finviz, dropping (unverified)
2026-06-24 03:00:48 | DEBUG    | shortsqueeze.data:_verify_one - JUNS: No short float data from Yahoo or Finviz, dropping (unverified)
2026-06-24 03:00:48 | DEBUG    | shortsqueeze.data:_verify_one - ALP: No short float data from Yahoo or Finviz, dropping (unverified)
2026-06-24 03:00:48 | DEBUG    | shortsqueeze.data:_verify_one - UZX: No short float data from Yahoo or Finviz, dropping (unverified)
2026-06-24 03:00:49 | DEBUG    | shortsqueeze.data:_verify_one - SPDN: No short float data from Yahoo or Finviz, dropping (unverified)
2026-06-24 03:00:49 | DEBUG    | shortsqueeze.data:_verify_one - SMCZ: No short float data from Yahoo or Finviz, dropping (unverified)
2026-06-24 03:00:49 | DEBUG    | shortsqueeze.data:_verify_one - PTACU: No short float data from Yahoo or Finviz, dropping (unverified)
2026-06-24 03:00:49 | DEBUG    | shortsqueeze.data:_verify_one - NCPL: No short float data from Yahoo or Finviz, dropping (unverified)
2026-06-24 03:00:49 | DEBUG    | shortsqueeze.data:_verify_one - EMEM: No short float data from Yahoo or Finviz, dropping (unverified)
2026-06-24 03:00:49 | DEBUG    | shortsqueeze.data:_verify_one - NVD: No short float data from Yahoo or Finviz, dropping (unverified)
2026-06-24 03:00:50 | DEBUG    | shortsqueeze.data:_verify_one - BMNZ: No short float data from Yahoo or Finviz, dropping (unverified)
2026-06-24 03:00:50 | DEBUG    | shortsqueeze.data:_verify_one - PHGE: No short float data from Yahoo or Finviz, dropping (unverified)
2026-06-24 03:00:50 | DEBUG    | shortsqueeze.data:_verify_one - CBDW: No short float data from Yahoo or Finviz, dropping (unverified)
2026-06-24 03:00:50 | DEBUG    | shortsqueeze.data:_verify_one - GOVX: No short float data from Yahoo or Finviz, dropping (unverified)
2026-06-24 03:00:50 | DEBUG    | shortsqueeze.data:_verify_one - FXI: No short float data from Yahoo or Finviz, dropping (unverified)
2026-06-24 03:00:50 | DEBUG    | shortsqueeze.data:_verify_one - LITX: No short float data from Yahoo or Finviz, dropping (unverified)
2026-06-24 03:00:50 | DEBUG    | shortsqueeze.data:_verify_one - CGC: No short float data from Yahoo or Finviz, dropping (unverified)
2026-06-24 03:00:51 | DEBUG    | shortsqueeze.data:_verify_one - XRT: No short float data from Yahoo or Finviz, dropping (unverified)
2026-06-24 03:00:51 | DEBUG    | shortsqueeze.data:_verify_one - ELPW: No short float data from Yahoo or Finviz, dropping (unverified)
2026-06-24 03:00:51 | DEBUG    | shortsqueeze.data:_verify_one - NIO: No short float data from Yahoo or Finviz, dropping (unverified)
2026-06-24 03:00:51 | DEBUG    | shortsqueeze.data:_verify_one - XBI: No short float data from Yahoo or Finviz, dropping (unverified)
2026-06-24 03:00:51 | DEBUG    | shortsqueeze.data:_verify_one - MWC: No short float data from Yahoo or Finviz, dropping (unverified)
2026-06-24 03:00:51 | DEBUG    | shortsqueeze.data:_verify_one - WOLF: No short float data from Yahoo or Finviz, dropping (unverified)
2026-06-24 03:00:51 | DEBUG    | shortsqueeze.data:_verify_one - FMACR: No short float data from Yahoo or Finviz, dropping (unverified)
2026-06-24 03:00:51 | DEBUG    | shortsqueeze.data:_verify_one - XNDU: No short float data from Yahoo or Finviz, dropping (unverified)
2026-06-24 03:00:52 | DEBUG    | shortsqueeze.data:_verify_one - IPSC: No short float data from Yahoo or Finviz, dropping (unverified)
2026-06-24 03:00:52 | DEBUG    | shortsqueeze.data:_verify_one - IBGR: No short float data from Yahoo or Finviz, dropping (unverified)
2026-06-24 03:00:52 | DEBUG    | shortsqueeze.data:_verify_one - SNDQ: No short float data from Yahoo or Finviz, dropping (unverified)
2026-06-24 03:00:52 | DEBUG    | shortsqueeze.data:_verify_one - SMCX: No short float data from Yahoo or Finviz, dropping (unverified)
2026-06-24 03:00:52 | DEBUG    | shortsqueeze.data:_verify_one - BURU: No short float data from Yahoo or Finviz, dropping (unverified)
2026-06-24 03:00:52 | DEBUG    | shortsqueeze.data:_verify_one - EFG: No short float data from Yahoo or Finviz, dropping (unverified)
2026-06-24 03:00:52 | DEBUG    | shortsqueeze.data:_verify_one - KVUE: No short float data from Yahoo or Finviz, dropping (unverified)
2026-06-24 03:00:53 | DEBUG    | shortsqueeze.data:_verify_one - AUUD: No short float data from Yahoo or Finviz, dropping (unverified)
2026-06-24 03:00:53 | DEBUG    | shortsqueeze.data:_verify_one - SPWR: No short float data from Yahoo or Finviz, dropping (unverified)
2026-06-24 03:00:53 | DEBUG    | shortsqueeze.data:_verify_one - HYG: No short float data from Yahoo or Finviz, dropping (unverified)
2026-06-24 03:00:53 | DEBUG    | shortsqueeze.data:_verify_one - CBRG: No short float data from Yahoo or Finviz, dropping (unverified)
2026-06-24 03:00:53 | DEBUG    | shortsqueeze.data:_verify_one - KPDD: No short float data from Yahoo or Finviz, dropping (unverified)
2026-06-24 03:00:53 | DEBUG    | shortsqueeze.data:_verify_one - MSTX: No short float data from Yahoo or Finviz, dropping (unverified)
2026-06-24 03:00:53 | DEBUG    | shortsqueeze.data:_verify_one - TLTFF: No short float data from Yahoo or Finviz, dropping (unverified)
2026-06-24 03:00:54 | DEBUG    | shortsqueeze.data:_verify_one - CODX: No short float data from Yahoo or Finviz, dropping (unverified)
2026-06-24 03:00:54 | DEBUG    | shortsqueeze.data:_verify_one - BULZ: No short float data from Yahoo or Finviz, dropping (unverified)
2026-06-24 03:00:54 | DEBUG    | shortsqueeze.data:_verify_one - SOXS: No short float data from Yahoo or Finviz, dropping (unverified)
2026-06-24 03:00:54 | DEBUG    | shortsqueeze.data:_verify_one - VCIG: No short float data from Yahoo or Finviz, dropping (unverified)
2026-06-24 03:00:54 | DEBUG    | shortsqueeze.data:_verify_one - SPYU: No short float data from Yahoo or Finviz, dropping (unverified)
2026-06-24 03:00:54 | DEBUG    | shortsqueeze.data:_verify_one - ONDL: No short float data from Yahoo or Finviz, dropping (unverified)
2026-06-24 03:00:54 | DEBUG    | shortsqueeze.data:_verify_one - GDC: No short float data from Yahoo or Finviz, dropping (unverified)
2026-06-24 03:00:54 | DEBUG    | shortsqueeze.data:_verify_one - HIVE: No short float data from Yahoo or Finviz, dropping (unverified)
2026-06-24 03:00:55 | DEBUG    | shortsqueeze.data:_verify_one - MYXXR: No short float data from Yahoo or Finviz, dropping (unverified)
2026-06-24 03:00:55 | DEBUG    | shortsqueeze.data:_verify_one - EVSV: No short float data from Yahoo or Finviz, dropping (unverified)
2026-06-24 03:00:55 | DEBUG    | shortsqueeze.data:_verify_one - RGTIW: No short float data from Yahoo or Finviz, dropping (unverified)
2026-06-24 03:00:55 | DEBUG    | shortsqueeze.data:_verify_one - ULTY: No short float data from Yahoo or Finviz, dropping (unverified)
2026-06-24 03:00:55 | DEBUG    | shortsqueeze.data:_verify_one - USO: No short float data from Yahoo or Finviz, dropping (unverified)
2026-06-24 03:00:55 | DEBUG    | shortsqueeze.data:_verify_one - VIDA: No short float data from Yahoo or Finviz, dropping (unverified)
2026-06-24 03:00:55 | DEBUG    | shortsqueeze.data:_verify_one - CRCD: No short float data from Yahoo or Finviz, dropping (unverified)
2026-06-24 03:00:56 | DEBUG    | shortsqueeze.data:_verify_one - SATG: No short float data from Yahoo or Finviz, dropping (unverified)
2026-06-24 03:00:56 | DEBUG    | shortsqueeze.data:_verify_one - HUMA: No short float data from Yahoo or Finviz, dropping (unverified)
2026-06-24 03:00:56 | DEBUG    | shortsqueeze.data:_verify_one - GIPR: No short float data from Yahoo or Finviz, dropping (unverified)
2026-06-24 03:00:56 | DEBUG    | shortsqueeze.data:_verify_one - TLT: No short float data from Yahoo or Finviz, dropping (unverified)
2026-06-24 03:00:56 | DEBUG    | shortsqueeze.data:_verify_one - MTVA: No short float data from Yahoo or Finviz, dropping (unverified)
2026-06-24 03:00:56 | DEBUG    | shortsqueeze.data:_verify_one - EEM: No short float data from Yahoo or Finviz, dropping (unverified)
2026-06-24 03:00:56 | DEBUG    | shortsqueeze.data:_verify_one - RDWU: No short float data from Yahoo or Finviz, dropping (unverified)
2026-06-24 03:00:57 | DEBUG    | shortsqueeze.data:_verify_one - MYXXW: No short float data from Yahoo or Finviz, dropping (unverified)
2026-06-24 03:00:57 | DEBUG    | shortsqueeze.data:_verify_one - F: No short float data from Yahoo or Finviz, dropping (unverified)
2026-06-24 03:00:57 | DEBUG    | shortsqueeze.data:_verify_one - DRIP: No short float data from Yahoo or Finviz, dropping (unverified)
2026-06-24 03:00:57 | DEBUG    | shortsqueeze.data:_verify_one - HYZN: No short float data from Yahoo or Finviz, dropping (unverified)
2026-06-24 03:00:57 | DEBUG    | shortsqueeze.data:_verify_one - NRGV: No short float data from Yahoo or Finviz, dropping (unverified)
2026-06-24 03:00:57 | DEBUG    | shortsqueeze.data:_verify_one - NUCLW: No short float data from Yahoo or Finviz, dropping (unverified)
2026-06-24 03:00:57 | DEBUG    | shortsqueeze.data:_verify_one - BIYA: No short float data from Yahoo or Finviz, dropping (unverified)
2026-06-24 03:00:57 | DEBUG    | shortsqueeze.data:_verify_one - FTXN: No short float data from Yahoo or Finviz, dropping (unverified)
2026-06-24 03:00:58 | DEBUG    | shortsqueeze.data:_verify_one - TRNR: No short float data from Yahoo or Finviz, dropping (unverified)
2026-06-24 03:00:58 | DEBUG    | shortsqueeze.data:_verify_one - NWBO: No short float data from Yahoo or Finviz, dropping (unverified)
2026-06-24 03:00:58 | DEBUG    | shortsqueeze.data:_verify_one - RWM: No short float data from Yahoo or Finviz, dropping (unverified)
2026-06-24 03:00:58 | DEBUG    | shortsqueeze.data:_verify_one - VTEB: No short float data from Yahoo or Finviz, dropping (unverified)
2026-06-24 03:00:58 | DEBUG    | shortsqueeze.data:_verify_one - RGBP: No short float data from Yahoo or Finviz, dropping (unverified)
2026-06-24 03:00:58 | DEBUG    | shortsqueeze.data:_verify_one - ARRNF: No short float data from Yahoo or Finviz, dropping (unverified)
2026-06-24 03:00:59 | DEBUG    | shortsqueeze.data:_verify_one - JPXGY: No short float data from Yahoo or Finviz, dropping (unverified)
2026-06-24 03:00:59 | DEBUG    | shortsqueeze.data:_verify_one - CBRS: No short float data from Yahoo or Finviz, dropping (unverified)
2026-06-24 03:00:59 | DEBUG    | shortsqueeze.data:_verify_one - QBTZ: No short float data from Yahoo or Finviz, dropping (unverified)
2026-06-24 03:00:59 | DEBUG    | shortsqueeze.data:_verify_one - CCL: No short float data from Yahoo or Finviz, dropping (unverified)
2026-06-24 03:00:59 | DEBUG    | shortsqueeze.data:_verify_one - GCL: No short float data from Yahoo or Finviz, dropping (unverified)
2026-06-24 03:00:59 | DEBUG    | shortsqueeze.data:_verify_one - SOFX: No short float data from Yahoo or Finviz, dropping (unverified)
2026-06-24 03:00:59 | DEBUG    | shortsqueeze.data:_verify_one - INND: No short float data from Yahoo or Finviz, dropping (unverified)
2026-06-24 03:00:59 | DEBUG    | shortsqueeze.data:_verify_one - FFAI: No short float data from Yahoo or Finviz, dropping (unverified)
2026-06-24 03:01:00 | DEBUG    | shortsqueeze.data:_verify_one - KBLB: No short float data from Yahoo or Finviz, dropping (unverified)
2026-06-24 03:01:00 | DEBUG    | shortsqueeze.data:_verify_one - CAPS: No short float data from Yahoo or Finviz, dropping (unverified)
2026-06-24 03:01:00 | DEBUG    | shortsqueeze.data:_verify_one - SXYAY: No short float data from Yahoo or Finviz, dropping (unverified)
2026-06-24 03:01:00 | DEBUG    | shortsqueeze.data:_verify_one - DBGI: No short float data from Yahoo or Finviz, dropping (unverified)
2026-06-24 03:01:00 | DEBUG    | shortsqueeze.data:_verify_one - ZENA: No short float data from Yahoo or Finviz, dropping (unverified)
2026-06-24 03:01:00 | DEBUG    | shortsqueeze.data:_verify_one - BNZI: No short float data from Yahoo or Finviz, dropping (unverified)
2026-06-24 03:01:01 | DEBUG    | shortsqueeze.data:_verify_one - NESR: No short float data from Yahoo or Finviz, dropping (unverified)
2026-06-24 03:01:01 | DEBUG    | shortsqueeze.data:_verify_one - OKLS: No short float data from Yahoo or Finviz, dropping (unverified)
2026-06-24 03:01:01 | DEBUG    | shortsqueeze.data:_verify_one - NASA: No short float data from Yahoo or Finviz, dropping (unverified)
2026-06-24 03:01:01 | DEBUG    | shortsqueeze.data:_verify_one - NNOX: No short float data from Yahoo or Finviz, dropping (unverified)
2026-06-24 03:01:01 | DEBUG    | shortsqueeze.data:_verify_one - UWMC: No short float data from Yahoo or Finviz, dropping (unverified)
2026-06-24 03:01:01 | DEBUG    | shortsqueeze.data:_verify_one - TSLG: No short float data from Yahoo or Finviz, dropping (unverified)
2026-06-24 03:01:01 | DEBUG    | shortsqueeze.data:_verify_one - FLO: No short float data from Yahoo or Finviz, dropping (unverified)
2026-06-24 03:01:02 | DEBUG    | shortsqueeze.data:_verify_one - IONQ: No short float data from Yahoo or Finviz, dropping (unverified)
2026-06-24 03:01:02 | DEBUG    | shortsqueeze.data:_verify_one - SQQQ: No short float data from Yahoo or Finviz, dropping (unverified)
2026-06-24 03:01:02 | DEBUG    | shortsqueeze.data:_verify_one - QBTS: No short float data from Yahoo or Finviz, dropping (unverified)
2026-06-24 03:01:02 | DEBUG    | shortsqueeze.data:_verify_one - CRM: No short float data from Yahoo or Finviz, dropping (unverified)
2026-06-24 03:01:02 | DEBUG    | shortsqueeze.data:_verify_one - CRMG: No short float data from Yahoo or Finviz, dropping (unverified)
2026-06-24 03:01:02 | DEBUG    | shortsqueeze.data:_verify_one - HLN: No short float data from Yahoo or Finviz, dropping (unverified)
2026-06-24 03:01:02 | DEBUG    | shortsqueeze.data:_verify_one - EMSC: No short float data from Yahoo or Finviz, dropping (unverified)
2026-06-24 03:01:02 | DEBUG    | shortsqueeze.data:_verify_one - AXTX: No short float data from Yahoo or Finviz, dropping (unverified)
2026-06-24 03:01:03 | DEBUG    | shortsqueeze.data:_verify_one - NVDQ: No short float data from Yahoo or Finviz, dropping (unverified)
2026-06-24 03:01:03 | DEBUG    | shortsqueeze.data:_verify_one - CAIIU: No short float data from Yahoo or Finviz, dropping (unverified)
2026-06-24 03:01:03 | DEBUG    | shortsqueeze.data:_verify_one - GCTS: No short float data from Yahoo or Finviz, dropping (unverified)
2026-06-24 03:01:03 | DEBUG    | shortsqueeze.data:_verify_one - PURR: No short float data from Yahoo or Finviz, dropping (unverified)
2026-06-24 03:01:03 | DEBUG    | shortsqueeze.data:_verify_one - VTR: No short float data from Yahoo or Finviz, dropping (unverified)
2026-06-24 03:01:03 | DEBUG    | shortsqueeze.data:_verify_one - INM: No short float data from Yahoo or Finviz, dropping (unverified)
2026-06-24 03:01:04 | DEBUG    | shortsqueeze.data:_verify_one - HAGHY: No short float data from Yahoo or Finviz, dropping (unverified)
2026-06-24 03:01:04 | DEBUG    | shortsqueeze.data:_verify_one - CNBX: No short float data from Yahoo or Finviz, dropping (unverified)
2026-06-24 03:01:04 | DEBUG    | shortsqueeze.data:_verify_one - JETS: No short float data from Yahoo or Finviz, dropping (unverified)
2026-06-24 03:01:04 | DEBUG    | shortsqueeze.data:_verify_one - RKLX: No short float data from Yahoo or Finviz, dropping (unverified)
2026-06-24 03:01:04 | DEBUG    | shortsqueeze.data:_verify_one - MOBX: No short float data from Yahoo or Finviz, dropping (unverified)
2026-06-24 03:01:04 | DEBUG    | shortsqueeze.data:_verify_one - ASTS: No short float data from Yahoo or Finviz, dropping (unverified)
2026-06-24 03:01:04 | DEBUG    | shortsqueeze.data:_verify_one - DLAKY: No short float data from Yahoo or Finviz, dropping (unverified)
2026-06-24 03:01:05 | DEBUG    | shortsqueeze.data:_verify_one - QID: No short float data from Yahoo or Finviz, dropping (unverified)
2026-06-24 03:01:05 | DEBUG    | shortsqueeze.data:_verify_one - AMDD: No short float data from Yahoo or Finviz, dropping (unverified)
2026-06-24 03:01:05 | DEBUG    | shortsqueeze.data:_verify_one - PCLA: No short float data from Yahoo or Finviz, dropping (unverified)
2026-06-24 03:01:05 | DEBUG    | shortsqueeze.data:_verify_one - AAOX: No short float data from Yahoo or Finviz, dropping (unverified)
2026-06-24 03:01:05 | DEBUG    | shortsqueeze.data:_verify_one - BEKE: No short float data from Yahoo or Finviz, dropping (unverified)
2026-06-24 03:01:05 | DEBUG    | shortsqueeze.data:_verify_one - SVIX: No short float data from Yahoo or Finviz, dropping (unverified)
2026-06-24 03:01:06 | DEBUG    | shortsqueeze.data:_verify_one - SRLN: No short float data from Yahoo or Finviz, dropping (unverified)
2026-06-24 03:01:06 | DEBUG    | shortsqueeze.data:_verify_one - IREZ: No short float data from Yahoo or Finviz, dropping (unverified)
2026-06-24 03:01:06 | DEBUG    | shortsqueeze.data:_verify_one - EDBL: No short float data from Yahoo or Finviz, dropping (unverified)
2026-06-24 03:01:06 | DEBUG    | shortsqueeze.data:_verify_one - KDK: No short float data from Yahoo or Finviz, dropping (unverified)
2026-06-24 03:01:06 | DEBUG    | shortsqueeze.data:_verify_one - CABA: No short float data from Yahoo or Finviz, dropping (unverified)
2026-06-24 03:01:06 | DEBUG    | shortsqueeze.data:_verify_one - CDNS: No short float data from Yahoo or Finviz, dropping (unverified)
2026-06-24 03:01:06 | DEBUG    | shortsqueeze.data:_verify_one - RGTI: No short float data from Yahoo or Finviz, dropping (unverified)
2026-06-24 03:01:06 | DEBUG    | shortsqueeze.data:_verify_one - MLGO: No short float data from Yahoo or Finviz, dropping (unverified)
2026-06-24 03:01:06 | DEBUG    | shortsqueeze.data:_verify_one - USBC: No short float data from Yahoo or Finviz, dropping (unverified)
2026-06-24 03:01:07 | DEBUG    | shortsqueeze.data:_verify_one - OTEX: No short float data from Yahoo or Finviz, dropping (unverified)
2026-06-24 03:01:07 | DEBUG    | shortsqueeze.data:_verify_one - BTGO: No short float data from Yahoo or Finviz, dropping (unverified)
2026-06-24 03:01:07 | DEBUG    | shortsqueeze.data:_verify_one - SOPA: No short float data from Yahoo or Finviz, dropping (unverified)
2026-06-24 03:01:07 | DEBUG    | shortsqueeze.data:_verify_one - TDIC: No short float data from Yahoo or Finviz, dropping (unverified)
2026-06-24 03:01:07 | DEBUG    | shortsqueeze.data:_verify_one - CRWV: No short float data from Yahoo or Finviz, dropping (unverified)
2026-06-24 03:01:07 | DEBUG    | shortsqueeze.data:_verify_one - STLA: No short float data from Yahoo or Finviz, dropping (unverified)
2026-06-24 03:01:07 | DEBUG    | shortsqueeze.data:_verify_one - ECX: No short float data from Yahoo or Finviz, dropping (unverified)
2026-06-24 03:01:08 | DEBUG    | shortsqueeze.data:_verify_one - FXACU: No short float data from Yahoo or Finviz, dropping (unverified)
2026-06-24 03:01:08 | DEBUG    | shortsqueeze.data:_verify_one - MDLN: No short float data from Yahoo or Finviz, dropping (unverified)
2026-06-24 03:01:08 | DEBUG    | shortsqueeze.data:_verify_one - AIRDF: No short float data from Yahoo or Finviz, dropping (unverified)
2026-06-24 03:01:08 | DEBUG    | shortsqueeze.data:_verify_one - MVST: No short float data from Yahoo or Finviz, dropping (unverified)
2026-06-24 03:01:08 | DEBUG    | shortsqueeze.data:_verify_one - SMST: No short float data from Yahoo or Finviz, dropping (unverified)
2026-06-24 03:01:08 | DEBUG    | shortsqueeze.data:_verify_one - LI: No short float data from Yahoo or Finviz, dropping (unverified)
2026-06-24 03:01:08 | DEBUG    | shortsqueeze.data:_verify_one - DJTU: No short float data from Yahoo or Finviz, dropping (unverified)
2026-06-24 03:01:09 | DEBUG    | shortsqueeze.data:_verify_one - NBIG: No short float data from Yahoo or Finviz, dropping (unverified)
2026-06-24 03:01:09 | DEBUG    | shortsqueeze.data:_verify_one - PTON: No short float data from Yahoo or Finviz, dropping (unverified)
2026-06-24 03:01:09 | DEBUG    | shortsqueeze.data:_verify_one - LLKKF: No short float data from Yahoo or Finviz, dropping (unverified)
2026-06-24 03:01:09 | DEBUG    | shortsqueeze.data:_verify_one - GDX: No short float data from Yahoo or Finviz, dropping (unverified)
2026-06-24 03:01:09 | DEBUG    | shortsqueeze.data:_verify_one - JBAXY: No short float data from Yahoo or Finviz, dropping (unverified)
2026-06-24 03:01:09 | DEBUG    | shortsqueeze.data:_verify_one - SHNY: No short float data from Yahoo or Finviz, dropping (unverified)
2026-06-24 03:01:09 | DEBUG    | shortsqueeze.data:_verify_one - AMPG: No short float data from Yahoo or Finviz, dropping (unverified)
2026-06-24 03:01:10 | DEBUG    | shortsqueeze.data:_verify_one - HMY: No short float data from Yahoo or Finviz, dropping (unverified)
2026-06-24 03:01:10 | DEBUG    | shortsqueeze.data:_verify_one - ENHA: No short float data from Yahoo or Finviz, dropping (unverified)
2026-06-24 03:01:10 | DEBUG    | shortsqueeze.data:_verify_one - DXF: No short float data from Yahoo or Finviz, dropping (unverified)
2026-06-24 03:01:10 | DEBUG    | shortsqueeze.data:_verify_one - TGRGF: No short float data from Yahoo or Finviz, dropping (unverified)
2026-06-24 03:01:10 | DEBUG    | shortsqueeze.data:_verify_one - LMUB: No short float data from Yahoo or Finviz, dropping (unverified)
2026-06-24 03:01:11 | DEBUG    | shortsqueeze.data:_verify_one - MRUWY: No short float data from Yahoo or Finviz, dropping (unverified)
2026-06-24 03:01:11 | DEBUG    | shortsqueeze.data:_verify_one - KHC: No short float data from Yahoo or Finviz, dropping (unverified)
2026-06-24 03:01:11 | DEBUG    | shortsqueeze.data:_verify_one - TU: No short float data from Yahoo or Finviz, dropping (unverified)
2026-06-24 03:01:11 | DEBUG    | shortsqueeze.data:_verify_one - AMA: No short float data from Yahoo or Finviz, dropping (unverified)
2026-06-24 03:01:11 | DEBUG    | shortsqueeze.data:_verify_one - UCON: No short float data from Yahoo or Finviz, dropping (unverified)
2026-06-24 03:01:11 | DEBUG    | shortsqueeze.data:_verify_one - KSTR: No short float data from Yahoo or Finviz, dropping (unverified)
2026-06-24 03:01:12 | DEBUG    | shortsqueeze.data:_verify_one - CTLHF: No short float data from Yahoo or Finviz, dropping (unverified)
2026-06-24 03:01:12 | DEBUG    | shortsqueeze.data:_verify_one - RCAX: No short float data from Yahoo or Finviz, dropping (unverified)
2026-06-24 03:01:12 | DEBUG    | shortsqueeze.data:_verify_one - CORD: No short float data from Yahoo or Finviz, dropping (unverified)
2026-06-24 03:01:12 | DEBUG    | shortsqueeze.data:_verify_one - QSI: No short float data from Yahoo or Finviz, dropping (unverified)
2026-06-24 03:01:12 | DEBUG    | shortsqueeze.data:_verify_one - LLYX: No short float data from Yahoo or Finviz, dropping (unverified)
2026-06-24 03:01:12 | DEBUG    | shortsqueeze.data:_verify_one - CGBL: No short float data from Yahoo or Finviz, dropping (unverified)
2026-06-24 03:01:12 | DEBUG    | shortsqueeze.data:_verify_one - ACYN: No short float data from Yahoo or Finviz, dropping (unverified)
2026-06-24 03:01:12 | DEBUG    | shortsqueeze.data:_verify_one - BTE: No short float data from Yahoo or Finviz, dropping (unverified)
2026-06-24 03:01:13 | DEBUG    | shortsqueeze.data:_verify_one - EQX: No short float data from Yahoo or Finviz, dropping (unverified)
2026-06-24 03:01:13 | DEBUG    | shortsqueeze.data:_verify_one - ORIS: No short float data from Yahoo or Finviz, dropping (unverified)
2026-06-24 03:01:13 | DEBUG    | shortsqueeze.data:_verify_one - INV: No short float data from Yahoo or Finviz, dropping (unverified)
2026-06-24 03:01:13 | DEBUG    | shortsqueeze.data:_verify_one - KEEL: No short float data from Yahoo or Finviz, dropping (unverified)
2026-06-24 03:01:19 | DEBUG    | shortsqueeze.data:_verify_one - RSPN: No short float data from Yahoo or Finviz, dropping (unverified)
2026-06-24 03:01:19 | DEBUG    | shortsqueeze.data:_verify_one - BSCV: No short float data from Yahoo or Finviz, dropping (unverified)
2026-06-24 03:01:19 | DEBUG    | shortsqueeze.data:get_stock_info - Error fetching stock info for TYGRT: HTTP Error 404: 
2026-06-24 03:01:19 | DEBUG    | shortsqueeze.data:_verify_one - TYGRT: No short float data from Yahoo or Finviz, dropping (unverified)
2026-06-24 03:01:20 | DEBUG    | shortsqueeze.data:_verify_one - FSM: No short float data from Yahoo or Finviz, dropping (unverified)
2026-06-24 03:01:20 | DEBUG    | shortsqueeze.data:_verify_one - YMAX: No short float data from Yahoo or Finviz, dropping (unverified)
2026-06-24 03:01:20 | DEBUG    | shortsqueeze.data:_verify_one - USAR: No short float data from Yahoo or Finviz, dropping (unverified)
2026-06-24 03:01:20 | DEBUG    | shortsqueeze.data:_verify_one - PGEZF: No short float data from Yahoo or Finviz, dropping (unverified)
2026-06-24 03:01:20 | DEBUG    | shortsqueeze.data:_verify_one - FTSM: No short float data from Yahoo or Finviz, dropping (unverified)
2026-06-24 03:01:21 | DEBUG    | shortsqueeze.data:_verify_one - IONX: No short float data from Yahoo or Finviz, dropping (unverified)
2026-06-24 03:01:21 | DEBUG    | shortsqueeze.data:_verify_one - BTQ: No short float data from Yahoo or Finviz, dropping (unverified)
2026-06-24 03:01:21 | DEBUG    | shortsqueeze.data:_verify_one - GDXU: No short float data from Yahoo or Finviz, dropping (unverified)
2026-06-24 03:01:21 | DEBUG    | shortsqueeze.data:_verify_one - DNN: No short float data from Yahoo or Finviz, dropping (unverified)
2026-06-24 03:01:21 | DEBUG    | shortsqueeze.data:_verify_one - XLF: No short float data from Yahoo or Finviz, dropping (unverified)
2026-06-24 03:01:21 | DEBUG    | shortsqueeze.data:_verify_one - SMH: No short float data from Yahoo or Finviz, dropping (unverified)
2026-06-24 03:01:21 | DEBUG    | shortsqueeze.data:_verify_one - AAL: No short float data from Yahoo or Finviz, dropping (unverified)
2026-06-24 03:01:22 | DEBUG    | shortsqueeze.data:_verify_one - AIIO: No short float data from Yahoo or Finviz, dropping (unverified)
2026-06-24 03:01:22 | DEBUG    | shortsqueeze.data:_verify_one - ARTL: No short float data from Yahoo or Finviz, dropping (unverified)
2026-06-24 03:01:22 | DEBUG    | shortsqueeze.data:_verify_one - UUUU: No short float data from Yahoo or Finviz, dropping (unverified)
2026-06-24 03:01:22 | DEBUG    | shortsqueeze.data:_verify_one - YSS: No short float data from Yahoo or Finviz, dropping (unverified)
2026-06-24 03:01:22 | DEBUG    | shortsqueeze.data:_verify_one - LAC: No short float data from Yahoo or Finviz, dropping (unverified)
2026-06-24 03:01:22 | DEBUG    | shortsqueeze.data:_verify_one - POEL: No short float data from Yahoo or Finviz, dropping (unverified)
2026-06-24 03:01:22 | DEBUG    | shortsqueeze.data:_verify_one - GAMB: No short float data from Yahoo or Finviz, dropping (unverified)
2026-06-24 03:01:22 | DEBUG    | shortsqueeze.data:_verify_one - VREOF: No short float data from Yahoo or Finviz, dropping (unverified)
2026-06-24 03:01:22 | DEBUG    | shortsqueeze.data:_verify_one - QSR: No short float data from Yahoo or Finviz, dropping (unverified)
2026-06-24 03:01:22 | DEBUG    | shortsqueeze.data:_verify_one - UCO: No short float data from Yahoo or Finviz, dropping (unverified)
2026-06-24 03:01:22 | DEBUG    | shortsqueeze.data:_verify_one - MSTY: No short float data from Yahoo or Finviz, dropping (unverified)
2026-06-24 03:01:23 | DEBUG    | shortsqueeze.data:_verify_one - SPY: No short float data from Yahoo or Finviz, dropping (unverified)
2026-06-24 03:01:23 | DEBUG    | shortsqueeze.data:_verify_one - FRMI: No short float data from Yahoo or Finviz, dropping (unverified)
2026-06-24 03:01:23 | DEBUG    | shortsqueeze.data:_verify_one - BB: No short float data from Yahoo or Finviz, dropping (unverified)
2026-06-24 03:01:23 | DEBUG    | shortsqueeze.data:_verify_one - BITO: No short float data from Yahoo or Finviz, dropping (unverified)
2026-06-24 03:01:23 | DEBUG    | shortsqueeze.data:_verify_one - PHCG: No short float data from Yahoo or Finviz, dropping (unverified)
2026-06-24 03:01:23 | DEBUG    | shortsqueeze.data:_verify_one - WSRIF: No short float data from Yahoo or Finviz, dropping (unverified)
2026-06-24 03:01:23 | DEBUG    | shortsqueeze.data:_verify_one - RYOJ: No short float data from Yahoo or Finviz, dropping (unverified)
2026-06-24 03:01:24 | DEBUG    | shortsqueeze.data:_verify_one - ORC: No short float data from Yahoo or Finviz, dropping (unverified)
2026-06-24 03:01:24 | DEBUG    | shortsqueeze.data:_verify_one - NOK: No short float data from Yahoo or Finviz, dropping (unverified)
2026-06-24 03:01:24 | DEBUG    | shortsqueeze.data:_verify_one - MAYW: No short float data from Yahoo or Finviz, dropping (unverified)
2026-06-24 03:01:24 | DEBUG    | shortsqueeze.data:_verify_one - MRNO: No short float data from Yahoo or Finviz, dropping (unverified)
2026-06-24 03:01:24 | DEBUG    | shortsqueeze.data:_verify_one - SNDG: No short float data from Yahoo or Finviz, dropping (unverified)
2026-06-24 03:01:24 | DEBUG    | shortsqueeze.data:_verify_one - OBDC: No short float data from Yahoo or Finviz, dropping (unverified)
2026-06-24 03:01:24 | DEBUG    | shortsqueeze.data:_verify_one - XPEV: No short float data from Yahoo or Finviz, dropping (unverified)
2026-06-24 03:01:24 | DEBUG    | shortsqueeze.data:_verify_one - NMG: No short float data from Yahoo or Finviz, dropping (unverified)
2026-06-24 03:01:25 | DEBUG    | shortsqueeze.data:_verify_one - FLY: No short float data from Yahoo or Finviz, dropping (unverified)
2026-06-24 03:01:25 | DEBUG    | shortsqueeze.data:_verify_one - COHH: No short float data from Yahoo or Finviz, dropping (unverified)
2026-06-24 03:01:25 | DEBUG    | shortsqueeze.data:_verify_one - ALC: No short float data from Yahoo or Finviz, dropping (unverified)
2026-06-24 03:01:25 | DEBUG    | shortsqueeze.data:_verify_one - WARP: No short float data from Yahoo or Finviz, dropping (unverified)
2026-06-24 03:01:25 | DEBUG    | shortsqueeze.data:_verify_one - SPSK: No short float data from Yahoo or Finviz, dropping (unverified)
2026-06-24 03:01:25 | DEBUG    | shortsqueeze.data:_verify_one - MVLL: No short float data from Yahoo or Finviz, dropping (unverified)
2026-06-24 03:01:25 | DEBUG    | shortsqueeze.data:_verify_one - TMSL: No short float data from Yahoo or Finviz, dropping (unverified)
2026-06-24 03:01:25 | DEBUG    | shortsqueeze.data:_verify_one - APLZ: No short float data from Yahoo or Finviz, dropping (unverified)
2026-06-24 03:01:25 | DEBUG    | shortsqueeze.data:_verify_one - DIA: No short float data from Yahoo or Finviz, dropping (unverified)
2026-06-24 03:01:26 | DEBUG    | shortsqueeze.data:_verify_one - ASTX: No short float data from Yahoo or Finviz, dropping (unverified)
2026-06-24 03:01:26 | DEBUG    | shortsqueeze.data:_verify_one - IBB: No short float data from Yahoo or Finviz, dropping (unverified)
2026-06-24 03:01:26 | DEBUG    | shortsqueeze.data:_verify_one - AVXX: No short float data from Yahoo or Finviz, dropping (unverified)
2026-06-24 03:01:26 | DEBUG    | shortsqueeze.data:_verify_one - PVAL: No short float data from Yahoo or Finviz, dropping (unverified)
2026-06-24 03:01:26 | DEBUG    | shortsqueeze.data:_verify_one - SHEL: No short float data from Yahoo or Finviz, dropping (unverified)
2026-06-24 03:01:27 | DEBUG    | shortsqueeze.data:_verify_one - YMAG: No short float data from Yahoo or Finviz, dropping (unverified)
2026-06-24 03:01:27 | DEBUG    | shortsqueeze.data:_verify_one - SBMT: No short float data from Yahoo or Finviz, dropping (unverified)
2026-06-24 03:01:27 | DEBUG    | shortsqueeze.data:_verify_one - KDP: No short float data from Yahoo or Finviz, dropping (unverified)
2026-06-24 03:01:27 | DEBUG    | shortsqueeze.data:_verify_one - CRCA: No short float data from Yahoo or Finviz, dropping (unverified)
2026-06-24 03:01:27 | DEBUG    | shortsqueeze.data:_verify_one - IJH: No short float data from Yahoo or Finviz, dropping (unverified)
2026-06-24 03:01:27 | DEBUG    | shortsqueeze.data:_verify_one - CGDG: No short float data from Yahoo or Finviz, dropping (unverified)
2026-06-24 03:01:27 | DEBUG    | shortsqueeze.data:_verify_one - MNDR: No short float data from Yahoo or Finviz, dropping (unverified)
2026-06-24 03:01:27 | DEBUG    | shortsqueeze.data:_verify_one - LGCXF: No short float data from Yahoo or Finviz, dropping (unverified)
2026-06-24 03:01:28 | DEBUG    | shortsqueeze.data:_verify_one - KTUP: No short float data from Yahoo or Finviz, dropping (unverified)
2026-06-24 03:01:28 | DEBUG    | shortsqueeze.data:_verify_one - URG: No short float data from Yahoo or Finviz, dropping (unverified)
2026-06-24 03:01:28 | DEBUG    | shortsqueeze.data:_verify_one - QBTX: No short float data from Yahoo or Finviz, dropping (unverified)
2026-06-24 03:01:28 | DEBUG    | shortsqueeze.data:_verify_one - FOMTF: No short float data from Yahoo or Finviz, dropping (unverified)
2026-06-24 03:01:28 | DEBUG    | shortsqueeze.data:_verify_one - BMNG: No short float data from Yahoo or Finviz, dropping (unverified)
2026-06-24 03:01:28 | DEBUG    | shortsqueeze.data:_verify_one - SPPL: No short float data from Yahoo or Finviz, dropping (unverified)
2026-06-24 03:01:28 | DEBUG    | shortsqueeze.data:_verify_one - IMSR: No short float data from Yahoo or Finviz, dropping (unverified)
2026-06-24 03:01:28 | DEBUG    | shortsqueeze.data:_verify_one - TNYA: No short float data from Yahoo or Finviz, dropping (unverified)
2026-06-24 03:01:28 | DEBUG    | shortsqueeze.data:_verify_one - LABD: No short float data from Yahoo or Finviz, dropping (unverified)
2026-06-24 03:01:28 | DEBUG    | shortsqueeze.data:_verify_one - TSLL: No short float data from Yahoo or Finviz, dropping (unverified)
2026-06-24 03:01:28 | DEBUG    | shortsqueeze.data:_verify_one - ALOY: No short float data from Yahoo or Finviz, dropping (unverified)
2026-06-24 03:01:29 | DEBUG    | shortsqueeze.data:_verify_one - CLPBY: No short float data from Yahoo or Finviz, dropping (unverified)
2026-06-24 03:01:29 | DEBUG    | shortsqueeze.data:_verify_one - NNVC: No short float data from Yahoo or Finviz, dropping (unverified)
2026-06-24 03:01:29 | DEBUG    | shortsqueeze.data:_verify_one - ZSL: No short float data from Yahoo or Finviz, dropping (unverified)
2026-06-24 03:01:29 | DEBUG    | shortsqueeze.data:_verify_one - TRUFF: No short float data from Yahoo or Finviz, dropping (unverified)
2026-06-24 03:01:29 | DEBUG    | shortsqueeze.data:_verify_one - PSIG: No short float data from Yahoo or Finviz, dropping (unverified)
2026-06-24 03:01:29 | DEBUG    | shortsqueeze.data:_verify_one - TSLZ: No short float data from Yahoo or Finviz, dropping (unverified)
2026-06-24 03:01:29 | DEBUG    | shortsqueeze.data:_verify_one - ORKA: No short float data from Yahoo or Finviz, dropping (unverified)
2026-06-24 03:01:30 | DEBUG    | shortsqueeze.data:_verify_one - GGLS: No short float data from Yahoo or Finviz, dropping (unverified)
2026-06-24 03:01:30 | DEBUG    | shortsqueeze.data:_verify_one - NBIZ: No short float data from Yahoo or Finviz, dropping (unverified)
2026-06-24 03:01:30 | DEBUG    | shortsqueeze.data:_verify_one - NPXYY: No short float data from Yahoo or Finviz, dropping (unverified)
2026-06-24 03:01:30 | DEBUG    | shortsqueeze.data:_verify_one - FLOC: No short float data from Yahoo or Finviz, dropping (unverified)
2026-06-24 03:01:30 | DEBUG    | shortsqueeze.data:_verify_one - DELHY: No short float data from Yahoo or Finviz, dropping (unverified)
2026-06-24 03:01:30 | DEBUG    | shortsqueeze.data:_verify_one - ILLR: No short float data from Yahoo or Finviz, dropping (unverified)
2026-06-24 03:01:30 | DEBUG    | shortsqueeze.data:_verify_one - SCBFY: No short float data from Yahoo or Finviz, dropping (unverified)
2026-06-24 03:01:30 | DEBUG    | shortsqueeze.data:_verify_one - USAS: No short float data from Yahoo or Finviz, dropping (unverified)
2026-06-24 03:01:30 | DEBUG    | shortsqueeze.data:_verify_one - GRRR: No short float data from Yahoo or Finviz, dropping (unverified)
2026-06-24 03:01:31 | DEBUG    | shortsqueeze.data:_verify_one - AUPH: No short float data from Yahoo or Finviz, dropping (unverified)
2026-06-24 03:01:31 | DEBUG    | shortsqueeze.data:_verify_one - KWEB: No short float data from Yahoo or Finviz, dropping (unverified)
2026-06-24 03:01:31 | DEBUG    | shortsqueeze.data:_verify_one - XXRP: No short float data from Yahoo or Finviz, dropping (unverified)
2026-06-24 03:01:31 | DEBUG    | shortsqueeze.data:_verify_one - AAPD: No short float data from Yahoo or Finviz, dropping (unverified)
2026-06-24 03:01:31 | DEBUG    | shortsqueeze.data:_verify_one - PODC: No short float data from Yahoo or Finviz, dropping (unverified)
2026-06-24 03:01:31 | DEBUG    | shortsqueeze.data:_verify_one - AIA: No short float data from Yahoo or Finviz, dropping (unverified)
2026-06-24 03:01:31 | DEBUG    | shortsqueeze.data:_verify_one - NFGC: No short float data from Yahoo or Finviz, dropping (unverified)
2026-06-24 03:01:32 | DEBUG    | shortsqueeze.data:_verify_one - LFS: No short float data from Yahoo or Finviz, dropping (unverified)
2026-06-24 03:01:32 | DEBUG    | shortsqueeze.data:_verify_one - SAPMY: No short float data from Yahoo or Finviz, dropping (unverified)
2026-06-24 03:01:32 | DEBUG    | shortsqueeze.data:_verify_one - MUD: No short float data from Yahoo or Finviz, dropping (unverified)
2026-06-24 03:01:32 | DEBUG    | shortsqueeze.data:_verify_one - SNMCY: No short float data from Yahoo or Finviz, dropping (unverified)
2026-06-24 03:01:32 | DEBUG    | shortsqueeze.data:_verify_one - PLTD: No short float data from Yahoo or Finviz, dropping (unverified)
2026-06-24 03:01:32 | DEBUG    | shortsqueeze.data:_verify_one - APLX: No short float data from Yahoo or Finviz, dropping (unverified)
2026-06-24 03:01:32 | DEBUG    | shortsqueeze.data:_verify_one - BILT: No short float data from Yahoo or Finviz, dropping (unverified)
2026-06-24 03:01:32 | DEBUG    | shortsqueeze.data:_verify_one - FOXO: No short float data from Yahoo or Finviz, dropping (unverified)
2026-06-24 03:01:33 | DEBUG    | shortsqueeze.data:_verify_one - ONDG: No short float data from Yahoo or Finviz, dropping (unverified)
2026-06-24 03:01:33 | DEBUG    | shortsqueeze.data:_verify_one - RSP: No short float data from Yahoo or Finviz, dropping (unverified)
2026-06-24 03:01:33 | DEBUG    | shortsqueeze.data:_verify_one - SAN: No short float data from Yahoo or Finviz, dropping (unverified)
2026-06-24 03:01:33 | DEBUG    | shortsqueeze.data:_verify_one - QUBX: No short float data from Yahoo or Finviz, dropping (unverified)
2026-06-24 03:01:33 | DEBUG    | shortsqueeze.data:_verify_one - UUUG: No short float data from Yahoo or Finviz, dropping (unverified)
2026-06-24 03:01:33 | DEBUG    | shortsqueeze.data:_verify_one - CIFG: No short float data from Yahoo or Finviz, dropping (unverified)
2026-06-24 03:01:34 | DEBUG    | shortsqueeze.data:_verify_one - TSDD: No short float data from Yahoo or Finviz, dropping (unverified)
2026-06-24 03:01:34 | DEBUG    | shortsqueeze.data:_verify_one - MDCX: No short float data from Yahoo or Finviz, dropping (unverified)
2026-06-24 03:01:34 | DEBUG    | shortsqueeze.data:_verify_one - LNOK: No short float data from Yahoo or Finviz, dropping (unverified)
2026-06-24 03:01:34 | DEBUG    | shortsqueeze.data:_verify_one - BTCZ: No short float data from Yahoo or Finviz, dropping (unverified)
2026-06-24 03:01:34 | DEBUG    | shortsqueeze.data:_verify_one - ARSMF: No short float data from Yahoo or Finviz, dropping (unverified)
2026-06-24 03:01:34 | DEBUG    | shortsqueeze.data:_verify_one - BTM: No short float data from Yahoo or Finviz, dropping (unverified)
2026-06-24 03:01:35 | DEBUG    | shortsqueeze.data:_verify_one - FTNY: No short float data from Yahoo or Finviz, dropping (unverified)
2026-06-24 03:01:35 | DEBUG    | shortsqueeze.data:_verify_one - SAUHY: No short float data from Yahoo or Finviz, dropping (unverified)
2026-06-24 03:01:35 | DEBUG    | shortsqueeze.data:_verify_one - XLRE: No short float data from Yahoo or Finviz, dropping (unverified)
2026-06-24 03:01:35 | DEBUG    | shortsqueeze.data:_verify_one - STRC: No short float data from Yahoo or Finviz, dropping (unverified)
2026-06-24 03:01:35 | DEBUG    | shortsqueeze.data:_verify_one - XMAX: No short float data from Yahoo or Finviz, dropping (unverified)
2026-06-24 03:01:35 | DEBUG    | shortsqueeze.data:_verify_one - HBEIF: No short float data from Yahoo or Finviz, dropping (unverified)
2026-06-24 03:01:36 | DEBUG    | shortsqueeze.data:_verify_one - ALLIF: No short float data from Yahoo or Finviz, dropping (unverified)
2026-06-24 03:01:36 | DEBUG    | shortsqueeze.data:_verify_one - FANCF: No short float data from Yahoo or Finviz, dropping (unverified)
2026-06-24 03:01:36 | DEBUG    | shortsqueeze.data:_verify_one - EQPT: No short float data from Yahoo or Finviz, dropping (unverified)
2026-06-24 03:01:36 | DEBUG    | shortsqueeze.data:_verify_one - SNAL: No short float data from Yahoo or Finviz, dropping (unverified)
2026-06-24 03:01:36 | DEBUG    | shortsqueeze.data:_verify_one - MCHI: No short float data from Yahoo or Finviz, dropping (unverified)
2026-06-24 03:01:36 | DEBUG    | shortsqueeze.data:_verify_one - IDYN: No short float data from Yahoo or Finviz, dropping (unverified)
2026-06-24 03:01:36 | DEBUG    | shortsqueeze.data:_verify_one - GRML: No short float data from Yahoo or Finviz, dropping (unverified)
2026-06-24 03:01:37 | DEBUG    | shortsqueeze.data:_verify_one - QCML: No short float data from Yahoo or Finviz, dropping (unverified)
2026-06-24 03:01:37 | DEBUG    | shortsqueeze.data:_verify_one - XOVL: No short float data from Yahoo or Finviz, dropping (unverified)
2026-06-24 03:01:37 | DEBUG    | shortsqueeze.data:_verify_one - CQQQ: No short float data from Yahoo or Finviz, dropping (unverified)
2026-06-24 03:01:37 | DEBUG    | shortsqueeze.data:_verify_one - AAPX: No short float data from Yahoo or Finviz, dropping (unverified)
2026-06-24 03:01:37 | DEBUG    | shortsqueeze.data:_verify_one - KUBTY: No short float data from Yahoo or Finviz, dropping (unverified)
2026-06-24 03:01:37 | DEBUG    | shortsqueeze.data:_verify_one - LUNL: No short float data from Yahoo or Finviz, dropping (unverified)
2026-06-24 03:01:37 | DEBUG    | shortsqueeze.data:_verify_one - CNEY: No short float data from Yahoo or Finviz, dropping (unverified)
2026-06-24 03:01:37 | DEBUG    | shortsqueeze.data:_verify_one - IREX: No short float data from Yahoo or Finviz, dropping (unverified)
2026-06-24 03:01:38 | DEBUG    | shortsqueeze.data:_verify_one - DHY: No short float data from Yahoo or Finviz, dropping (unverified)
2026-06-24 03:01:38 | DEBUG    | shortsqueeze.data:_verify_one - AMAU: No short float data from Yahoo or Finviz, dropping (unverified)
2026-06-24 03:01:38 | DEBUG    | shortsqueeze.data:_verify_one - FSEC: No short float data from Yahoo or Finviz, dropping (unverified)
2026-06-24 03:01:38 | DEBUG    | shortsqueeze.data:_verify_one - EC: No short float data from Yahoo or Finviz, dropping (unverified)
2026-06-24 03:01:38 | DEBUG    | shortsqueeze.data:_verify_one - QNC: No short float data from Yahoo or Finviz, dropping (unverified)
2026-06-24 03:01:38 | DEBUG    | shortsqueeze.data:_verify_one - STUB: No short float data from Yahoo or Finviz, dropping (unverified)
2026-06-24 03:01:38 | DEBUG    | shortsqueeze.data:_verify_one - EGLXF: No short float data from Yahoo or Finviz, dropping (unverified)
2026-06-24 03:01:38 | DEBUG    | shortsqueeze.data:_verify_one - IBX: No short float data from Yahoo or Finviz, dropping (unverified)
2026-06-24 03:01:39 | DEBUG    | shortsqueeze.data:_verify_one - SUNB: No short float data from Yahoo or Finviz, dropping (unverified)
2026-06-24 03:01:39 | DEBUG    | shortsqueeze.data:_verify_one - ERY: No short float data from Yahoo or Finviz, dropping (unverified)
2026-06-24 03:01:39 | DEBUG    | shortsqueeze.data:_verify_one - FCEL: No short float data from Yahoo or Finviz, dropping (unverified)
2026-06-24 03:01:39 | DEBUG    | shortsqueeze.data:_verify_one - BBKCF: No short float data from Yahoo or Finviz, dropping (unverified)
2026-06-24 03:01:39 | DEBUG    | shortsqueeze.data:_verify_one - GSAC: No short float data from Yahoo or Finviz, dropping (unverified)
2026-06-24 03:01:39 | DEBUG    | shortsqueeze.data:_verify_one - CV: No short float data from Yahoo or Finviz, dropping (unverified)
2026-06-24 03:01:39 | DEBUG    | shortsqueeze.data:_verify_one - BITI: No short float data from Yahoo or Finviz, dropping (unverified)
2026-06-24 03:01:39 | DEBUG    | shortsqueeze.data:_verify_one - BCE: No short float data from Yahoo or Finviz, dropping (unverified)
2026-06-24 03:01:40 | DEBUG    | shortsqueeze.data:_verify_one - GLL: No short float data from Yahoo or Finviz, dropping (unverified)
2026-06-24 03:01:40 | DEBUG    | shortsqueeze.data:_verify_one - BHP: No short float data from Yahoo or Finviz, dropping (unverified)
2026-06-24 03:01:40 | DEBUG    | shortsqueeze.data:_verify_one - SDA: No short float data from Yahoo or Finviz, dropping (unverified)
2026-06-24 03:01:40 | DEBUG    | shortsqueeze.data:_verify_one - NIVF: No short float data from Yahoo or Finviz, dropping (unverified)
2026-06-24 03:01:40 | DEBUG    | shortsqueeze.data:_verify_one - EZGO: No short float data from Yahoo or Finviz, dropping (unverified)
2026-06-24 03:01:40 | DEBUG    | shortsqueeze.data:_verify_one - ZBAO: No short float data from Yahoo or Finviz, dropping (unverified)
2026-06-24 03:01:40 | DEBUG    | shortsqueeze.data:_verify_one - PUBGY: No short float data from Yahoo or Finviz, dropping (unverified)
2026-06-24 03:01:41 | DEBUG    | shortsqueeze.data:_verify_one - ALKEF: No short float data from Yahoo or Finviz, dropping (unverified)
2026-06-24 03:01:41 | DEBUG    | shortsqueeze.data:_verify_one - GETY: No short float data from Yahoo or Finviz, dropping (unverified)
2026-06-24 03:01:41 | DEBUG    | shortsqueeze.data:_verify_one - CGGE: No short float data from Yahoo or Finviz, dropping (unverified)
2026-06-24 03:01:41 | DEBUG    | shortsqueeze.data:_verify_one - TMC: No short float data from Yahoo or Finviz, dropping (unverified)
2026-06-24 03:01:41 | DEBUG    | shortsqueeze.data:_verify_one - ETHT: No short float data from Yahoo or Finviz, dropping (unverified)
2026-06-24 03:01:41 | DEBUG    | shortsqueeze.data:_verify_one - BKDV: No short float data from Yahoo or Finviz, dropping (unverified)
2026-06-24 03:01:41 | DEBUG    | shortsqueeze.data:_verify_one - SRFM: No short float data from Yahoo or Finviz, dropping (unverified)
2026-06-24 03:01:41 | DEBUG    | shortsqueeze.data:_verify_one - VTMX: No short float data from Yahoo or Finviz, dropping (unverified)
2026-06-24 03:01:41 | DEBUG    | shortsqueeze.data:_verify_one - AZMCF: No short float data from Yahoo or Finviz, dropping (unverified)
2026-06-24 03:01:42 | DEBUG    | shortsqueeze.data:_verify_one - XLE: No short float data from Yahoo or Finviz, dropping (unverified)
2026-06-24 03:01:42 | DEBUG    | shortsqueeze.data:_verify_one - GLOO: No short float data from Yahoo or Finviz, dropping (unverified)
2026-06-24 03:01:42 | DEBUG    | shortsqueeze.data:_verify_one - EPMLF: No short float data from Yahoo or Finviz, dropping (unverified)
2026-06-24 03:01:42 | DEBUG    | shortsqueeze.data:_verify_one - SABS: No short float data from Yahoo or Finviz, dropping (unverified)
2026-06-24 03:01:42 | DEBUG    | shortsqueeze.data:_verify_one - WLBMF: No short float data from Yahoo or Finviz, dropping (unverified)
2026-06-24 03:01:42 | DEBUG    | shortsqueeze.data:_verify_one - SOAR: No short float data from Yahoo or Finviz, dropping (unverified)
2026-06-24 03:01:43 | DEBUG    | shortsqueeze.data:_verify_one - PCOR: No short float data from Yahoo or Finviz, dropping (unverified)
2026-06-24 03:01:43 | DEBUG    | shortsqueeze.data:_verify_one - VRNO: No short float data from Yahoo or Finviz, dropping (unverified)
2026-06-24 03:01:43 | DEBUG    | shortsqueeze.data:_verify_one - TMRC: No short float data from Yahoo or Finviz, dropping (unverified)
2026-06-24 03:01:43 | DEBUG    | shortsqueeze.data:_verify_one - XRP: No short float data from Yahoo or Finviz, dropping (unverified)
2026-06-24 03:01:43 | DEBUG    | shortsqueeze.data:_verify_one - CDE: No short float data from Yahoo or Finviz, dropping (unverified)
2026-06-24 03:01:43 | DEBUG    | shortsqueeze.data:_verify_one - DSCSY: No short float data from Yahoo or Finviz, dropping (unverified)
2026-06-24 03:01:43 | DEBUG    | shortsqueeze.data:_verify_one - CURLF: No short float data from Yahoo or Finviz, dropping (unverified)
2026-06-24 03:01:44 | DEBUG    | shortsqueeze.data:_verify_one - BXSL: No short float data from Yahoo or Finviz, dropping (unverified)
2026-06-24 03:01:44 | DEBUG    | shortsqueeze.data:_verify_one - SPBO: No short float data from Yahoo or Finviz, dropping (unverified)
2026-06-24 03:01:44 | DEBUG    | shortsqueeze.data:_verify_one - CTOS: No short float data from Yahoo or Finviz, dropping (unverified)
2026-06-24 03:01:44 | DEBUG    | shortsqueeze.data:_verify_one - SLX: No short float data from Yahoo or Finviz, dropping (unverified)
2026-06-24 03:01:44 | DEBUG    | shortsqueeze.data:_verify_one - SCMB: No short float data from Yahoo or Finviz, dropping (unverified)
2026-06-24 03:01:44 | DEBUG    | shortsqueeze.data:_verify_one - RDTL: No short float data from Yahoo or Finviz, dropping (unverified)
2026-06-24 03:01:44 | DEBUG    | shortsqueeze.data:_verify_one - MSFD: No short float data from Yahoo or Finviz, dropping (unverified)
2026-06-24 03:01:44 | DEBUG    | shortsqueeze.data:_verify_one - PBTHF: No short float data from Yahoo or Finviz, dropping (unverified)
2026-06-24 03:01:45 | DEBUG    | shortsqueeze.data:_verify_one - BRRLY: No short float data from Yahoo or Finviz, dropping (unverified)
2026-06-24 03:01:45 | DEBUG    | shortsqueeze.data:_verify_one - TLRY: No short float data from Yahoo or Finviz, dropping (unverified)
2026-06-24 03:01:45 | DEBUG    | shortsqueeze.data:_verify_one - RYAN: No short float data from Yahoo or Finviz, dropping (unverified)
2026-06-24 03:01:45 | DEBUG    | shortsqueeze.data:_verify_one - SLNO: No short float data from Yahoo or Finviz, dropping (unverified)
2026-06-24 03:01:45 | DEBUG    | shortsqueeze.data:_verify_one - WULX: No short float data from Yahoo or Finviz, dropping (unverified)
2026-06-24 03:01:45 | DEBUG    | shortsqueeze.data:_verify_one - AIAI: No short float data from Yahoo or Finviz, dropping (unverified)
2026-06-24 03:01:45 | DEBUG    | shortsqueeze.data:_verify_one - RSIT: No short float data from Yahoo or Finviz, dropping (unverified)
2026-06-24 03:01:45 | DEBUG    | shortsqueeze.data:_verify_one - FUTU: No short float data from Yahoo or Finviz, dropping (unverified)
2026-06-24 03:01:46 | DEBUG    | shortsqueeze.data:_verify_one - UNG: No short float data from Yahoo or Finviz, dropping (unverified)
2026-06-24 03:01:46 | DEBUG    | shortsqueeze.data:_verify_one - VRP: No short float data from Yahoo or Finviz, dropping (unverified)
2026-06-24 03:01:46 | DEBUG    | shortsqueeze.data:_verify_one - KDDIY: No short float data from Yahoo or Finviz, dropping (unverified)
2026-06-24 03:01:46 | DEBUG    | shortsqueeze.data:_verify_one - FALN: No short float data from Yahoo or Finviz, dropping (unverified)
2026-06-24 03:01:46 | DEBUG    | shortsqueeze.data:_verify_one - JHLN: No short float data from Yahoo or Finviz, dropping (unverified)
2026-06-24 03:01:46 | DEBUG    | shortsqueeze.data:_verify_one - FTHI: No short float data from Yahoo or Finviz, dropping (unverified)
2026-06-24 03:01:46 | DEBUG    | shortsqueeze.data:_verify_one - LULG: No short float data from Yahoo or Finviz, dropping (unverified)
2026-06-24 03:01:47 | DEBUG    | shortsqueeze.data:_verify_one - AMSS: No short float data from Yahoo or Finviz, dropping (unverified)
2026-06-24 03:01:47 | DEBUG    | shortsqueeze.data:_verify_one - PPBT: No short float data from Yahoo or Finviz, dropping (unverified)
2026-06-24 03:01:47 | DEBUG    | shortsqueeze.data:_verify_one - CORB: No short float data from Yahoo or Finviz, dropping (unverified)
2026-06-24 03:01:47 | DEBUG    | shortsqueeze.data:_verify_one - GRAPF: No short float data from Yahoo or Finviz, dropping (unverified)
2026-06-24 03:01:47 | DEBUG    | shortsqueeze.data:_verify_one - GRUSF: No short float data from Yahoo or Finviz, dropping (unverified)
2026-06-24 03:01:47 | DEBUG    | shortsqueeze.data:_verify_one - NVDL: No short float data from Yahoo or Finviz, dropping (unverified)
2026-06-24 03:01:47 | DEBUG    | shortsqueeze.data:_verify_one - MMETF: No short float data from Yahoo or Finviz, dropping (unverified)
2026-06-24 03:01:47 | DEBUG    | shortsqueeze.data:_verify_one - NTMFF: No short float data from Yahoo or Finviz, dropping (unverified)
2026-06-24 03:01:48 | DEBUG    | shortsqueeze.data:_verify_one - ORZCF: No short float data from Yahoo or Finviz, dropping (unverified)
2026-06-24 03:01:48 | DEBUG    | shortsqueeze.data:_verify_one - BHYP: No short float data from Yahoo or Finviz, dropping (unverified)
2026-06-24 03:01:48 | DEBUG    | shortsqueeze.data:_verify_one - JMST: No short float data from Yahoo or Finviz, dropping (unverified)
2026-06-24 03:01:48 | DEBUG    | shortsqueeze.data:_verify_one - KYOCY: No short float data from Yahoo or Finviz, dropping (unverified)
2026-06-24 03:01:48 | DEBUG    | shortsqueeze.data:_verify_one - CONX: No short float data from Yahoo or Finviz, dropping (unverified)
2026-06-24 03:01:48 | DEBUG    | shortsqueeze.data:_verify_one - BKGI: No short float data from Yahoo or Finviz, dropping (unverified)
2026-06-24 03:01:48 | DEBUG    | shortsqueeze.data:_verify_one - TBF: No short float data from Yahoo or Finviz, dropping (unverified)
2026-06-24 03:01:48 | DEBUG    | shortsqueeze.data:_verify_one - FEM: No short float data from Yahoo or Finviz, dropping (unverified)
2026-06-24 03:01:49 | DEBUG    | shortsqueeze.data:_verify_one - AMZD: No short float data from Yahoo or Finviz, dropping (unverified)
2026-06-24 03:01:49 | DEBUG    | shortsqueeze.data:_verify_one - DOG: No short float data from Yahoo or Finviz, dropping (unverified)
2026-06-24 03:01:49 | DEBUG    | shortsqueeze.data:_verify_one - SOXL: No short float data from Yahoo or Finviz, dropping (unverified)
2026-06-24 03:01:49 | DEBUG    | shortsqueeze.data:_verify_one - WRLGF: No short float data from Yahoo or Finviz, dropping (unverified)
2026-06-24 03:01:49 | DEBUG    | shortsqueeze.data:_verify_one - ASHR: No short float data from Yahoo or Finviz, dropping (unverified)
2026-06-24 03:01:49 | DEBUG    | shortsqueeze.data:_verify_one - RRDMF: No short float data from Yahoo or Finviz, dropping (unverified)
2026-06-24 03:01:49 | DEBUG    | shortsqueeze.data:_verify_one - FESM: No short float data from Yahoo or Finviz, dropping (unverified)
2026-06-24 03:01:49 | DEBUG    | shortsqueeze.data:_verify_one - COIW: No short float data from Yahoo or Finviz, dropping (unverified)
2026-06-24 03:01:50 | DEBUG    | shortsqueeze.data:_verify_one - EFV: No short float data from Yahoo or Finviz, dropping (unverified)
2026-06-24 03:01:50 | DEBUG    | shortsqueeze.data:_verify_one - ROBN: No short float data from Yahoo or Finviz, dropping (unverified)
2026-06-24 03:01:50 | DEBUG    | shortsqueeze.data:_verify_one - FBGL: No short float data from Yahoo or Finviz, dropping (unverified)
2026-06-24 03:01:50 | DEBUG    | shortsqueeze.data:_verify_one - SUZ: No short float data from Yahoo or Finviz, dropping (unverified)
2026-06-24 03:01:50 | DEBUG    | shortsqueeze.data:_verify_one - ODV: No short float data from Yahoo or Finviz, dropping (unverified)
2026-06-24 03:01:50 | DEBUG    | shortsqueeze.data:_verify_one - VUZI: No short float data from Yahoo or Finviz, dropping (unverified)
2026-06-24 03:01:50 | DEBUG    | shortsqueeze.data:_verify_one - TPET: No short float data from Yahoo or Finviz, dropping (unverified)
2026-06-24 03:01:51 | DEBUG    | shortsqueeze.data:_verify_one - GTN: No short float data from Yahoo or Finviz, dropping (unverified)
2026-06-24 03:01:51 | DEBUG    | shortsqueeze.data:_verify_one - NCL: No short float data from Yahoo or Finviz, dropping (unverified)
2026-06-24 03:01:51 | DEBUG    | shortsqueeze.data:_verify_one - BLDP: No short float data from Yahoo or Finviz, dropping (unverified)
2026-06-24 03:01:51 | DEBUG    | shortsqueeze.data:_verify_one - SKYQ: No short float data from Yahoo or Finviz, dropping (unverified)
2026-06-24 03:01:51 | DEBUG    | shortsqueeze.data:_verify_one - AEM: No short float data from Yahoo or Finviz, dropping (unverified)
2026-06-24 03:01:51 | DEBUG    | shortsqueeze.data:_verify_one - AAOG: No short float data from Yahoo or Finviz, dropping (unverified)
2026-06-24 03:01:51 | DEBUG    | shortsqueeze.data:_verify_one - USDU: No short float data from Yahoo or Finviz, dropping (unverified)
2026-06-24 03:01:51 | DEBUG    | shortsqueeze.data:_verify_one - FNGU: No short float data from Yahoo or Finviz, dropping (unverified)
2026-06-24 03:01:52 | DEBUG    | shortsqueeze.data:_verify_one - CXDO: No short float data from Yahoo or Finviz, dropping (unverified)
2026-06-24 03:01:52 | DEBUG    | shortsqueeze.data:_verify_one - GMEU: No short float data from Yahoo or Finviz, dropping (unverified)
2026-06-24 03:01:52 | DEBUG    | shortsqueeze.data:_verify_one - NOTV: No short float data from Yahoo or Finviz, dropping (unverified)
2026-06-24 03:01:52 | DEBUG    | shortsqueeze.data:_verify_one - KC: No short float data from Yahoo or Finviz, dropping (unverified)
2026-06-24 03:01:52 | DEBUG    | shortsqueeze.data:_verify_one - RACE: No short float data from Yahoo or Finviz, dropping (unverified)
2026-06-24 03:01:52 | DEBUG    | shortsqueeze.data:_verify_one - INVZ: No short float data from Yahoo or Finviz, dropping (unverified)
2026-06-24 03:01:52 | DEBUG    | shortsqueeze.data:_verify_one - DLTR: No short float data from Yahoo or Finviz, dropping (unverified)
2026-06-24 03:01:53 | DEBUG    | shortsqueeze.data:_verify_one - REKR: No short float data from Yahoo or Finviz, dropping (unverified)
2026-06-24 03:01:53 | DEBUG    | shortsqueeze.data:_verify_one - AMOD: No short float data from Yahoo or Finviz, dropping (unverified)
2026-06-24 03:01:53 | DEBUG    | shortsqueeze.data:_verify_one - BIDCF: No short float data from Yahoo or Finviz, dropping (unverified)
2026-06-24 03:01:53 | DEBUG    | shortsqueeze.data:_verify_one - DFSB: No short float data from Yahoo or Finviz, dropping (unverified)
2026-06-24 03:01:53 | DEBUG    | shortsqueeze.data:_verify_one - DSFIY: No short float data from Yahoo or Finviz, dropping (unverified)
2026-06-24 03:01:53 | DEBUG    | shortsqueeze.data:_verify_one - XP: No short float data from Yahoo or Finviz, dropping (unverified)
2026-06-24 03:01:54 | DEBUG    | shortsqueeze.data:_verify_one - KMAY: No short float data from Yahoo or Finviz, dropping (unverified)
2026-06-24 03:01:54 | DEBUG    | shortsqueeze.data:_verify_one - RIOX: No short float data from Yahoo or Finviz, dropping (unverified)
2026-06-24 03:01:54 | DEBUG    | shortsqueeze.data:_verify_one - BCTX: No short float data from Yahoo or Finviz, dropping (unverified)
2026-06-24 03:01:54 | DEBUG    | shortsqueeze.data:_verify_one - IVCTF: No short float data from Yahoo or Finviz, dropping (unverified)
2026-06-24 03:01:54 | DEBUG    | shortsqueeze.data:_verify_one - MUB: No short float data from Yahoo or Finviz, dropping (unverified)
2026-06-24 03:01:55 | DEBUG    | shortsqueeze.data:_verify_one - SMJF: No short float data from Yahoo or Finviz, dropping (unverified)
2026-06-24 03:01:55 | DEBUG    | shortsqueeze.data:_verify_one - QQQ: No short float data from Yahoo or Finviz, dropping (unverified)
2026-06-24 03:01:55 | DEBUG    | shortsqueeze.data:_verify_one - OPTX: No short float data from Yahoo or Finviz, dropping (unverified)
2026-06-24 03:01:55 | DEBUG    | shortsqueeze.data:_verify_one - HDGE: No short float data from Yahoo or Finviz, dropping (unverified)
2026-06-24 03:01:55 | DEBUG    | shortsqueeze.data:_verify_one - KGEI: No short float data from Yahoo or Finviz, dropping (unverified)
2026-06-24 03:01:55 | DEBUG    | shortsqueeze.data:_verify_one - BRIB: No short float data from Yahoo or Finviz, dropping (unverified)
2026-06-24 03:01:55 | DEBUG    | shortsqueeze.data:_verify_one - AYA: No short float data from Yahoo or Finviz, dropping (unverified)
2026-06-24 03:01:55 | DEBUG    | shortsqueeze.data:_verify_one - BUFD: No short float data from Yahoo or Finviz, dropping (unverified)
2026-06-24 03:01:56 | DEBUG    | shortsqueeze.data:_verify_one - AVIFY: No short float data from Yahoo or Finviz, dropping (unverified)
2026-06-24 03:01:56 | DEBUG    | shortsqueeze.data:_verify_one - TONX: No short float data from Yahoo or Finviz, dropping (unverified)
2026-06-24 03:01:56 | DEBUG    | shortsqueeze.data:_verify_one - SNOA: No short float data from Yahoo or Finviz, dropping (unverified)
2026-06-24 03:01:56 | DEBUG    | shortsqueeze.data:_verify_one - SCHD: No short float data from Yahoo or Finviz, dropping (unverified)
2026-06-24 03:01:56 | DEBUG    | shortsqueeze.data:_verify_one - OILU: No short float data from Yahoo or Finviz, dropping (unverified)
2026-06-24 03:01:56 | DEBUG    | shortsqueeze.data:_verify_one - CLOZ: No short float data from Yahoo or Finviz, dropping (unverified)
2026-06-24 03:01:56 | INFO     | shortsqueeze.data:_verify_with_yahoo - Dropped 527 candidates during verification (unverified or missing price)
2026-06-24 03:01:56 | INFO     | shortsqueeze.data:get_squeeze_candidates - Final watchlist: 135 verified squeeze candidates
2026-06-24 03:01:56 | DEBUG    | shortsqueeze.universe:_apply_filters_no_price - Filtered from 135 to 100 candidates (before price split)
2026-06-24 03:01:56 | INFO     | shortsqueeze.universe:save_watchlists - Saved watchlists: 83 quality ($5+), 14 speculative (<$5)
2026-06-24 03:01:56 | INFO     | shortsqueeze.universe:refresh_watchlist - Watchlists refreshed: 83 quality ($5+), 14 speculative ($1.0-$5.0)
2026-06-24 03:01:56 | INFO     | shortsqueeze.bot:_refresh_watchlist - Watchlist refreshed: 97 candidates
2026-06-24 03:01:59 | DEBUG    | shortsqueeze.bot:_run_scan - Market closed, skipping scan
2026-06-24 03:06:59 | DEBUG    | shortsqueeze.bot:_run_scan - Market closed, skipping scan
2026-06-24 03:11:59 | DEBUG    | shortsqueeze.bot:_run_scan - Market closed, skipping scan
2026-06-24 03:16:59 | DEBUG    | shortsqueeze.bot:_run_scan - Market closed, skipping scan
2026-06-24 03:21:59 | DEBUG    | shortsqueeze.bot:_run_scan - Market closed, skipping scan
2026-06-24 03:26:59 | DEBUG    | shortsqueeze.bot:_run_scan - Market closed, skipping scan
2026-06-24 03:31:59 | DEBUG    | shortsqueeze.bot:_run_scan - Market closed, skipping scan
2026-06-24 03:36:59 | DEBUG    | shortsqueeze.bot:_run_scan - Market closed, skipping scan
2026-06-24 03:41:59 | DEBUG    | shortsqueeze.bot:_run_scan - Market closed, skipping scan
2026-06-24 03:46:59 | DEBUG    | shortsqueeze.bot:_run_scan - Market closed, skipping scan
2026-06-24 03:51:59 | DEBUG    | shortsqueeze.bot:_run_scan - Market closed, skipping scan
2026-06-24 03:56:59 | DEBUG    | shortsqueeze.bot:_run_scan - Market closed, skipping scan
2026-06-24 04:01:59 | DEBUG    | shortsqueeze.bot:_run_scan - Market closed, skipping scan
2026-06-24 04:06:59 | DEBUG    | shortsqueeze.bot:_run_scan - Market closed, skipping scan
2026-06-24 04:11:59 | DEBUG    | shortsqueeze.bot:_run_scan - Market closed, skipping scan
2026-06-24 04:16:59 | DEBUG    | shortsqueeze.bot:_run_scan - Market closed, skipping scan
2026-06-24 04:21:59 | DEBUG    | shortsqueeze.bot:_run_scan - Market closed, skipping scan
2026-06-24 04:26:59 | DEBUG    | shortsqueeze.bot:_run_scan - Market closed, skipping scan
2026-06-24 04:31:59 | DEBUG    | shortsqueeze.bot:_run_scan - Market closed, skipping scan
2026-06-24 04:36:59 | DEBUG    | shortsqueeze.bot:_run_scan - Market closed, skipping scan
2026-06-24 04:41:59 | DEBUG    | shortsqueeze.bot:_run_scan - Market closed, skipping scan
2026-06-24 04:46:59 | DEBUG    | shortsqueeze.bot:_run_scan - Market closed, skipping scan
2026-06-24 04:51:59 | DEBUG    | shortsqueeze.bot:_run_scan - Market closed, skipping scan
2026-06-24 04:56:59 | DEBUG    | shortsqueeze.bot:_run_scan - Market closed, skipping scan
2026-06-24 05:01:59 | DEBUG    | shortsqueeze.bot:_run_scan - Market closed, skipping scan
2026-06-24 05:06:59 | DEBUG    | shortsqueeze.bot:_run_scan - Market closed, skipping scan
2026-06-24 05:11:59 | DEBUG    | shortsqueeze.bot:_run_scan - Market closed, skipping scan
2026-06-24 05:16:59 | DEBUG    | shortsqueeze.bot:_run_scan - Market closed, skipping scan
2026-06-24 05:21:59 | DEBUG    | shortsqueeze.bot:_run_scan - Market closed, skipping scan
2026-06-24 05:26:59 | DEBUG    | shortsqueeze.bot:_run_scan - Market closed, skipping scan
2026-06-24 05:31:59 | DEBUG    | shortsqueeze.bot:_run_scan - Market closed, skipping scan
2026-06-24 05:36:59 | DEBUG    | shortsqueeze.bot:_run_scan - Market closed, skipping scan
2026-06-24 05:41:59 | DEBUG    | shortsqueeze.bot:_run_scan - Market closed, skipping scan
2026-06-24 05:46:59 | DEBUG    | shortsqueeze.bot:_run_scan - Market closed, skipping scan
2026-06-24 05:51:59 | DEBUG    | shortsqueeze.bot:_run_scan - Market closed, skipping scan
2026-06-24 05:56:59 | DEBUG    | shortsqueeze.bot:_run_scan - Market closed, skipping scan
2026-06-24 06:01:59 | DEBUG    | shortsqueeze.bot:_run_scan - Market closed, skipping scan
2026-06-24 06:06:59 | DEBUG    | shortsqueeze.bot:_run_scan - Market closed, skipping scan
2026-06-24 06:11:59 | DEBUG    | shortsqueeze.bot:_run_scan - Market closed, skipping scan
2026-06-24 06:16:59 | DEBUG    | shortsqueeze.bot:_run_scan - Market closed, skipping scan
2026-06-24 06:21:59 | DEBUG    | shortsqueeze.bot:_run_scan - Market closed, skipping scan
2026-06-24 06:26:59 | DEBUG    | shortsqueeze.bot:_run_scan - Market closed, skipping scan
2026-06-24 06:31:59 | INFO     | shortsqueeze.bot:_run_scan - Running intraday scan...
2026-06-24 06:32:01 | INFO     | shortsqueeze.bot:_run_scan - Max positions (5) reached. Skipping scan.
2026-06-24 06:35:00 | INFO     | shortsqueeze.bot:_monitor_positions - Exit signal for ASST: Stop loss triggered (-8.2%)
2026-06-24 06:35:01 | INFO     | shortsqueeze.broker.alpaca_trader:close_position - Submitted close: SELL 80 ASST
2026-06-24 06:36:59 | INFO     | shortsqueeze.bot:_run_scan - Running intraday scan...
2026-06-24 06:37:00 | INFO     | shortsqueeze.signals:scan_watchlist - Scanning 97 stocks from watchlist...
2026-06-24 06:37:11 | DEBUG    | shortsqueeze.signals:scan_stock - REPL: price=$11.75, prev_close=$11.42 (source: yahoo)
2026-06-24 06:37:12 | DEBUG    | shortsqueeze.signals:scan_stock - REPL: Yahoo 1-min volume=125,982
2026-06-24 06:37:12 | DEBUG    | shortsqueeze.signals:scan_stock - REPL: No signal - price=False (+2.8%, need +5.0%), vol=False (ratio=1.1x, need 3.0x, src=yahoo_intraday), vwap=True ($11.75 vs VWAP $11.64), squeeze=True, mom=False (mom_val=2.31)
2026-06-24 06:37:13 | DEBUG    | shortsqueeze.signals:scan_stock - GRPN: price=$17.11, prev_close=$16.76 (source: yahoo)
2026-06-24 06:37:13 | DEBUG    | shortsqueeze.signals:scan_stock - GRPN: Yahoo 1-min volume=55,804
2026-06-24 06:37:13 | DEBUG    | shortsqueeze.signals:scan_stock - GRPN: No signal - price=False (+2.1%, need +5.0%), vol=False (ratio=2.2x, need 3.0x, src=yahoo_intraday), vwap=True ($17.11 vs VWAP $16.88), squeeze=True, mom=False (mom_val=-2.94)
2026-06-24 06:37:14 | DEBUG    | shortsqueeze.signals:scan_stock - METC: price=$11.80, prev_close=$12.83 (source: yahoo)
2026-06-24 06:37:14 | DEBUG    | shortsqueeze.signals:scan_stock - METC: Yahoo 1-min volume=61,243
2026-06-24 06:37:14 | DEBUG    | shortsqueeze.signals:scan_stock - METC: No signal - price=False (-8.0%, need +5.0%), vol=False (ratio=2.3x, need 3.0x, src=yahoo_intraday), vwap=False ($11.80 vs VWAP $12.80), squeeze=True, mom=False (mom_val=-2.33)
2026-06-24 06:37:15 | DEBUG    | shortsqueeze.signals:scan_stock - CLSK: price=$17.15, prev_close=$17.19 (source: yahoo)
2026-06-24 06:37:16 | DEBUG    | shortsqueeze.signals:scan_stock - CLSK: Yahoo 1-min volume=1,367,402
2026-06-24 06:37:16 | DEBUG    | shortsqueeze.signals:scan_stock - CLSK: No signal - price=False (-0.2%, need +5.0%), vol=True (ratio=3.5x, need 3.0x, src=yahoo_intraday), vwap=False ($17.15 vs VWAP $17.59), squeeze=False, mom=False (mom_val=-0.49)
2026-06-24 06:37:16 | DEBUG    | shortsqueeze.signals:scan_stock - CBRL: price=$47.25, prev_close=$46.46 (source: yahoo)
2026-06-24 06:37:17 | DEBUG    | shortsqueeze.signals:scan_stock - CBRL: Yahoo 1-min volume=15,505
2026-06-24 06:37:17 | DEBUG    | shortsqueeze.signals:scan_stock - CBRL: No signal - price=False (+1.7%, need +5.0%), vol=False (ratio=0.5x, need 3.0x, src=yahoo_intraday), vwap=True ($47.25 vs VWAP $46.51), squeeze=True, mom=True (mom_val=8.31)
2026-06-24 06:37:17 | DEBUG    | shortsqueeze.signals:scan_stock - HTZ: price=$3.88, prev_close=$5.06 (source: yahoo)
2026-06-24 06:37:17 | DEBUG    | shortsqueeze.signals:scan_stock - HTZ: Yahoo 1-min volume=4,705,617
2026-06-24 06:37:17 | DEBUG    | shortsqueeze.signals:scan_stock - HTZ: No signal - price=False (-23.4%, need +5.0%), vol=True (ratio=46.5x, need 3.0x, src=yahoo_intraday), vwap=False ($3.88 vs VWAP $5.08), squeeze=True, mom=False (mom_val=-0.26)
2026-06-24 06:37:18 | DEBUG    | shortsqueeze.signals:scan_stock - GO: price=$10.25, prev_close=$9.47 (source: yahoo)
2026-06-24 06:37:19 | DEBUG    | shortsqueeze.signals:scan_stock - GO: Yahoo 1-min volume=48,634
2026-06-24 06:37:19 | DEBUG    | shortsqueeze.signals:scan_stock - GO: No signal - price=True (+8.2%, need +5.0%), vol=False (ratio=1.0x, need 3.0x, src=yahoo_intraday), vwap=True ($10.25 vs VWAP $9.48), squeeze=True, mom=False (mom_val=0.92)
2026-06-24 06:37:19 | DEBUG    | shortsqueeze.signals:scan_stock - ULCC: price=$7.37, prev_close=$7.25 (source: yahoo)
2026-06-24 06:37:20 | DEBUG    | shortsqueeze.signals:scan_stock - ULCC: Yahoo 1-min volume=150,123
2026-06-24 06:37:20 | DEBUG    | shortsqueeze.signals:scan_stock - ULCC: No signal - price=False (+1.7%, need +5.0%), vol=False (ratio=1.9x, need 3.0x, src=yahoo_intraday), vwap=True ($7.37 vs VWAP $7.31), squeeze=True, mom=True (mom_val=0.92)
2026-06-24 06:37:20 | DEBUG    | shortsqueeze.signals:scan_stock - ACHC: price=$24.80, prev_close=$24.54 (source: yahoo)
2026-06-24 06:37:21 | DEBUG    | shortsqueeze.signals:scan_stock - ACHC: Yahoo 1-min volume=18,861
2026-06-24 06:37:21 | DEBUG    | shortsqueeze.signals:scan_stock - ACHC: No signal - price=False (+1.0%, need +5.0%), vol=False (ratio=0.4x, need 3.0x, src=yahoo_intraday), vwap=True ($24.80 vs VWAP $24.33), squeeze=False, mom=False (mom_val=0.65)
2026-06-24 06:37:21 | DEBUG    | shortsqueeze.signals:scan_stock - VITL: price=$11.69, prev_close=$10.68 (source: yahoo)
2026-06-24 06:37:22 | DEBUG    | shortsqueeze.signals:scan_stock - VITL: Yahoo 1-min volume=45,889
2026-06-24 06:37:22 | DEBUG    | shortsqueeze.signals:scan_stock - VITL: No signal - price=True (+9.5%, need +5.0%), vol=False (ratio=1.0x, need 3.0x, src=yahoo_intraday), vwap=True ($11.69 vs VWAP $10.71), squeeze=False, mom=False (mom_val=0.77)
2026-06-24 06:37:22 | DEBUG    | shortsqueeze.signals:scan_stock - SOUN: price=$6.38, prev_close=$6.44 (source: yahoo)
2026-06-24 06:37:23 | DEBUG    | shortsqueeze.signals:scan_stock - SOUN: Yahoo 1-min volume=1,425,295
2026-06-24 06:37:23 | DEBUG    | shortsqueeze.signals:scan_stock - SOUN: No signal - price=False (-1.0%, need +5.0%), vol=True (ratio=3.1x, need 3.0x, src=yahoo_intraday), vwap=False ($6.38 vs VWAP $6.63), squeeze=True, mom=False (mom_val=-1.35)
2026-06-24 06:37:23 | DEBUG    | shortsqueeze.signals:scan_stock - SPRY: price=$10.55, prev_close=$10.28 (source: yahoo)
2026-06-24 06:37:24 | DEBUG    | shortsqueeze.signals:scan_stock - SPRY: Yahoo 1-min volume=27,909
2026-06-24 06:37:24 | DEBUG    | shortsqueeze.signals:scan_stock - SPRY: No signal - price=False (+2.7%, need +5.0%), vol=False (ratio=1.1x, need 3.0x, src=yahoo_intraday), vwap=True ($10.55 vs VWAP $10.22), squeeze=True, mom=False (mom_val=1.03)
2026-06-24 06:37:24 | DEBUG    | shortsqueeze.signals:scan_stock - WEN: price=$8.59, prev_close=$6.25 (source: yahoo)
2026-06-24 06:37:25 | DEBUG    | shortsqueeze.signals:scan_stock - WEN: Yahoo 1-min volume=45,581,797
2026-06-24 06:37:25 | INFO     | shortsqueeze.signals:scan_stock - WEN: Entry signal detected - strong - EXTREME MOVE | Squeeze fired | +37.3% | 241.4x volume
2026-06-24 06:37:25 | DEBUG    | shortsqueeze.signals:scan_stock - AI: price=$9.76, prev_close=$9.66 (source: yahoo)
2026-06-24 06:37:26 | DEBUG    | shortsqueeze.signals:scan_stock - AI: Yahoo 1-min volume=179,383
2026-06-24 06:37:26 | DEBUG    | shortsqueeze.signals:scan_stock - AI: No signal - price=False (+1.0%, need +5.0%), vol=False (ratio=1.2x, need 3.0x, src=yahoo_intraday), vwap=True ($9.76 vs VWAP $9.73), squeeze=True, mom=False (mom_val=-0.35)
2026-06-24 06:37:26 | DEBUG    | shortsqueeze.signals:scan_stock - FIG: price=$19.41, prev_close=$19.00 (source: yahoo)
2026-06-24 06:37:27 | DEBUG    | shortsqueeze.signals:scan_stock - FIG: Yahoo 1-min volume=858,196
2026-06-24 06:37:27 | DEBUG    | shortsqueeze.signals:scan_stock - FIG: No signal - price=False (+2.2%, need +5.0%), vol=False (ratio=2.7x, need 3.0x, src=yahoo_intraday), vwap=False ($19.41 vs VWAP $19.48), squeeze=True, mom=False (mom_val=-4.86)
2026-06-24 06:37:27 | DEBUG    | shortsqueeze.signals:scan_stock - SATS: price=$102.68, prev_close=$103.92 (source: yahoo)
2026-06-24 06:37:28 | DEBUG    | shortsqueeze.signals:scan_stock - SATS: Using Yahoo info volume=11,498,135
2026-06-24 06:37:28 | DEBUG    | shortsqueeze.signals:scan_stock - SATS: No signal - price=False (-1.2%, need +5.0%), vol=True (ratio=48.7x, need 3.0x, src=yahoo), vwap=False ($102.68 vs VWAP $103.14), squeeze=True, mom=False (mom_val=-12.15)
2026-06-24 06:37:28 | DEBUG    | shortsqueeze.signals:scan_stock - FLNC: price=$22.48, prev_close=$21.21 (source: yahoo)
2026-06-24 06:37:29 | DEBUG    | shortsqueeze.signals:scan_stock - FLNC: Yahoo 1-min volume=650,911
2026-06-24 06:37:29 | DEBUG    | shortsqueeze.signals:scan_stock - FLNC: No signal - price=True (+6.0%, need +5.0%), vol=False (ratio=2.7x, need 3.0x, src=yahoo_intraday), vwap=True ($22.48 vs VWAP $22.12), squeeze=False, mom=False (mom_val=-1.27)
2026-06-24 06:37:29 | DEBUG    | shortsqueeze.signals:scan_stock - LCID: price=$5.29, prev_close=$5.19 (source: yahoo)
2026-06-24 06:37:30 | DEBUG    | shortsqueeze.signals:scan_stock - LCID: Yahoo 1-min volume=552,264
2026-06-24 06:37:30 | DEBUG    | shortsqueeze.signals:scan_stock - LCID: No signal - price=False (+2.0%, need +5.0%), vol=False (ratio=2.2x, need 3.0x, src=yahoo_intraday), vwap=True ($5.29 vs VWAP $5.20), squeeze=True, mom=False (mom_val=-0.74)
2026-06-24 06:37:30 | DEBUG    | shortsqueeze.signals:scan_stock - PCT: price=$8.03, prev_close=$8.29 (source: yahoo)
2026-06-24 06:37:31 | DEBUG    | shortsqueeze.signals:scan_stock - PCT: Yahoo 1-min volume=204,178
2026-06-24 06:37:31 | DEBUG    | shortsqueeze.signals:scan_stock - PCT: No signal - price=False (-3.1%, need +5.0%), vol=False (ratio=1.7x, need 3.0x, src=yahoo_intraday), vwap=False ($8.03 vs VWAP $8.30), squeeze=True, mom=False (mom_val=-3.94)
2026-06-24 06:37:31 | DEBUG    | shortsqueeze.signals:scan_stock - SPHR: price=$158.19, prev_close=$157.75 (source: yahoo)
2026-06-24 06:37:32 | DEBUG    | shortsqueeze.signals:scan_stock - SPHR: Yahoo 1-min volume=14,237
2026-06-24 06:37:32 | DEBUG    | shortsqueeze.signals:scan_stock - SPHR: No signal - price=False (+0.3%, need +5.0%), vol=False (ratio=1.1x, need 3.0x, src=yahoo_intraday), vwap=False ($158.19 vs VWAP $158.46), squeeze=True, mom=False (mom_val=14.35)
2026-06-24 06:37:32 | DEBUG    | shortsqueeze.signals:scan_stock - NTST: price=$20.02, prev_close=$19.90 (source: yahoo)
2026-06-24 06:37:33 | DEBUG    | shortsqueeze.signals:scan_stock - NTST: Yahoo 1-min volume=3,787
2026-06-24 06:37:33 | DEBUG    | shortsqueeze.signals:scan_stock - NTST: No signal - price=False (+0.6%, need +5.0%), vol=False (ratio=0.2x, need 3.0x, src=yahoo_intraday), vwap=True ($20.02 vs VWAP $19.82), squeeze=False, mom=False (mom_val=-0.10)
2026-06-24 06:37:33 | DEBUG    | shortsqueeze.signals:scan_stock - ASAN: price=$6.81, prev_close=$6.67 (source: yahoo)
2026-06-24 06:37:34 | DEBUG    | shortsqueeze.signals:scan_stock - ASAN: Yahoo 1-min volume=201,656
2026-06-24 06:37:34 | DEBUG    | shortsqueeze.signals:scan_stock - ASAN: No signal - price=False (+2.1%, need +5.0%), vol=False (ratio=1.7x, need 3.0x, src=yahoo_intraday), vwap=True ($6.81 vs VWAP $6.75), squeeze=True, mom=False (mom_val=-0.80)
2026-06-24 06:37:34 | DEBUG    | shortsqueeze.signals:scan_stock - MNRO: price=$15.74, prev_close=$15.42 (source: yahoo)
2026-06-24 06:37:34 | DEBUG    | shortsqueeze.signals:scan_stock - MNRO: Yahoo 1-min volume=13,805
2026-06-24 06:37:34 | DEBUG    | shortsqueeze.signals:scan_stock - MNRO: No signal - price=False (+2.1%, need +5.0%), vol=False (ratio=0.5x, need 3.0x, src=yahoo_intraday), vwap=True ($15.74 vs VWAP $15.44), squeeze=False, mom=False (mom_val=-0.46)
2026-06-24 06:37:35 | DEBUG    | shortsqueeze.signals:scan_stock - IBRX: price=$7.37, prev_close=$7.32 (source: yahoo)
2026-06-24 06:37:35 | DEBUG    | shortsqueeze.signals:scan_stock - IBRX: Yahoo 1-min volume=364,324
2026-06-24 06:37:35 | DEBUG    | shortsqueeze.signals:scan_stock - IBRX: No signal - price=False (+0.6%, need +5.0%), vol=False (ratio=1.8x, need 3.0x, src=yahoo_intraday), vwap=False ($7.37 vs VWAP $7.39), squeeze=False, mom=False (mom_val=-0.33)
2026-06-24 06:37:36 | DEBUG    | shortsqueeze.signals:scan_stock - TRIP: price=$13.34, prev_close=$12.39 (source: yahoo)
2026-06-24 06:37:36 | DEBUG    | shortsqueeze.signals:scan_stock - TRIP: Yahoo 1-min volume=56,789
2026-06-24 06:37:36 | DEBUG    | shortsqueeze.signals:scan_stock - TRIP: No signal - price=True (+7.6%, need +5.0%), vol=False (ratio=0.7x, need 3.0x, src=yahoo_intraday), vwap=True ($13.34 vs VWAP $12.45), squeeze=True, mom=False (mom_val=0.96)
2026-06-24 06:37:37 | DEBUG    | shortsqueeze.signals:scan_stock - TMDX: price=$82.21, prev_close=$73.83 (source: yahoo)
2026-06-24 06:37:37 | DEBUG    | shortsqueeze.signals:scan_stock - TMDX: Yahoo 1-min volume=69,812
2026-06-24 06:37:37 | INFO     | shortsqueeze.signals:scan_stock - TMDX: Entry signal detected - moderate - Squeeze fired | +11.4% | 3.7x volume
2026-06-24 06:37:38 | DEBUG    | shortsqueeze.signals:scan_stock - PLAY: price=$12.11, prev_close=$11.27 (source: yahoo)
2026-06-24 06:37:39 | DEBUG    | shortsqueeze.signals:scan_stock - PLAY: Yahoo 1-min volume=54,757
2026-06-24 06:37:39 | DEBUG    | shortsqueeze.signals:scan_stock - PLAY: No signal - price=True (+7.4%, need +5.0%), vol=False (ratio=1.4x, need 3.0x, src=yahoo_intraday), vwap=True ($12.11 vs VWAP $11.18), squeeze=True, mom=False (mom_val=-0.82)
2026-06-24 06:37:39 | DEBUG    | shortsqueeze.signals:scan_stock - SLS: price=$9.05, prev_close=$9.07 (source: yahoo)
2026-06-24 06:37:40 | DEBUG    | shortsqueeze.signals:scan_stock - SLS: Yahoo 1-min volume=404,609
2026-06-24 06:37:40 | DEBUG    | shortsqueeze.signals:scan_stock - SLS: No signal - price=False (-0.2%, need +5.0%), vol=False (ratio=2.8x, need 3.0x, src=yahoo_intraday), vwap=True ($9.05 vs VWAP $9.03), squeeze=True, mom=False (mom_val=-0.54)
2026-06-24 06:37:41 | DEBUG    | shortsqueeze.signals:scan_stock - HIMS: price=$34.52, prev_close=$32.95 (source: yahoo)
2026-06-24 06:37:41 | DEBUG    | shortsqueeze.signals:scan_stock - HIMS: Yahoo 1-min volume=775,244
2026-06-24 06:37:41 | DEBUG    | shortsqueeze.signals:scan_stock - HIMS: No signal - price=False (+4.8%, need +5.0%), vol=False (ratio=2.3x, need 3.0x, src=yahoo_intraday), vwap=True ($34.52 vs VWAP $33.60), squeeze=True, mom=False (mom_val=5.09)
2026-06-24 06:37:42 | DEBUG    | shortsqueeze.signals:scan_stock - BEAM: price=$33.39, prev_close=$33.20 (source: yahoo)
2026-06-24 06:37:42 | DEBUG    | shortsqueeze.signals:scan_stock - BEAM: Yahoo 1-min volume=119,978
2026-06-24 06:37:42 | DEBUG    | shortsqueeze.signals:scan_stock - BEAM: No signal - price=False (+0.6%, need +5.0%), vol=True (ratio=3.2x, need 3.0x, src=yahoo_intraday), vwap=False ($33.39 vs VWAP $34.42), squeeze=True, mom=True (mom_val=1.70)
2026-06-24 06:37:43 | DEBUG    | shortsqueeze.signals:scan_stock - ONDS: price=$8.27, prev_close=$8.53 (source: yahoo)
2026-06-24 06:37:44 | DEBUG    | shortsqueeze.signals:scan_stock - ONDS: Yahoo 1-min volume=4,557,395
2026-06-24 06:37:44 | DEBUG    | shortsqueeze.signals:scan_stock - ONDS: No signal - price=False (-3.0%, need +5.0%), vol=True (ratio=3.5x, need 3.0x, src=yahoo_intraday), vwap=False ($8.27 vs VWAP $8.70), squeeze=True, mom=False (mom_val=-3.16)
2026-06-24 06:37:45 | DEBUG    | shortsqueeze.signals:scan_stock - CPB: price=$21.61, prev_close=$21.21 (source: yahoo)
2026-06-24 06:37:45 | DEBUG    | shortsqueeze.signals:scan_stock - CPB: Yahoo 1-min volume=177,295
2026-06-24 06:37:45 | DEBUG    | shortsqueeze.signals:scan_stock - CPB: No signal - price=False (+1.9%, need +5.0%), vol=False (ratio=0.8x, need 3.0x, src=yahoo_intraday), vwap=True ($21.61 vs VWAP $21.13), squeeze=True, mom=False (mom_val=0.18)
2026-06-24 06:37:46 | DEBUG    | shortsqueeze.signals:scan_stock - TEM: price=$49.17, prev_close=$48.61 (source: yahoo)
2026-06-24 06:37:46 | DEBUG    | shortsqueeze.signals:scan_stock - TEM: Yahoo 1-min volume=296,772
2026-06-24 06:37:46 | DEBUG    | shortsqueeze.signals:scan_stock - TEM: No signal - price=False (+1.2%, need +5.0%), vol=False (ratio=2.3x, need 3.0x, src=yahoo_intraday), vwap=True ($49.17 vs VWAP $48.78), squeeze=False, mom=False (mom_val=0.32)
2026-06-24 06:37:47 | DEBUG    | shortsqueeze.signals:scan_stock - PATH: price=$10.43, prev_close=$10.15 (source: yahoo)
2026-06-24 06:37:47 | DEBUG    | shortsqueeze.signals:scan_stock - PATH: Yahoo 1-min volume=1,219,218
2026-06-24 06:37:47 | DEBUG    | shortsqueeze.signals:scan_stock - PATH: No signal - price=False (+2.8%, need +5.0%), vol=False (ratio=1.4x, need 3.0x, src=yahoo_intraday), vwap=True ($10.43 vs VWAP $10.26), squeeze=True, mom=False (mom_val=-1.46)
2026-06-24 06:37:48 | DEBUG    | shortsqueeze.signals:scan_stock - EOSE: price=$6.25, prev_close=$6.49 (source: yahoo)
2026-06-24 06:37:48 | DEBUG    | shortsqueeze.signals:scan_stock - EOSE: Yahoo 1-min volume=1,100,622
2026-06-24 06:37:48 | DEBUG    | shortsqueeze.signals:scan_stock - EOSE: No signal - price=False (-3.8%, need +5.0%), vol=False (ratio=2.8x, need 3.0x, src=yahoo_intraday), vwap=False ($6.25 vs VWAP $6.76), squeeze=True, mom=False (mom_val=-1.52)
2026-06-24 06:37:48 | DEBUG    | shortsqueeze.signals:scan_stock - PAR: price=$15.88, prev_close=$15.36 (source: yahoo)
2026-06-24 06:37:49 | DEBUG    | shortsqueeze.signals:scan_stock - PAR: Yahoo 1-min volume=8,238
2026-06-24 06:37:49 | DEBUG    | shortsqueeze.signals:scan_stock - PAR: No signal - price=False (+3.4%, need +5.0%), vol=False (ratio=0.4x, need 3.0x, src=yahoo_intraday), vwap=True ($15.88 vs VWAP $15.37), squeeze=True, mom=True (mom_val=0.25)
2026-06-24 06:37:49 | DEBUG    | shortsqueeze.signals:scan_stock - BETR: price=$25.90, prev_close=$25.69 (source: yahoo)
2026-06-24 06:37:49 | DEBUG    | shortsqueeze.signals:scan_stock - BETR: Yahoo 1-min volume=7,165
2026-06-24 06:37:49 | DEBUG    | shortsqueeze.signals:scan_stock - BETR: No signal - price=False (+0.8%, need +5.0%), vol=False (ratio=1.3x, need 3.0x, src=yahoo_intraday), vwap=False ($25.90 vs VWAP $26.17), squeeze=False, mom=False (mom_val=1.35)
2026-06-24 06:37:50 | DEBUG    | shortsqueeze.signals:scan_stock - UAA: price=$5.83, prev_close=$5.79 (source: yahoo)
2026-06-24 06:37:50 | DEBUG    | shortsqueeze.signals:scan_stock - UAA: Yahoo 1-min volume=128,174
2026-06-24 06:37:50 | DEBUG    | shortsqueeze.signals:scan_stock - UAA: No signal - price=False (+0.9%, need +5.0%), vol=False (ratio=1.1x, need 3.0x, src=yahoo_intraday), vwap=True ($5.83 vs VWAP $5.81), squeeze=True, mom=False (mom_val=0.26)
2026-06-24 06:37:51 | DEBUG    | shortsqueeze.signals:scan_stock - RUN: price=$16.05, prev_close=$12.81 (source: yahoo)
2026-06-24 06:37:51 | DEBUG    | shortsqueeze.signals:scan_stock - RUN: Yahoo 1-min volume=10,564,860
2026-06-24 06:37:51 | INFO     | shortsqueeze.signals:scan_stock - RUN: Entry signal detected - strong - EXTREME MOVE | Squeeze fired | +25.3% | 68.8x volume
2026-06-24 06:37:52 | DEBUG    | shortsqueeze.signals:scan_stock - WYFI: price=$40.94, prev_close=$44.76 (source: yahoo)
2026-06-24 06:37:52 | DEBUG    | shortsqueeze.signals:scan_stock - WYFI: Yahoo 1-min volume=215,425
2026-06-24 06:37:52 | DEBUG    | shortsqueeze.signals:scan_stock - WYFI: No signal - price=False (-8.5%, need +5.0%), vol=True (ratio=6.4x, need 3.0x, src=yahoo_intraday), vwap=False ($40.94 vs VWAP $42.63), squeeze=True, mom=True (mom_val=5.38)
2026-06-24 06:37:53 | DEBUG    | shortsqueeze.signals:scan_stock - QUBT: price=$10.09, prev_close=$10.49 (source: yahoo)
2026-06-24 06:37:53 | DEBUG    | shortsqueeze.signals:scan_stock - QUBT: Yahoo 1-min volume=2,065,089
2026-06-24 06:37:53 | DEBUG    | shortsqueeze.signals:scan_stock - QUBT: No signal - price=False (-3.9%, need +5.0%), vol=True (ratio=6.1x, need 3.0x, src=yahoo_intraday), vwap=False ($10.09 vs VWAP $10.72), squeeze=True, mom=False (mom_val=-1.29)
2026-06-24 06:37:53 | DEBUG    | shortsqueeze.signals:scan_stock - MARA: price=$14.70, prev_close=$14.70 (source: yahoo)
2026-06-24 06:37:54 | DEBUG    | shortsqueeze.signals:scan_stock - MARA: Yahoo 1-min volume=3,627,526
2026-06-24 06:37:54 | DEBUG    | shortsqueeze.signals:scan_stock - MARA: No signal - price=False (-0.0%, need +5.0%), vol=True (ratio=5.3x, need 3.0x, src=yahoo_intraday), vwap=False ($14.70 vs VWAP $14.80), squeeze=False, mom=True (mom_val=0.23)
2026-06-24 06:37:54 | DEBUG    | shortsqueeze.signals:scan_stock - WGS: price=$60.70, prev_close=$58.08 (source: yahoo)
2026-06-24 06:37:55 | DEBUG    | shortsqueeze.signals:scan_stock - WGS: Yahoo 1-min volume=17,487
2026-06-24 06:37:55 | DEBUG    | shortsqueeze.signals:scan_stock - WGS: No signal - price=False (+4.5%, need +5.0%), vol=False (ratio=0.9x, need 3.0x, src=yahoo_intraday), vwap=True ($60.70 vs VWAP $58.82), squeeze=True, mom=False (mom_val=6.40)
2026-06-24 06:37:55 | DEBUG    | shortsqueeze.signals:scan_stock - SWKS: price=$72.94, prev_close=$73.44 (source: yahoo)
2026-06-24 06:37:55 | DEBUG    | shortsqueeze.signals:scan_stock - SWKS: Yahoo 1-min volume=68,667
2026-06-24 06:37:55 | DEBUG    | shortsqueeze.signals:scan_stock - SWKS: No signal - price=False (-0.7%, need +5.0%), vol=False (ratio=0.7x, need 3.0x, src=yahoo_intraday), vwap=False ($72.94 vs VWAP $73.38), squeeze=False, mom=False (mom_val=-5.97)
2026-06-24 06:37:56 | DEBUG    | shortsqueeze.signals:scan_stock - CERT: price=$5.81, prev_close=$5.40 (source: yahoo)
2026-06-24 06:37:56 | DEBUG    | shortsqueeze.signals:scan_stock - CERT: Yahoo 1-min volume=80,361
2026-06-24 06:37:56 | DEBUG    | shortsqueeze.signals:scan_stock - CERT: No signal - price=True (+7.6%, need +5.0%), vol=False (ratio=1.1x, need 3.0x, src=yahoo_intraday), vwap=True ($5.81 vs VWAP $5.44), squeeze=True, mom=False (mom_val=0.04)
2026-06-24 06:37:57 | DEBUG    | shortsqueeze.signals:scan_stock - SRPT: price=$17.27, prev_close=$17.26 (source: yahoo)
2026-06-24 06:37:57 | DEBUG    | shortsqueeze.signals:scan_stock - SRPT: Yahoo 1-min volume=69,419
2026-06-24 06:37:57 | DEBUG    | shortsqueeze.signals:scan_stock - SRPT: No signal - price=False (+0.1%, need +5.0%), vol=False (ratio=1.4x, need 3.0x, src=yahoo_intraday), vwap=False ($17.27 vs VWAP $17.38), squeeze=True, mom=True (mom_val=0.73)
2026-06-24 06:37:58 | DEBUG    | shortsqueeze.signals:scan_stock - SBH: price=$14.54, prev_close=$13.32 (source: yahoo)
2026-06-24 06:37:58 | DEBUG    | shortsqueeze.signals:scan_stock - SBH: Yahoo 1-min volume=1,614
2026-06-24 06:37:58 | DEBUG    | shortsqueeze.signals:scan_stock - SBH: No signal - price=True (+9.1%, need +5.0%), vol=False (ratio=0.1x, need 3.0x, src=yahoo_intraday), vwap=True ($14.54 vs VWAP $13.36), squeeze=True, mom=True (mom_val=0.63)
2026-06-24 06:37:59 | DEBUG    | shortsqueeze.signals:scan_stock - RXT: price=$6.57, prev_close=$7.27 (source: yahoo)
2026-06-24 06:37:59 | DEBUG    | shortsqueeze.signals:scan_stock - RXT: Yahoo 1-min volume=837,346
2026-06-24 06:37:59 | DEBUG    | shortsqueeze.signals:scan_stock - RXT: No signal - price=False (-9.6%, need +5.0%), vol=False (ratio=2.1x, need 3.0x, src=yahoo_intraday), vwap=False ($6.57 vs VWAP $7.18), squeeze=True, mom=True (mom_val=1.00)
2026-06-24 06:38:00 | DEBUG    | shortsqueeze.signals:scan_stock - NVAX: price=$9.23, prev_close=$9.00 (source: yahoo)
2026-06-24 06:38:00 | DEBUG    | shortsqueeze.signals:scan_stock - NVAX: Yahoo 1-min volume=186,960
2026-06-24 06:38:00 | DEBUG    | shortsqueeze.signals:scan_stock - NVAX: No signal - price=False (+2.6%, need +5.0%), vol=False (ratio=1.9x, need 3.0x, src=yahoo_intraday), vwap=True ($9.23 vs VWAP $9.21), squeeze=True, mom=False (mom_val=-1.27)
2026-06-24 06:38:00 | DEBUG    | shortsqueeze.signals:scan_stock - CSIQ: price=$16.39, prev_close=$14.73 (source: yahoo)
2026-06-24 06:38:01 | DEBUG    | shortsqueeze.signals:scan_stock - CSIQ: Yahoo 1-min volume=121,171
2026-06-24 06:38:01 | DEBUG    | shortsqueeze.signals:scan_stock - CSIQ: No signal - price=True (+11.3%, need +5.0%), vol=False (ratio=2.3x, need 3.0x, src=yahoo_intraday), vwap=True ($16.39 vs VWAP $14.99), squeeze=True, mom=False (mom_val=-3.03)
2026-06-24 06:38:01 | DEBUG    | shortsqueeze.signals:scan_stock - ABEO: price=$5.83, prev_close=$5.72 (source: yahoo)
2026-06-24 06:38:01 | DEBUG    | shortsqueeze.signals:scan_stock - ABEO: Yahoo 1-min volume=15,608
2026-06-24 06:38:01 | DEBUG    | shortsqueeze.signals:scan_stock - ABEO: No signal - price=False (+2.0%, need +5.0%), vol=False (ratio=0.8x, need 3.0x, src=yahoo_intraday), vwap=True ($5.83 vs VWAP $5.77), squeeze=False, mom=True (mom_val=0.09)
2026-06-24 06:38:02 | DEBUG    | shortsqueeze.signals:scan_stock - ENVX: price=$6.28, prev_close=$6.33 (source: yahoo)
2026-06-24 06:38:02 | DEBUG    | shortsqueeze.signals:scan_stock - ENVX: Yahoo 1-min volume=297,678
2026-06-24 06:38:02 | DEBUG    | shortsqueeze.signals:scan_stock - ENVX: No signal - price=False (-0.9%, need +5.0%), vol=False (ratio=2.3x, need 3.0x, src=yahoo_intraday), vwap=False ($6.28 vs VWAP $6.56), squeeze=True, mom=False (mom_val=-1.19)
2026-06-24 06:38:03 | DEBUG    | shortsqueeze.signals:scan_stock - SERV: price=$6.36, prev_close=$6.41 (source: yahoo)
2026-06-24 06:38:03 | DEBUG    | shortsqueeze.signals:scan_stock - SERV: Yahoo 1-min volume=375,202
2026-06-24 06:38:03 | DEBUG    | shortsqueeze.signals:scan_stock - SERV: No signal - price=False (-0.9%, need +5.0%), vol=False (ratio=2.9x, need 3.0x, src=yahoo_intraday), vwap=False ($6.36 vs VWAP $6.51), squeeze=True, mom=False (mom_val=-1.89)
2026-06-24 06:38:04 | DEBUG    | shortsqueeze.signals:scan_stock - WULF: price=$28.13, prev_close=$28.78 (source: yahoo)
2026-06-24 06:38:04 | DEBUG    | shortsqueeze.signals:scan_stock - WULF: Yahoo 1-min volume=1,241,728
2026-06-24 06:38:04 | DEBUG    | shortsqueeze.signals:scan_stock - WULF: No signal - price=False (-2.2%, need +5.0%), vol=False (ratio=2.4x, need 3.0x, src=yahoo_intraday), vwap=False ($28.13 vs VWAP $28.60), squeeze=True, mom=False (mom_val=2.08)
2026-06-24 06:38:05 | DEBUG    | shortsqueeze.signals:scan_stock - BIRK: price=$43.48, prev_close=$42.31 (source: yahoo)
2026-06-24 06:38:05 | DEBUG    | shortsqueeze.signals:scan_stock - BIRK: Yahoo 1-min volume=12,972
2026-06-24 06:38:05 | DEBUG    | shortsqueeze.signals:scan_stock - BIRK: No signal - price=False (+2.8%, need +5.0%), vol=False (ratio=0.3x, need 3.0x, src=yahoo_intraday), vwap=True ($43.48 vs VWAP $42.66), squeeze=True, mom=False (mom_val=1.33)
2026-06-24 06:38:06 | DEBUG    | shortsqueeze.signals:scan_stock - ABSI: price=$10.23, prev_close=$7.41 (source: yahoo)
2026-06-24 06:38:06 | DEBUG    | shortsqueeze.signals:scan_stock - ABSI: Yahoo 1-min volume=9,537,654
2026-06-24 06:38:06 | INFO     | shortsqueeze.signals:scan_stock - ABSI: Entry signal detected - strong - EXTREME MOVE | Squeeze fired | Bullish momentum | +38.1% | 78.6x volume
2026-06-24 06:38:07 | DEBUG    | shortsqueeze.signals:scan_stock - VNET: price=$8.88, prev_close=$8.36 (source: yahoo)
2026-06-24 06:38:07 | DEBUG    | shortsqueeze.signals:scan_stock - VNET: Yahoo 1-min volume=76,526
2026-06-24 06:38:07 | DEBUG    | shortsqueeze.signals:scan_stock - VNET: No signal - price=True (+6.3%, need +5.0%), vol=False (ratio=0.6x, need 3.0x, src=yahoo_intraday), vwap=True ($8.88 vs VWAP $8.37), squeeze=True, mom=False (mom_val=-1.63)
2026-06-24 06:38:08 | DEBUG    | shortsqueeze.signals:scan_stock - CRML: price=$9.80, prev_close=$9.71 (source: yahoo)
2026-06-24 06:38:08 | DEBUG    | shortsqueeze.signals:scan_stock - CRML: Yahoo 1-min volume=1,191,839
2026-06-24 06:38:08 | DEBUG    | shortsqueeze.signals:scan_stock - CRML: No signal - price=False (+0.9%, need +5.0%), vol=True (ratio=9.1x, need 3.0x, src=yahoo_intraday), vwap=False ($9.80 vs VWAP $9.95), squeeze=True, mom=False (mom_val=-0.97)
2026-06-24 06:38:09 | DEBUG    | shortsqueeze.signals:scan_stock - KSS: price=$17.89, prev_close=$17.52 (source: yahoo)
2026-06-24 06:38:09 | DEBUG    | shortsqueeze.signals:scan_stock - KSS: Yahoo 1-min volume=37,417
2026-06-24 06:38:09 | DEBUG    | shortsqueeze.signals:scan_stock - KSS: No signal - price=False (+2.1%, need +5.0%), vol=False (ratio=0.3x, need 3.0x, src=yahoo_intraday), vwap=True ($17.89 vs VWAP $17.56), squeeze=True, mom=False (mom_val=2.35)
2026-06-24 06:38:09 | DEBUG    | shortsqueeze.signals:scan_stock - CADL: price=$9.55, prev_close=$9.08 (source: yahoo)
2026-06-24 06:38:10 | DEBUG    | shortsqueeze.signals:scan_stock - CADL: Yahoo 1-min volume=64,051
2026-06-24 06:38:10 | DEBUG    | shortsqueeze.signals:scan_stock - CADL: No signal - price=True (+5.2%, need +5.0%), vol=False (ratio=1.6x, need 3.0x, src=yahoo_intraday), vwap=True ($9.55 vs VWAP $9.12), squeeze=False, mom=True (mom_val=0.07)
2026-06-24 06:38:10 | DEBUG    | shortsqueeze.signals:scan_stock - NNE: price=$24.41, prev_close=$23.90 (source: yahoo)
2026-06-24 06:38:10 | DEBUG    | shortsqueeze.signals:scan_stock - NNE: Yahoo 1-min volume=260,576
2026-06-24 06:38:10 | DEBUG    | shortsqueeze.signals:scan_stock - NNE: No signal - price=False (+2.1%, need +5.0%), vol=True (ratio=3.9x, need 3.0x, src=yahoo_intraday), vwap=False ($24.41 vs VWAP $24.79), squeeze=True, mom=False (mom_val=-2.77)
2026-06-24 06:38:11 | DEBUG    | shortsqueeze.signals:scan_stock - OWL: price=$8.93, prev_close=$8.91 (source: yahoo)
2026-06-24 06:38:11 | DEBUG    | shortsqueeze.signals:scan_stock - OWL: Yahoo 1-min volume=604,008
2026-06-24 06:38:11 | DEBUG    | shortsqueeze.signals:scan_stock - OWL: No signal - price=False (+0.1%, need +5.0%), vol=False (ratio=1.2x, need 3.0x, src=yahoo_intraday), vwap=False ($8.93 vs VWAP $8.99), squeeze=True, mom=False (mom_val=-0.68)
2026-06-24 06:38:12 | DEBUG    | shortsqueeze.signals:scan_stock - ALMU: price=$21.56, prev_close=$21.84 (source: yahoo)
2026-06-24 06:38:12 | DEBUG    | shortsqueeze.signals:scan_stock - ALMU: Yahoo 1-min volume=68,452
2026-06-24 06:38:12 | DEBUG    | shortsqueeze.signals:scan_stock - ALMU: No signal - price=False (-1.3%, need +5.0%), vol=True (ratio=3.2x, need 3.0x, src=yahoo_intraday), vwap=False ($21.56 vs VWAP $22.11), squeeze=False, mom=False (mom_val=-0.83)
2026-06-24 06:38:13 | DEBUG    | shortsqueeze.signals:scan_stock - CRVS: price=$13.59, prev_close=$12.63 (source: yahoo)
2026-06-24 06:38:13 | DEBUG    | shortsqueeze.signals:scan_stock - CRVS: Yahoo 1-min volume=74,477
2026-06-24 06:38:13 | DEBUG    | shortsqueeze.signals:scan_stock - CRVS: No signal - price=True (+7.6%, need +5.0%), vol=False (ratio=2.7x, need 3.0x, src=yahoo_intraday), vwap=True ($13.59 vs VWAP $12.77), squeeze=True, mom=True (mom_val=0.21)
2026-06-24 06:38:14 | DEBUG    | shortsqueeze.signals:scan_stock - OMER: price=$11.44, prev_close=$10.48 (source: yahoo)
2026-06-24 06:38:14 | DEBUG    | shortsqueeze.signals:scan_stock - OMER: Yahoo 1-min volume=38,757
2026-06-24 06:38:14 | DEBUG    | shortsqueeze.signals:scan_stock - OMER: No signal - price=True (+9.2%, need +5.0%), vol=False (ratio=0.9x, need 3.0x, src=yahoo_intraday), vwap=True ($11.44 vs VWAP $10.37), squeeze=True, mom=True (mom_val=0.33)
2026-06-24 06:38:14 | DEBUG    | shortsqueeze.signals:scan_stock - PZZA: price=$35.84, prev_close=$35.32 (source: yahoo)
2026-06-24 06:38:15 | DEBUG    | shortsqueeze.signals:scan_stock - PZZA: Yahoo 1-min volume=36,587
2026-06-24 06:38:15 | DEBUG    | shortsqueeze.signals:scan_stock - PZZA: No signal - price=False (+1.5%, need +5.0%), vol=False (ratio=1.6x, need 3.0x, src=yahoo_intraday), vwap=True ($35.84 vs VWAP $35.16), squeeze=True, mom=True (mom_val=1.25)
2026-06-24 06:38:15 | DEBUG    | shortsqueeze.signals:scan_stock - RDW: price=$11.76, prev_close=$12.21 (source: yahoo)
2026-06-24 06:38:15 | DEBUG    | shortsqueeze.signals:scan_stock - RDW: Yahoo 1-min volume=2,164,464
2026-06-24 06:38:15 | DEBUG    | shortsqueeze.signals:scan_stock - RDW: No signal - price=False (-3.7%, need +5.0%), vol=False (ratio=2.0x, need 3.0x, src=yahoo_intraday), vwap=False ($11.76 vs VWAP $12.59), squeeze=True, mom=False (mom_val=-8.71)
2026-06-24 06:38:16 | DEBUG    | shortsqueeze.signals:scan_stock - JBLU: price=$5.78, prev_close=$5.53 (source: yahoo)
2026-06-24 06:38:16 | DEBUG    | shortsqueeze.signals:scan_stock - JBLU: Yahoo 1-min volume=2,170,683
2026-06-24 06:38:16 | DEBUG    | shortsqueeze.signals:scan_stock - JBLU: No signal - price=False (+4.4%, need +5.0%), vol=True (ratio=4.2x, need 3.0x, src=yahoo_intraday), vwap=True ($5.78 vs VWAP $5.57), squeeze=True, mom=True (mom_val=0.26)
2026-06-24 06:38:17 | DEBUG    | shortsqueeze.signals:scan_stock - SVV: price=$10.69, prev_close=$9.71 (source: yahoo)
2026-06-24 06:38:17 | DEBUG    | shortsqueeze.signals:scan_stock - SVV: Yahoo 1-min volume=16,073
2026-06-24 06:38:17 | DEBUG    | shortsqueeze.signals:scan_stock - SVV: No signal - price=True (+10.1%, need +5.0%), vol=False (ratio=0.9x, need 3.0x, src=yahoo_intraday), vwap=True ($10.69 vs VWAP $9.71), squeeze=True, mom=False (mom_val=0.86)
2026-06-24 06:38:18 | DEBUG    | shortsqueeze.signals:scan_stock - TDUP: price=$6.36, prev_close=$6.21 (source: yahoo)
2026-06-24 06:38:18 | DEBUG    | shortsqueeze.signals:scan_stock - TDUP: Yahoo 1-min volume=50,563
2026-06-24 06:38:18 | DEBUG    | shortsqueeze.signals:scan_stock - TDUP: No signal - price=False (+2.3%, need +5.0%), vol=False (ratio=1.3x, need 3.0x, src=yahoo_intraday), vwap=True ($6.36 vs VWAP $6.13), squeeze=True, mom=True (mom_val=0.93)
2026-06-24 06:38:19 | DEBUG    | shortsqueeze.signals:scan_stock - ORIC: price=$9.16, prev_close=$8.91 (source: yahoo)
2026-06-24 06:38:19 | DEBUG    | shortsqueeze.signals:scan_stock - ORIC: Yahoo 1-min volume=27,486
2026-06-24 06:38:19 | DEBUG    | shortsqueeze.signals:scan_stock - ORIC: No signal - price=False (+2.8%, need +5.0%), vol=False (ratio=0.7x, need 3.0x, src=yahoo_intraday), vwap=True ($9.16 vs VWAP $8.97), squeeze=True, mom=True (mom_val=0.53)
2026-06-24 06:38:20 | DEBUG    | shortsqueeze.signals:scan_stock - ASST: price=$12.52, prev_close=$13.95 (source: yahoo)
2026-06-24 06:38:20 | DEBUG    | shortsqueeze.signals:scan_stock - ASST: Yahoo 1-min volume=355,436
2026-06-24 06:38:20 | DEBUG    | shortsqueeze.signals:scan_stock - ASST: No signal - price=False (-10.3%, need +5.0%), vol=True (ratio=3.5x, need 3.0x, src=yahoo_intraday), vwap=False ($12.52 vs VWAP $14.25), squeeze=True, mom=False (mom_val=-2.03)
2026-06-24 06:38:21 | DEBUG    | shortsqueeze.signals:scan_stock - UAMY: price=$6.85, prev_close=$7.00 (source: yahoo)
2026-06-24 06:38:21 | DEBUG    | shortsqueeze.signals:scan_stock - UAMY: Yahoo 1-min volume=782,817
2026-06-24 06:38:21 | DEBUG    | shortsqueeze.signals:scan_stock - UAMY: No signal - price=False (-2.3%, need +5.0%), vol=True (ratio=4.5x, need 3.0x, src=yahoo_intraday), vwap=False ($6.85 vs VWAP $7.29), squeeze=True, mom=False (mom_val=-1.19)
2026-06-24 06:38:21 | DEBUG    | shortsqueeze.signals:scan_stock - BKSY: price=$26.31, prev_close=$26.90 (source: yahoo)
2026-06-24 06:38:22 | DEBUG    | shortsqueeze.signals:scan_stock - BKSY: Yahoo 1-min volume=96,562
2026-06-24 06:38:22 | DEBUG    | shortsqueeze.signals:scan_stock - BKSY: No signal - price=False (-2.2%, need +5.0%), vol=False (ratio=2.1x, need 3.0x, src=yahoo_intraday), vwap=False ($26.31 vs VWAP $27.34), squeeze=True, mom=False (mom_val=-15.42)
2026-06-24 06:38:22 | DEBUG    | shortsqueeze.signals:scan_stock - CAPR: price=$29.84, prev_close=$29.60 (source: yahoo)
2026-06-24 06:38:22 | DEBUG    | shortsqueeze.signals:scan_stock - CAPR: Yahoo 1-min volume=27,471
2026-06-24 06:38:22 | DEBUG    | shortsqueeze.signals:scan_stock - CAPR: No signal - price=False (+0.8%, need +5.0%), vol=False (ratio=1.4x, need 3.0x, src=yahoo_intraday), vwap=True ($29.84 vs VWAP $29.54), squeeze=True, mom=True (mom_val=0.64)
2026-06-24 06:38:23 | DEBUG    | shortsqueeze.signals:scan_stock - CWH: price=$7.63, prev_close=$7.21 (source: yahoo)
2026-06-24 06:38:23 | DEBUG    | shortsqueeze.signals:scan_stock - CWH: Yahoo 1-min volume=21,875
2026-06-24 06:38:23 | DEBUG    | shortsqueeze.signals:scan_stock - CWH: No signal - price=True (+5.8%, need +5.0%), vol=False (ratio=0.5x, need 3.0x, src=yahoo_intraday), vwap=True ($7.63 vs VWAP $7.26), squeeze=False, mom=True (mom_val=0.09)
2026-06-24 06:38:24 | DEBUG    | shortsqueeze.signals:scan_stock - BOBS: price=$13.37, prev_close=$13.15 (source: yahoo)
2026-06-24 06:38:24 | DEBUG    | shortsqueeze.signals:scan_stock - BOBS: Yahoo 1-min volume=9,991
2026-06-24 06:38:24 | DEBUG    | shortsqueeze.signals:scan_stock - BOBS: No signal - price=False (+1.7%, need +5.0%), vol=False (ratio=0.6x, need 3.0x, src=yahoo_intraday), vwap=True ($13.37 vs VWAP $13.06), squeeze=False, mom=False (mom_val=-0.04)
2026-06-24 06:38:25 | DEBUG    | shortsqueeze.signals:scan_stock - PGEN: price=$5.37, prev_close=$5.36 (source: yahoo)
2026-06-24 06:38:25 | DEBUG    | shortsqueeze.signals:scan_stock - PGEN: Yahoo 1-min volume=93,657
2026-06-24 06:38:25 | DEBUG    | shortsqueeze.signals:scan_stock - PGEN: No signal - price=False (+0.2%, need +5.0%), vol=False (ratio=0.8x, need 3.0x, src=yahoo_intraday), vwap=False ($5.37 vs VWAP $5.39), squeeze=True, mom=True (mom_val=0.78)
2026-06-24 06:38:26 | DEBUG    | shortsqueeze.signals:scan_stock - RCAT: price=$9.91, prev_close=$10.18 (source: yahoo)
2026-06-24 06:38:26 | DEBUG    | shortsqueeze.signals:scan_stock - RCAT: Yahoo 1-min volume=736,314
2026-06-24 06:38:26 | DEBUG    | shortsqueeze.signals:scan_stock - RCAT: No signal - price=False (-2.7%, need +5.0%), vol=False (ratio=1.9x, need 3.0x, src=yahoo_intraday), vwap=False ($9.91 vs VWAP $10.32), squeeze=True, mom=False (mom_val=-2.29)
2026-06-24 06:38:26 | DEBUG    | shortsqueeze.signals:scan_stock - QXO: price=$16.66, prev_close=$16.20 (source: yahoo)
2026-06-24 06:38:27 | DEBUG    | shortsqueeze.signals:scan_stock - QXO: Yahoo 1-min volume=655,195
2026-06-24 06:38:27 | DEBUG    | shortsqueeze.signals:scan_stock - QXO: No signal - price=False (+2.8%, need +5.0%), vol=False (ratio=2.0x, need 3.0x, src=yahoo_intraday), vwap=True ($16.66 vs VWAP $16.44), squeeze=False, mom=True (mom_val=0.34)
2026-06-24 06:38:27 | DEBUG    | shortsqueeze.signals:scan_stock - TE: price=$8.77, prev_close=$9.24 (source: yahoo)
2026-06-24 06:38:28 | DEBUG    | shortsqueeze.signals:scan_stock - TE: Yahoo 1-min volume=2,573,031
2026-06-24 06:38:28 | DEBUG    | shortsqueeze.signals:scan_stock - TE: No signal - price=False (-5.1%, need +5.0%), vol=True (ratio=3.1x, need 3.0x, src=yahoo_intraday), vwap=False ($8.77 vs VWAP $9.65), squeeze=True, mom=False (mom_val=-1.64)
2026-06-24 06:38:28 | DEBUG    | shortsqueeze.signals:scan_stock - ABCL: price=$5.62, prev_close=$5.63 (source: yahoo)
2026-06-24 06:38:29 | DEBUG    | shortsqueeze.signals:scan_stock - ABCL: Yahoo 1-min volume=507,743
2026-06-24 06:38:29 | DEBUG    | shortsqueeze.signals:scan_stock - ABCL: No signal - price=False (-0.2%, need +5.0%), vol=True (ratio=4.1x, need 3.0x, src=yahoo_intraday), vwap=False ($5.62 vs VWAP $5.72), squeeze=True, mom=False (mom_val=-0.32)
2026-06-24 06:38:29 | DEBUG    | shortsqueeze.signals:scan_stock - ASPI: price=$6.78, prev_close=$7.08 (source: yahoo)
2026-06-24 06:38:29 | DEBUG    | shortsqueeze.signals:scan_stock - ASPI: Yahoo 1-min volume=417,118
2026-06-24 06:38:29 | DEBUG    | shortsqueeze.signals:scan_stock - ASPI: No signal - price=False (-4.2%, need +5.0%), vol=True (ratio=3.6x, need 3.0x, src=yahoo_intraday), vwap=False ($6.78 vs VWAP $7.24), squeeze=True, mom=False (mom_val=-0.49)
2026-06-24 06:38:30 | DEBUG    | shortsqueeze.signals:scan_stock - FLWS: price=$3.60, prev_close=$3.55 (source: yahoo)
2026-06-24 06:38:30 | DEBUG    | shortsqueeze.signals:scan_stock - FLWS: Yahoo 1-min volume=4,350
2026-06-24 06:38:30 | DEBUG    | shortsqueeze.signals:scan_stock - FLWS: No signal - price=False (+1.5%, need +5.0%), vol=False (ratio=0.6x, need 3.0x, src=yahoo_intraday), vwap=True ($3.60 vs VWAP $3.54), squeeze=True, mom=False (mom_val=-0.54)
2026-06-24 06:38:31 | DEBUG    | shortsqueeze.signals:scan_stock - EVGO: price=$1.90, prev_close=$1.91 (source: yahoo)
2026-06-24 06:38:31 | DEBUG    | shortsqueeze.signals:scan_stock - EVGO: Yahoo 1-min volume=170,997
2026-06-24 06:38:31 | DEBUG    | shortsqueeze.signals:scan_stock - EVGO: No signal - price=False (-0.8%, need +5.0%), vol=False (ratio=1.9x, need 3.0x, src=yahoo_intraday), vwap=False ($1.90 vs VWAP $1.92), squeeze=True, mom=False (mom_val=-0.29)
2026-06-24 06:38:32 | DEBUG    | shortsqueeze.signals:scan_stock - RXRX: price=$3.34, prev_close=$3.16 (source: yahoo)
2026-06-24 06:38:32 | DEBUG    | shortsqueeze.signals:scan_stock - RXRX: Yahoo 1-min volume=1,992,224
2026-06-24 06:38:33 | INFO     | shortsqueeze.signals:scan_stock - RXRX: Entry signal detected - moderate - Squeeze fired | +5.9% | 4.7x volume
2026-06-24 06:38:33 | DEBUG    | shortsqueeze.signals:scan_stock - TTEC: price=$2.39, prev_close=$2.10 (source: yahoo)
2026-06-24 06:38:33 | DEBUG    | shortsqueeze.signals:scan_stock - TTEC: Yahoo 1-min volume=17,474
2026-06-24 06:38:33 | DEBUG    | shortsqueeze.signals:scan_stock - TTEC: No signal - price=True (+13.8%, need +5.0%), vol=False (ratio=1.5x, need 3.0x, src=yahoo_intraday), vwap=True ($2.39 vs VWAP $2.06), squeeze=True, mom=False (mom_val=-0.27)
2026-06-24 06:38:34 | DEBUG    | shortsqueeze.signals:scan_stock - XRX: price=$3.19, prev_close=$3.14 (source: yahoo)
2026-06-24 06:38:34 | DEBUG    | shortsqueeze.signals:scan_stock - XRX: Yahoo 1-min volume=123,181
2026-06-24 06:38:35 | DEBUG    | shortsqueeze.signals:scan_stock - XRX: No signal - price=False (+1.4%, need +5.0%), vol=False (ratio=1.1x, need 3.0x, src=yahoo_intraday), vwap=False ($3.19 vs VWAP $3.22), squeeze=False, mom=False (mom_val=-0.06)
2026-06-24 06:38:35 | DEBUG    | shortsqueeze.signals:scan_stock - INDI: price=$3.74, prev_close=$3.71 (source: yahoo)
2026-06-24 06:38:35 | DEBUG    | shortsqueeze.signals:scan_stock - INDI: Yahoo 1-min volume=158,467
2026-06-24 06:38:35 | DEBUG    | shortsqueeze.signals:scan_stock - INDI: No signal - price=False (+0.8%, need +5.0%), vol=False (ratio=1.4x, need 3.0x, src=yahoo_intraday), vwap=False ($3.74 vs VWAP $3.80), squeeze=True, mom=False (mom_val=-0.91)
2026-06-24 06:38:36 | DEBUG    | shortsqueeze.signals:scan_stock - MPT: price=$4.54, prev_close=$4.52 (source: yahoo)
2026-06-24 06:38:36 | DEBUG    | shortsqueeze.signals:scan_stock - MPT: Yahoo 1-min volume=118,790
2026-06-24 06:38:36 | DEBUG    | shortsqueeze.signals:scan_stock - MPT: No signal - price=False (+0.6%, need +5.0%), vol=False (ratio=1.0x, need 3.0x, src=yahoo_intraday), vwap=True ($4.54 vs VWAP $4.53), squeeze=True, mom=False (mom_val=-0.34)
2026-06-24 06:38:37 | DEBUG    | shortsqueeze.signals:scan_stock - PLUG: price=$2.66, prev_close=$2.71 (source: yahoo)
2026-06-24 06:38:37 | DEBUG    | shortsqueeze.signals:scan_stock - PLUG: Yahoo 1-min volume=3,717,058
2026-06-24 06:38:37 | DEBUG    | shortsqueeze.signals:scan_stock - PLUG: No signal - price=False (-2.0%, need +5.0%), vol=True (ratio=3.0x, need 3.0x, src=yahoo_intraday), vwap=False ($2.66 vs VWAP $2.74), squeeze=True, mom=False (mom_val=-1.02)
2026-06-24 06:38:38 | DEBUG    | shortsqueeze.signals:scan_stock - BBAI: price=$3.73, prev_close=$3.77 (source: yahoo)
2026-06-24 06:38:38 | DEBUG    | shortsqueeze.signals:scan_stock - BBAI: Yahoo 1-min volume=1,336,824
2026-06-24 06:38:38 | DEBUG    | shortsqueeze.signals:scan_stock - BBAI: No signal - price=False (-1.1%, need +5.0%), vol=False (ratio=1.5x, need 3.0x, src=yahoo_intraday), vwap=False ($3.73 vs VWAP $3.81), squeeze=True, mom=False (mom_val=-0.92)
2026-06-24 06:38:39 | DEBUG    | shortsqueeze.signals:scan_stock - RR: price=$1.96, prev_close=$2.02 (source: yahoo)
2026-06-24 06:38:39 | DEBUG    | shortsqueeze.signals:scan_stock - RR: Yahoo 1-min volume=733,235
2026-06-24 06:38:39 | DEBUG    | shortsqueeze.signals:scan_stock - RR: No signal - price=False (-2.7%, need +5.0%), vol=True (ratio=3.2x, need 3.0x, src=yahoo_intraday), vwap=False ($1.96 vs VWAP $2.05), squeeze=True, mom=False (mom_val=-0.82)
2026-06-24 06:38:40 | DEBUG    | shortsqueeze.signals:scan_stock - IOVA: price=$4.60, prev_close=$4.44 (source: yahoo)
2026-06-24 06:38:40 | DEBUG    | shortsqueeze.signals:scan_stock - IOVA: Yahoo 1-min volume=1,584,004
2026-06-24 06:38:40 | DEBUG    | shortsqueeze.signals:scan_stock - IOVA: No signal - price=False (+3.5%, need +5.0%), vol=True (ratio=5.9x, need 3.0x, src=yahoo_intraday), vwap=True ($4.60 vs VWAP $4.38), squeeze=False, mom=True (mom_val=0.01)
2026-06-24 06:38:41 | DEBUG    | shortsqueeze.signals:scan_stock - OCGN: price=$1.40, prev_close=$1.38 (source: yahoo)
2026-06-24 06:38:41 | DEBUG    | shortsqueeze.signals:scan_stock - OCGN: Yahoo 1-min volume=428,807
2026-06-24 06:38:41 | DEBUG    | shortsqueeze.signals:scan_stock - OCGN: No signal - price=False (+1.8%, need +5.0%), vol=True (ratio=3.2x, need 3.0x, src=yahoo_intraday), vwap=True ($1.40 vs VWAP $1.38), squeeze=True, mom=False (mom_val=-0.00)
2026-06-24 06:38:42 | DEBUG    | shortsqueeze.signals:scan_stock - SPCE: price=$2.96, prev_close=$2.99 (source: yahoo)
2026-06-24 06:38:42 | DEBUG    | shortsqueeze.signals:scan_stock - SPCE: Yahoo 1-min volume=801,965
2026-06-24 06:38:42 | DEBUG    | shortsqueeze.signals:scan_stock - SPCE: No signal - price=False (-0.8%, need +5.0%), vol=False (ratio=0.6x, need 3.0x, src=yahoo_intraday), vwap=False ($2.96 vs VWAP $3.02), squeeze=True, mom=False (mom_val=-2.27)
2026-06-24 06:38:43 | DEBUG    | shortsqueeze.signals:scan_stock - KULR: price=$3.78, prev_close=$3.85 (source: yahoo)
2026-06-24 06:38:43 | DEBUG    | shortsqueeze.signals:scan_stock - KULR: Yahoo 1-min volume=91,425
2026-06-24 06:38:43 | DEBUG    | shortsqueeze.signals:scan_stock - KULR: No signal - price=False (-1.9%, need +5.0%), vol=False (ratio=1.8x, need 3.0x, src=yahoo_intraday), vwap=False ($3.78 vs VWAP $3.96), squeeze=True, mom=False (mom_val=-0.95)
2026-06-24 06:38:43 | INFO     | shortsqueeze.signals:scan_watchlist - Scan complete: 97 stocks scanned, 5 signals detected, 0 errors
2026-06-24 06:38:43 | INFO     | shortsqueeze.bot:_run_scan - Processing 1 filtered signals
2026-06-24 06:38:43 | INFO     | shortsqueeze.bot:_process_signal - Executing entry for WEN: 96 shares @ $8.59 (SL: $7.97)
2026-06-24 06:38:43 | INFO     | shortsqueeze.broker.alpaca_trader:submit_bracket_order - Bracket order submitted: BUY 96 WEN @ $8.59 (SL: $7.97, TP: $9.51)
2026-06-24 06:38:43 | INFO     | shortsqueeze.bot:_process_signal - Trade submitted for WEN: Order ID 945e42bc-2686-4a20-ab93-6fabab4f2764
2026-06-24 06:41:59 | INFO     | shortsqueeze.bot:_run_scan - Running intraday scan...
2026-06-24 06:42:00 | INFO     | shortsqueeze.bot:_run_scan - Max positions (5) reached. Skipping scan.
2026-06-24 06:46:59 | INFO     | shortsqueeze.bot:_run_scan - Running intraday scan...
2026-06-24 06:47:01 | INFO     | shortsqueeze.bot:_run_scan - Max positions (5) reached. Skipping scan.
2026-06-24 06:51:59 | INFO     | shortsqueeze.bot:_run_scan - Running intraday scan...
2026-06-24 06:52:00 | INFO     | shortsqueeze.signals:scan_watchlist - Scanning 97 stocks from watchlist...
2026-06-24 06:52:08 | DEBUG    | shortsqueeze.signals:scan_stock - REPL: price=$11.56, prev_close=$11.42 (source: yahoo)
2026-06-24 06:52:09 | DEBUG    | shortsqueeze.signals:scan_stock - REPL: Yahoo 1-min volume=248,780
2026-06-24 06:52:09 | DEBUG    | shortsqueeze.signals:scan_stock - REPL: No signal - price=False (+1.3%, need +5.0%), vol=False (ratio=0.7x, need 3.0x, src=yahoo_intraday), vwap=False ($11.56 vs VWAP $11.64), squeeze=True, mom=False (mom_val=2.28)
2026-06-24 06:52:10 | DEBUG    | shortsqueeze.signals:scan_stock - GRPN: price=$18.36, prev_close=$16.76 (source: yahoo)
2026-06-24 06:52:10 | DEBUG    | shortsqueeze.signals:scan_stock - GRPN: Yahoo 1-min volume=124,673
2026-06-24 06:52:10 | DEBUG    | shortsqueeze.signals:scan_stock - GRPN: No signal - price=True (+9.5%, need +5.0%), vol=False (ratio=1.5x, need 3.0x, src=yahoo_intraday), vwap=True ($18.36 vs VWAP $16.88), squeeze=True, mom=False (mom_val=-2.95)
2026-06-24 06:52:10 | DEBUG    | shortsqueeze.signals:scan_stock - METC: price=$12.57, prev_close=$12.83 (source: yahoo)
2026-06-24 06:52:11 | DEBUG    | shortsqueeze.signals:scan_stock - METC: Yahoo 1-min volume=140,668
2026-06-24 06:52:11 | DEBUG    | shortsqueeze.signals:scan_stock - METC: No signal - price=False (-2.1%, need +5.0%), vol=False (ratio=1.7x, need 3.0x, src=yahoo_intraday), vwap=False ($12.57 vs VWAP $12.80), squeeze=True, mom=False (mom_val=-2.32)
2026-06-24 06:52:11 | DEBUG    | shortsqueeze.signals:scan_stock - CLSK: price=$17.08, prev_close=$17.19 (source: yahoo)
2026-06-24 06:52:12 | DEBUG    | shortsqueeze.signals:scan_stock - CLSK: Yahoo 1-min volume=2,834,441
2026-06-24 06:52:12 | DEBUG    | shortsqueeze.signals:scan_stock - CLSK: No signal - price=False (-0.6%, need +5.0%), vol=False (ratio=2.3x, need 3.0x, src=yahoo_intraday), vwap=False ($17.08 vs VWAP $17.59), squeeze=False, mom=False (mom_val=-0.50)
2026-06-24 06:52:12 | DEBUG    | shortsqueeze.signals:scan_stock - CBRL: price=$47.25, prev_close=$46.46 (source: yahoo)
2026-06-24 06:52:12 | DEBUG    | shortsqueeze.signals:scan_stock - CBRL: Yahoo 1-min volume=31,954
2026-06-24 06:52:12 | DEBUG    | shortsqueeze.signals:scan_stock - CBRL: No signal - price=False (+1.7%, need +5.0%), vol=False (ratio=0.3x, need 3.0x, src=yahoo_intraday), vwap=True ($47.25 vs VWAP $46.51), squeeze=True, mom=True (mom_val=8.43)
2026-06-24 06:52:13 | DEBUG    | shortsqueeze.signals:scan_stock - HTZ: price=$3.81, prev_close=$5.06 (source: yahoo)
2026-06-24 06:52:13 | DEBUG    | shortsqueeze.signals:scan_stock - HTZ: Yahoo 1-min volume=9,882,013
2026-06-24 06:52:13 | DEBUG    | shortsqueeze.signals:scan_stock - HTZ: No signal - price=False (-24.6%, need +5.0%), vol=True (ratio=29.7x, need 3.0x, src=yahoo_intraday), vwap=False ($3.81 vs VWAP $5.08), squeeze=True, mom=False (mom_val=-0.28)
2026-06-24 06:52:14 | DEBUG    | shortsqueeze.signals:scan_stock - GO: price=$10.32, prev_close=$9.47 (source: yahoo)
2026-06-24 06:52:14 | DEBUG    | shortsqueeze.signals:scan_stock - GO: Yahoo 1-min volume=87,695
2026-06-24 06:52:14 | DEBUG    | shortsqueeze.signals:scan_stock - GO: No signal - price=True (+9.0%, need +5.0%), vol=False (ratio=0.6x, need 3.0x, src=yahoo_intraday), vwap=True ($10.32 vs VWAP $9.48), squeeze=True, mom=False (mom_val=0.93)
2026-06-24 06:52:15 | DEBUG    | shortsqueeze.signals:scan_stock - ULCC: price=$7.39, prev_close=$7.25 (source: yahoo)
2026-06-24 06:52:15 | DEBUG    | shortsqueeze.signals:scan_stock - ULCC: Yahoo 1-min volume=274,895
2026-06-24 06:52:15 | DEBUG    | shortsqueeze.signals:scan_stock - ULCC: No signal - price=False (+2.0%, need +5.0%), vol=False (ratio=1.1x, need 3.0x, src=yahoo_intraday), vwap=True ($7.39 vs VWAP $7.31), squeeze=True, mom=True (mom_val=0.92)
2026-06-24 06:52:16 | DEBUG    | shortsqueeze.signals:scan_stock - ACHC: price=$25.30, prev_close=$24.54 (source: yahoo)
2026-06-24 06:52:16 | DEBUG    | shortsqueeze.signals:scan_stock - ACHC: Yahoo 1-min volume=46,049
2026-06-24 06:52:16 | DEBUG    | shortsqueeze.signals:scan_stock - ACHC: No signal - price=False (+3.1%, need +5.0%), vol=False (ratio=0.3x, need 3.0x, src=yahoo_intraday), vwap=True ($25.30 vs VWAP $24.33), squeeze=False, mom=False (mom_val=0.64)
2026-06-24 06:52:17 | DEBUG    | shortsqueeze.signals:scan_stock - VITL: price=$11.68, prev_close=$10.68 (source: yahoo)
2026-06-24 06:52:17 | DEBUG    | shortsqueeze.signals:scan_stock - VITL: Yahoo 1-min volume=81,365
2026-06-24 06:52:17 | DEBUG    | shortsqueeze.signals:scan_stock - VITL: No signal - price=True (+9.4%, need +5.0%), vol=False (ratio=0.6x, need 3.0x, src=yahoo_intraday), vwap=True ($11.68 vs VWAP $10.71), squeeze=False, mom=False (mom_val=0.78)
2026-06-24 06:52:17 | DEBUG    | shortsqueeze.signals:scan_stock - SOUN: price=$6.34, prev_close=$6.44 (source: yahoo)
2026-06-24 06:52:18 | DEBUG    | shortsqueeze.signals:scan_stock - SOUN: Yahoo 1-min volume=3,127,631
2026-06-24 06:52:18 | DEBUG    | shortsqueeze.signals:scan_stock - SOUN: No signal - price=False (-1.5%, need +5.0%), vol=False (ratio=2.2x, need 3.0x, src=yahoo_intraday), vwap=False ($6.34 vs VWAP $6.63), squeeze=True, mom=False (mom_val=-1.35)
2026-06-24 06:52:18 | DEBUG    | shortsqueeze.signals:scan_stock - SPRY: price=$11.43, prev_close=$10.28 (source: yahoo)
2026-06-24 06:52:19 | DEBUG    | shortsqueeze.signals:scan_stock - SPRY: Yahoo 1-min volume=73,333
2026-06-24 06:52:19 | DEBUG    | shortsqueeze.signals:scan_stock - SPRY: No signal - price=True (+11.1%, need +5.0%), vol=False (ratio=0.9x, need 3.0x, src=yahoo_intraday), vwap=True ($11.43 vs VWAP $10.22), squeeze=True, mom=True (mom_val=1.06)
2026-06-24 06:52:20 | DEBUG    | shortsqueeze.signals:scan_stock - WEN: price=$7.70, prev_close=$6.25 (source: yahoo)
2026-06-24 06:52:20 | DEBUG    | shortsqueeze.signals:scan_stock - WEN: Yahoo 1-min volume=69,177,177
2026-06-24 06:52:20 | INFO     | shortsqueeze.signals:scan_stock - WEN: Entry signal detected - strong - EXTREME MOVE | Squeeze fired | +23.0% | 105.1x volume
2026-06-24 06:52:21 | DEBUG    | shortsqueeze.signals:scan_stock - AI: price=$9.59, prev_close=$9.68 (source: yahoo)
2026-06-24 06:52:21 | DEBUG    | shortsqueeze.signals:scan_stock - AI: Yahoo 1-min volume=410,411
2026-06-24 06:52:21 | DEBUG    | shortsqueeze.signals:scan_stock - AI: No signal - price=False (-0.9%, need +5.0%), vol=False (ratio=0.9x, need 3.0x, src=yahoo_intraday), vwap=False ($9.59 vs VWAP $9.73), squeeze=True, mom=False (mom_val=-0.39)
2026-06-24 06:52:22 | DEBUG    | shortsqueeze.signals:scan_stock - FIG: price=$19.15, prev_close=$18.99 (source: yahoo)
2026-06-24 06:52:22 | DEBUG    | shortsqueeze.signals:scan_stock - FIG: Yahoo 1-min volume=2,274,321
2026-06-24 06:52:22 | DEBUG    | shortsqueeze.signals:scan_stock - FIG: No signal - price=False (+0.8%, need +5.0%), vol=False (ratio=2.2x, need 3.0x, src=yahoo_intraday), vwap=False ($19.15 vs VWAP $19.48), squeeze=True, mom=False (mom_val=-4.88)
2026-06-24 06:52:23 | DEBUG    | shortsqueeze.signals:scan_stock - SATS: price=$102.68, prev_close=$103.92 (source: yahoo)
2026-06-24 06:52:23 | DEBUG    | shortsqueeze.signals:scan_stock - SATS: Using Yahoo info volume=11,498,135
2026-06-24 06:52:23 | DEBUG    | shortsqueeze.signals:scan_stock - SATS: No signal - price=False (-1.2%, need +5.0%), vol=True (ratio=15.5x, need 3.0x, src=yahoo), vwap=False ($102.68 vs VWAP $103.14), squeeze=True, mom=False (mom_val=-12.15)
2026-06-24 06:52:24 | DEBUG    | shortsqueeze.signals:scan_stock - FLNC: price=$20.41, prev_close=$21.21 (source: yahoo)
2026-06-24 06:52:24 | DEBUG    | shortsqueeze.signals:scan_stock - FLNC: Yahoo 1-min volume=1,303,454
2026-06-24 06:52:24 | DEBUG    | shortsqueeze.signals:scan_stock - FLNC: No signal - price=False (-3.8%, need +5.0%), vol=False (ratio=1.7x, need 3.0x, src=yahoo_intraday), vwap=False ($20.41 vs VWAP $22.12), squeeze=False, mom=False (mom_val=-1.30)
2026-06-24 06:52:25 | DEBUG    | shortsqueeze.signals:scan_stock - LCID: price=$5.29, prev_close=$5.19 (source: yahoo)
2026-06-24 06:52:25 | DEBUG    | shortsqueeze.signals:scan_stock - LCID: Yahoo 1-min volume=930,537
2026-06-24 06:52:25 | DEBUG    | shortsqueeze.signals:scan_stock - LCID: No signal - price=False (+1.8%, need +5.0%), vol=False (ratio=1.2x, need 3.0x, src=yahoo_intraday), vwap=True ($5.29 vs VWAP $5.20), squeeze=True, mom=False (mom_val=-0.74)
2026-06-24 06:52:26 | DEBUG    | shortsqueeze.signals:scan_stock - PCT: price=$7.97, prev_close=$8.29 (source: yahoo)
2026-06-24 06:52:26 | DEBUG    | shortsqueeze.signals:scan_stock - PCT: Yahoo 1-min volume=577,059
2026-06-24 06:52:26 | DEBUG    | shortsqueeze.signals:scan_stock - PCT: No signal - price=False (-3.8%, need +5.0%), vol=False (ratio=1.5x, need 3.0x, src=yahoo_intraday), vwap=False ($7.97 vs VWAP $8.30), squeeze=True, mom=False (mom_val=-3.95)
2026-06-24 06:52:27 | DEBUG    | shortsqueeze.signals:scan_stock - SPHR: price=$158.19, prev_close=$157.75 (source: yahoo)
2026-06-24 06:52:27 | DEBUG    | shortsqueeze.signals:scan_stock - SPHR: Yahoo 1-min volume=15,463
2026-06-24 06:52:27 | DEBUG    | shortsqueeze.signals:scan_stock - SPHR: No signal - price=False (+0.3%, need +5.0%), vol=False (ratio=0.4x, need 3.0x, src=yahoo_intraday), vwap=False ($158.19 vs VWAP $158.46), squeeze=True, mom=True (mom_val=14.61)
2026-06-24 06:52:28 | DEBUG    | shortsqueeze.signals:scan_stock - NTST: price=$20.15, prev_close=$19.90 (source: yahoo)
2026-06-24 06:52:28 | DEBUG    | shortsqueeze.signals:scan_stock - NTST: Yahoo 1-min volume=32,206
2026-06-24 06:52:28 | DEBUG    | shortsqueeze.signals:scan_stock - NTST: No signal - price=False (+1.3%, need +5.0%), vol=False (ratio=0.4x, need 3.0x, src=yahoo_intraday), vwap=True ($20.15 vs VWAP $19.82), squeeze=False, mom=False (mom_val=-0.08)
2026-06-24 06:52:29 | DEBUG    | shortsqueeze.signals:scan_stock - ASAN: price=$6.78, prev_close=$6.67 (source: yahoo)
2026-06-24 06:52:29 | DEBUG    | shortsqueeze.signals:scan_stock - ASAN: Yahoo 1-min volume=459,555
2026-06-24 06:52:29 | DEBUG    | shortsqueeze.signals:scan_stock - ASAN: No signal - price=False (+1.6%, need +5.0%), vol=False (ratio=1.2x, need 3.0x, src=yahoo_intraday), vwap=True ($6.78 vs VWAP $6.75), squeeze=True, mom=False (mom_val=-0.81)
2026-06-24 06:52:30 | DEBUG    | shortsqueeze.signals:scan_stock - MNRO: price=$15.74, prev_close=$15.42 (source: yahoo)
2026-06-24 06:52:30 | DEBUG    | shortsqueeze.signals:scan_stock - MNRO: Yahoo 1-min volume=22,209
2026-06-24 06:52:30 | DEBUG    | shortsqueeze.signals:scan_stock - MNRO: No signal - price=False (+2.1%, need +5.0%), vol=False (ratio=0.3x, need 3.0x, src=yahoo_intraday), vwap=True ($15.74 vs VWAP $15.44), squeeze=False, mom=False (mom_val=-0.49)
2026-06-24 06:52:30 | DEBUG    | shortsqueeze.signals:scan_stock - IBRX: price=$7.50, prev_close=$7.32 (source: yahoo)
2026-06-24 06:52:31 | DEBUG    | shortsqueeze.signals:scan_stock - IBRX: Yahoo 1-min volume=661,966
2026-06-24 06:52:31 | DEBUG    | shortsqueeze.signals:scan_stock - IBRX: No signal - price=False (+2.4%, need +5.0%), vol=False (ratio=1.0x, need 3.0x, src=yahoo_intraday), vwap=True ($7.50 vs VWAP $7.39), squeeze=False, mom=False (mom_val=-0.31)
2026-06-24 06:52:31 | DEBUG    | shortsqueeze.signals:scan_stock - TRIP: price=$12.59, prev_close=$12.39 (source: yahoo)
2026-06-24 06:52:32 | DEBUG    | shortsqueeze.signals:scan_stock - TRIP: Yahoo 1-min volume=268,074
2026-06-24 06:52:32 | DEBUG    | shortsqueeze.signals:scan_stock - TRIP: No signal - price=False (+1.6%, need +5.0%), vol=False (ratio=1.0x, need 3.0x, src=yahoo_intraday), vwap=True ($12.59 vs VWAP $12.45), squeeze=True, mom=False (mom_val=0.97)
2026-06-24 06:52:32 | DEBUG    | shortsqueeze.signals:scan_stock - TMDX: price=$77.42, prev_close=$73.83 (source: yahoo)
2026-06-24 06:52:33 | DEBUG    | shortsqueeze.signals:scan_stock - TMDX: Yahoo 1-min volume=128,863
2026-06-24 06:52:33 | DEBUG    | shortsqueeze.signals:scan_stock - TMDX: No signal - price=False (+4.9%, need +5.0%), vol=False (ratio=2.2x, need 3.0x, src=yahoo_intraday), vwap=True ($77.42 vs VWAP $74.05), squeeze=True, mom=False (mom_val=7.75)
2026-06-24 06:52:33 | DEBUG    | shortsqueeze.signals:scan_stock - PLAY: price=$12.30, prev_close=$11.27 (source: yahoo)
2026-06-24 06:52:33 | DEBUG    | shortsqueeze.signals:scan_stock - PLAY: Yahoo 1-min volume=117,502
2026-06-24 06:52:33 | DEBUG    | shortsqueeze.signals:scan_stock - PLAY: No signal - price=True (+9.2%, need +5.0%), vol=False (ratio=1.0x, need 3.0x, src=yahoo_intraday), vwap=True ($12.30 vs VWAP $11.18), squeeze=True, mom=False (mom_val=-0.79)
2026-06-24 06:52:34 | DEBUG    | shortsqueeze.signals:scan_stock - SLS: price=$9.02, prev_close=$9.07 (source: yahoo)
2026-06-24 06:52:34 | DEBUG    | shortsqueeze.signals:scan_stock - SLS: Yahoo 1-min volume=739,416
2026-06-24 06:52:34 | DEBUG    | shortsqueeze.signals:scan_stock - SLS: No signal - price=False (-0.6%, need +5.0%), vol=False (ratio=1.6x, need 3.0x, src=yahoo_intraday), vwap=False ($9.02 vs VWAP $9.03), squeeze=True, mom=False (mom_val=-0.54)
2026-06-24 06:52:35 | DEBUG    | shortsqueeze.signals:scan_stock - HIMS: price=$32.66, prev_close=$32.96 (source: yahoo)
2026-06-24 06:52:35 | DEBUG    | shortsqueeze.signals:scan_stock - HIMS: Yahoo 1-min volume=1,531,434
2026-06-24 06:52:35 | DEBUG    | shortsqueeze.signals:scan_stock - HIMS: No signal - price=False (-0.9%, need +5.0%), vol=False (ratio=1.4x, need 3.0x, src=yahoo_intraday), vwap=False ($32.66 vs VWAP $33.60), squeeze=True, mom=False (mom_val=5.00)
2026-06-24 06:52:36 | DEBUG    | shortsqueeze.signals:scan_stock - BEAM: price=$33.39, prev_close=$33.20 (source: yahoo)
2026-06-24 06:52:36 | DEBUG    | shortsqueeze.signals:scan_stock - BEAM: Yahoo 1-min volume=192,035
2026-06-24 06:52:36 | DEBUG    | shortsqueeze.signals:scan_stock - BEAM: No signal - price=False (+0.6%, need +5.0%), vol=False (ratio=1.6x, need 3.0x, src=yahoo_intraday), vwap=False ($33.39 vs VWAP $34.42), squeeze=True, mom=True (mom_val=1.70)
2026-06-24 06:52:37 | DEBUG    | shortsqueeze.signals:scan_stock - ONDS: price=$8.23, prev_close=$8.53 (source: yahoo)
2026-06-24 06:52:37 | DEBUG    | shortsqueeze.signals:scan_stock - ONDS: Yahoo 1-min volume=8,899,620
2026-06-24 06:52:37 | DEBUG    | shortsqueeze.signals:scan_stock - ONDS: No signal - price=False (-3.5%, need +5.0%), vol=False (ratio=2.1x, need 3.0x, src=yahoo_intraday), vwap=False ($8.23 vs VWAP $8.70), squeeze=True, mom=False (mom_val=-3.17)
2026-06-24 06:52:38 | DEBUG    | shortsqueeze.signals:scan_stock - CPB: price=$21.77, prev_close=$21.21 (source: yahoo)
2026-06-24 06:52:38 | DEBUG    | shortsqueeze.signals:scan_stock - CPB: Yahoo 1-min volume=601,191
2026-06-24 06:52:38 | DEBUG    | shortsqueeze.signals:scan_stock - CPB: No signal - price=False (+2.7%, need +5.0%), vol=False (ratio=0.9x, need 3.0x, src=yahoo_intraday), vwap=True ($21.77 vs VWAP $21.13), squeeze=True, mom=False (mom_val=0.21)
2026-06-24 06:52:39 | DEBUG    | shortsqueeze.signals:scan_stock - TEM: price=$49.53, prev_close=$48.61 (source: yahoo)
2026-06-24 06:52:39 | DEBUG    | shortsqueeze.signals:scan_stock - TEM: Yahoo 1-min volume=799,167
2026-06-24 06:52:39 | DEBUG    | shortsqueeze.signals:scan_stock - TEM: No signal - price=False (+1.9%, need +5.0%), vol=False (ratio=2.0x, need 3.0x, src=yahoo_intraday), vwap=True ($49.53 vs VWAP $48.78), squeeze=False, mom=False (mom_val=0.26)
2026-06-24 06:52:39 | DEBUG    | shortsqueeze.signals:scan_stock - PATH: price=$10.43, prev_close=$10.15 (source: yahoo)
2026-06-24 06:52:40 | DEBUG    | shortsqueeze.signals:scan_stock - PATH: Yahoo 1-min volume=2,440,337
2026-06-24 06:52:40 | DEBUG    | shortsqueeze.signals:scan_stock - PATH: No signal - price=False (+2.7%, need +5.0%), vol=False (ratio=0.9x, need 3.0x, src=yahoo_intraday), vwap=True ($10.43 vs VWAP $10.26), squeeze=True, mom=False (mom_val=-1.46)
2026-06-24 06:52:40 | DEBUG    | shortsqueeze.signals:scan_stock - EOSE: price=$6.26, prev_close=$6.49 (source: yahoo)
2026-06-24 06:52:41 | DEBUG    | shortsqueeze.signals:scan_stock - EOSE: Yahoo 1-min volume=2,537,974
2026-06-24 06:52:41 | DEBUG    | shortsqueeze.signals:scan_stock - EOSE: No signal - price=False (-3.5%, need +5.0%), vol=False (ratio=2.0x, need 3.0x, src=yahoo_intraday), vwap=False ($6.26 vs VWAP $6.76), squeeze=True, mom=False (mom_val=-1.52)
2026-06-24 06:52:41 | DEBUG    | shortsqueeze.signals:scan_stock - PAR: price=$15.88, prev_close=$15.36 (source: yahoo)
2026-06-24 06:52:41 | DEBUG    | shortsqueeze.signals:scan_stock - PAR: Yahoo 1-min volume=38,686
2026-06-24 06:52:42 | DEBUG    | shortsqueeze.signals:scan_stock - PAR: No signal - price=False (+3.4%, need +5.0%), vol=False (ratio=0.5x, need 3.0x, src=yahoo_intraday), vwap=True ($15.88 vs VWAP $15.37), squeeze=True, mom=True (mom_val=0.23)
2026-06-24 06:52:42 | DEBUG    | shortsqueeze.signals:scan_stock - BETR: price=$26.02, prev_close=$25.69 (source: yahoo)
2026-06-24 06:52:42 | DEBUG    | shortsqueeze.signals:scan_stock - BETR: Yahoo 1-min volume=14,510
2026-06-24 06:52:42 | DEBUG    | shortsqueeze.signals:scan_stock - BETR: No signal - price=False (+1.3%, need +5.0%), vol=False (ratio=0.9x, need 3.0x, src=yahoo_intraday), vwap=False ($26.02 vs VWAP $26.17), squeeze=False, mom=False (mom_val=1.24)
2026-06-24 06:52:43 | DEBUG    | shortsqueeze.signals:scan_stock - UAA: price=$5.90, prev_close=$5.79 (source: yahoo)
2026-06-24 06:52:43 | DEBUG    | shortsqueeze.signals:scan_stock - UAA: Yahoo 1-min volume=387,761
2026-06-24 06:52:43 | DEBUG    | shortsqueeze.signals:scan_stock - UAA: No signal - price=False (+2.0%, need +5.0%), vol=False (ratio=1.0x, need 3.0x, src=yahoo_intraday), vwap=True ($5.90 vs VWAP $5.81), squeeze=True, mom=False (mom_val=0.27)
2026-06-24 06:52:44 | DEBUG    | shortsqueeze.signals:scan_stock - RUN: price=$16.09, prev_close=$12.81 (source: yahoo)
2026-06-24 06:52:44 | DEBUG    | shortsqueeze.signals:scan_stock - RUN: Yahoo 1-min volume=15,937,275
2026-06-24 06:52:44 | INFO     | shortsqueeze.signals:scan_stock - RUN: Entry signal detected - strong - EXTREME MOVE | Squeeze fired | +25.6% | 32.0x volume
2026-06-24 06:52:45 | DEBUG    | shortsqueeze.signals:scan_stock - WYFI: price=$42.49, prev_close=$44.76 (source: yahoo)
2026-06-24 06:52:45 | DEBUG    | shortsqueeze.signals:scan_stock - WYFI: Yahoo 1-min volume=877,295
2026-06-24 06:52:45 | DEBUG    | shortsqueeze.signals:scan_stock - WYFI: No signal - price=False (-5.1%, need +5.0%), vol=True (ratio=8.1x, need 3.0x, src=yahoo_intraday), vwap=False ($42.49 vs VWAP $42.63), squeeze=True, mom=True (mom_val=5.69)
2026-06-24 06:52:45 | DEBUG    | shortsqueeze.signals:scan_stock - QUBT: price=$10.21, prev_close=$10.49 (source: yahoo)
2026-06-24 06:52:46 | DEBUG    | shortsqueeze.signals:scan_stock - QUBT: Yahoo 1-min volume=3,736,855
2026-06-24 06:52:46 | DEBUG    | shortsqueeze.signals:scan_stock - QUBT: No signal - price=False (-2.7%, need +5.0%), vol=True (ratio=3.5x, need 3.0x, src=yahoo_intraday), vwap=False ($10.21 vs VWAP $10.72), squeeze=True, mom=False (mom_val=-1.27)
2026-06-24 06:52:46 | DEBUG    | shortsqueeze.signals:scan_stock - MARA: price=$14.66, prev_close=$14.70 (source: yahoo)
2026-06-24 06:52:47 | DEBUG    | shortsqueeze.signals:scan_stock - MARA: Yahoo 1-min volume=7,956,140
2026-06-24 06:52:47 | DEBUG    | shortsqueeze.signals:scan_stock - MARA: No signal - price=False (-0.3%, need +5.0%), vol=True (ratio=3.7x, need 3.0x, src=yahoo_intraday), vwap=False ($14.66 vs VWAP $14.80), squeeze=False, mom=True (mom_val=0.25)
2026-06-24 06:52:47 | DEBUG    | shortsqueeze.signals:scan_stock - WGS: price=$60.64, prev_close=$58.08 (source: yahoo)
2026-06-24 06:52:47 | DEBUG    | shortsqueeze.signals:scan_stock - WGS: Yahoo 1-min volume=71,169
2026-06-24 06:52:47 | DEBUG    | shortsqueeze.signals:scan_stock - WGS: No signal - price=False (+4.4%, need +5.0%), vol=False (ratio=1.1x, need 3.0x, src=yahoo_intraday), vwap=True ($60.64 vs VWAP $58.82), squeeze=True, mom=False (mom_val=6.38)
2026-06-24 06:52:48 | DEBUG    | shortsqueeze.signals:scan_stock - SWKS: price=$71.47, prev_close=$73.44 (source: yahoo)
2026-06-24 06:52:48 | DEBUG    | shortsqueeze.signals:scan_stock - SWKS: Yahoo 1-min volume=310,760
2026-06-24 06:52:48 | DEBUG    | shortsqueeze.signals:scan_stock - SWKS: No signal - price=False (-2.7%, need +5.0%), vol=False (ratio=1.1x, need 3.0x, src=yahoo_intraday), vwap=False ($71.47 vs VWAP $73.38), squeeze=False, mom=False (mom_val=-5.92)
2026-06-24 06:52:49 | DEBUG    | shortsqueeze.signals:scan_stock - CERT: price=$5.58, prev_close=$5.40 (source: yahoo)
2026-06-24 06:52:49 | DEBUG    | shortsqueeze.signals:scan_stock - CERT: Yahoo 1-min volume=174,609
2026-06-24 06:52:49 | DEBUG    | shortsqueeze.signals:scan_stock - CERT: No signal - price=False (+3.4%, need +5.0%), vol=False (ratio=0.8x, need 3.0x, src=yahoo_intraday), vwap=True ($5.58 vs VWAP $5.44), squeeze=True, mom=False (mom_val=0.02)
2026-06-24 06:52:50 | DEBUG    | shortsqueeze.signals:scan_stock - SRPT: price=$17.77, prev_close=$17.26 (source: yahoo)
2026-06-24 06:52:50 | DEBUG    | shortsqueeze.signals:scan_stock - SRPT: Yahoo 1-min volume=131,134
2026-06-24 06:52:50 | DEBUG    | shortsqueeze.signals:scan_stock - SRPT: No signal - price=False (+3.0%, need +5.0%), vol=False (ratio=0.8x, need 3.0x, src=yahoo_intraday), vwap=True ($17.77 vs VWAP $17.38), squeeze=True, mom=True (mom_val=0.75)
2026-06-24 06:52:51 | DEBUG    | shortsqueeze.signals:scan_stock - SBH: price=$14.61, prev_close=$13.32 (source: yahoo)
2026-06-24 06:52:51 | DEBUG    | shortsqueeze.signals:scan_stock - SBH: Yahoo 1-min volume=20,647
2026-06-24 06:52:51 | DEBUG    | shortsqueeze.signals:scan_stock - SBH: No signal - price=True (+9.7%, need +5.0%), vol=False (ratio=0.3x, need 3.0x, src=yahoo_intraday), vwap=True ($14.61 vs VWAP $13.36), squeeze=True, mom=True (mom_val=0.64)
2026-06-24 06:52:51 | DEBUG    | shortsqueeze.signals:scan_stock - RXT: price=$7.06, prev_close=$7.27 (source: yahoo)
2026-06-24 06:52:52 | DEBUG    | shortsqueeze.signals:scan_stock - RXT: Yahoo 1-min volume=1,797,679
2026-06-24 06:52:52 | DEBUG    | shortsqueeze.signals:scan_stock - RXT: No signal - price=False (-2.9%, need +5.0%), vol=False (ratio=1.4x, need 3.0x, src=yahoo_intraday), vwap=False ($7.06 vs VWAP $7.18), squeeze=True, mom=True (mom_val=1.00)
2026-06-24 06:52:52 | DEBUG    | shortsqueeze.signals:scan_stock - NVAX: price=$9.21, prev_close=$9.00 (source: yahoo)
2026-06-24 06:52:53 | DEBUG    | shortsqueeze.signals:scan_stock - NVAX: Yahoo 1-min volume=303,278
2026-06-24 06:52:53 | DEBUG    | shortsqueeze.signals:scan_stock - NVAX: No signal - price=False (+2.3%, need +5.0%), vol=False (ratio=1.1x, need 3.0x, src=yahoo_intraday), vwap=True ($9.21 vs VWAP $9.21), squeeze=True, mom=False (mom_val=-1.27)
2026-06-24 06:52:53 | DEBUG    | shortsqueeze.signals:scan_stock - CSIQ: price=$16.40, prev_close=$14.73 (source: yahoo)
2026-06-24 06:52:53 | DEBUG    | shortsqueeze.signals:scan_stock - CSIQ: Yahoo 1-min volume=236,033
2026-06-24 06:52:53 | DEBUG    | shortsqueeze.signals:scan_stock - CSIQ: No signal - price=True (+11.3%, need +5.0%), vol=False (ratio=1.6x, need 3.0x, src=yahoo_intraday), vwap=True ($16.40 vs VWAP $14.99), squeeze=True, mom=False (mom_val=-3.03)
2026-06-24 06:52:54 | DEBUG    | shortsqueeze.signals:scan_stock - ABEO: price=$5.79, prev_close=$5.72 (source: yahoo)
2026-06-24 06:52:54 | DEBUG    | shortsqueeze.signals:scan_stock - ABEO: Yahoo 1-min volume=37,838
2026-06-24 06:52:54 | DEBUG    | shortsqueeze.signals:scan_stock - ABEO: No signal - price=False (+1.3%, need +5.0%), vol=False (ratio=0.7x, need 3.0x, src=yahoo_intraday), vwap=True ($5.79 vs VWAP $5.77), squeeze=False, mom=True (mom_val=0.09)
2026-06-24 06:52:55 | DEBUG    | shortsqueeze.signals:scan_stock - ENVX: price=$6.31, prev_close=$6.33 (source: yahoo)
2026-06-24 06:52:55 | DEBUG    | shortsqueeze.signals:scan_stock - ENVX: Yahoo 1-min volume=825,611
2026-06-24 06:52:55 | DEBUG    | shortsqueeze.signals:scan_stock - ENVX: No signal - price=False (-0.2%, need +5.0%), vol=False (ratio=2.3x, need 3.0x, src=yahoo_intraday), vwap=False ($6.31 vs VWAP $6.56), squeeze=True, mom=False (mom_val=-1.19)
2026-06-24 06:52:56 | DEBUG    | shortsqueeze.signals:scan_stock - SERV: price=$6.29, prev_close=$6.41 (source: yahoo)
2026-06-24 06:52:56 | DEBUG    | shortsqueeze.signals:scan_stock - SERV: Yahoo 1-min volume=615,310
2026-06-24 06:52:56 | DEBUG    | shortsqueeze.signals:scan_stock - SERV: No signal - price=False (-1.9%, need +5.0%), vol=False (ratio=1.8x, need 3.0x, src=yahoo_intraday), vwap=False ($6.29 vs VWAP $6.51), squeeze=True, mom=False (mom_val=-1.91)
2026-06-24 06:52:56 | DEBUG    | shortsqueeze.signals:scan_stock - WULF: price=$28.40, prev_close=$28.78 (source: yahoo)
2026-06-24 06:52:57 | DEBUG    | shortsqueeze.signals:scan_stock - WULF: Yahoo 1-min volume=2,697,313
2026-06-24 06:52:57 | DEBUG    | shortsqueeze.signals:scan_stock - WULF: No signal - price=False (-1.3%, need +5.0%), vol=False (ratio=1.9x, need 3.0x, src=yahoo_intraday), vwap=False ($28.40 vs VWAP $28.60), squeeze=True, mom=False (mom_val=2.10)
2026-06-24 06:52:57 | DEBUG    | shortsqueeze.signals:scan_stock - BIRK: price=$45.22, prev_close=$42.35 (source: yahoo)
2026-06-24 06:52:58 | DEBUG    | shortsqueeze.signals:scan_stock - BIRK: Yahoo 1-min volume=98,190
2026-06-24 06:52:58 | DEBUG    | shortsqueeze.signals:scan_stock - BIRK: No signal - price=True (+6.8%, need +5.0%), vol=False (ratio=0.7x, need 3.0x, src=yahoo_intraday), vwap=True ($45.22 vs VWAP $42.66), squeeze=True, mom=False (mom_val=1.41)
2026-06-24 06:52:58 | DEBUG    | shortsqueeze.signals:scan_stock - ABSI: price=$9.53, prev_close=$7.41 (source: yahoo)
2026-06-24 06:52:58 | DEBUG    | shortsqueeze.signals:scan_stock - ABSI: Yahoo 1-min volume=12,803,502
2026-06-24 06:52:59 | INFO     | shortsqueeze.signals:scan_stock - ABSI: Entry signal detected - strong - EXTREME MOVE | Squeeze fired | Bullish momentum | +28.5% | 37.3x volume
2026-06-24 06:52:59 | DEBUG    | shortsqueeze.signals:scan_stock - VNET: price=$8.23, prev_close=$8.36 (source: yahoo)
2026-06-24 06:52:59 | DEBUG    | shortsqueeze.signals:scan_stock - VNET: Yahoo 1-min volume=135,808
2026-06-24 06:52:59 | DEBUG    | shortsqueeze.signals:scan_stock - VNET: No signal - price=False (-1.6%, need +5.0%), vol=False (ratio=0.4x, need 3.0x, src=yahoo_intraday), vwap=False ($8.23 vs VWAP $8.37), squeeze=True, mom=False (mom_val=-1.63)
2026-06-24 06:53:00 | DEBUG    | shortsqueeze.signals:scan_stock - CRML: price=$9.65, prev_close=$9.71 (source: yahoo)
2026-06-24 06:53:00 | DEBUG    | shortsqueeze.signals:scan_stock - CRML: Yahoo 1-min volume=1,379,834
2026-06-24 06:53:00 | DEBUG    | shortsqueeze.signals:scan_stock - CRML: No signal - price=False (-0.6%, need +5.0%), vol=True (ratio=3.7x, need 3.0x, src=yahoo_intraday), vwap=False ($9.65 vs VWAP $9.95), squeeze=True, mom=False (mom_val=-0.99)
2026-06-24 06:53:01 | DEBUG    | shortsqueeze.signals:scan_stock - KSS: price=$18.14, prev_close=$17.53 (source: yahoo)
2026-06-24 06:53:01 | DEBUG    | shortsqueeze.signals:scan_stock - KSS: Yahoo 1-min volume=349,817
2026-06-24 06:53:01 | DEBUG    | shortsqueeze.signals:scan_stock - KSS: No signal - price=False (+3.5%, need +5.0%), vol=False (ratio=1.0x, need 3.0x, src=yahoo_intraday), vwap=True ($18.14 vs VWAP $17.56), squeeze=True, mom=False (mom_val=2.39)
2026-06-24 06:53:02 | DEBUG    | shortsqueeze.signals:scan_stock - CADL: price=$9.17, prev_close=$9.08 (source: yahoo)
2026-06-24 06:53:02 | DEBUG    | shortsqueeze.signals:scan_stock - CADL: Yahoo 1-min volume=91,501
2026-06-24 06:53:02 | DEBUG    | shortsqueeze.signals:scan_stock - CADL: No signal - price=False (+1.0%, need +5.0%), vol=False (ratio=0.8x, need 3.0x, src=yahoo_intraday), vwap=True ($9.17 vs VWAP $9.12), squeeze=False, mom=True (mom_val=0.07)
2026-06-24 06:53:03 | DEBUG    | shortsqueeze.signals:scan_stock - NNE: price=$24.43, prev_close=$23.90 (source: yahoo)
2026-06-24 06:53:03 | DEBUG    | shortsqueeze.signals:scan_stock - NNE: Yahoo 1-min volume=446,734
2026-06-24 06:53:03 | DEBUG    | shortsqueeze.signals:scan_stock - NNE: No signal - price=False (+2.2%, need +5.0%), vol=False (ratio=2.3x, need 3.0x, src=yahoo_intraday), vwap=False ($24.43 vs VWAP $24.79), squeeze=True, mom=False (mom_val=-2.75)
2026-06-24 06:53:04 | DEBUG    | shortsqueeze.signals:scan_stock - OWL: price=$8.93, prev_close=$8.91 (source: yahoo)
2026-06-24 06:53:04 | DEBUG    | shortsqueeze.signals:scan_stock - OWL: Yahoo 1-min volume=2,021,435
2026-06-24 06:53:04 | DEBUG    | shortsqueeze.signals:scan_stock - OWL: No signal - price=False (+0.1%, need +5.0%), vol=False (ratio=1.4x, need 3.0x, src=yahoo_intraday), vwap=False ($8.93 vs VWAP $8.99), squeeze=True, mom=False (mom_val=-0.68)
2026-06-24 06:53:04 | DEBUG    | shortsqueeze.signals:scan_stock - ALMU: price=$20.95, prev_close=$21.84 (source: yahoo)
2026-06-24 06:53:05 | DEBUG    | shortsqueeze.signals:scan_stock - ALMU: Yahoo 1-min volume=171,414
2026-06-24 06:53:05 | DEBUG    | shortsqueeze.signals:scan_stock - ALMU: No signal - price=False (-4.1%, need +5.0%), vol=False (ratio=2.8x, need 3.0x, src=yahoo_intraday), vwap=False ($20.95 vs VWAP $22.11), squeeze=False, mom=False (mom_val=-0.90)
2026-06-24 06:53:05 | DEBUG    | shortsqueeze.signals:scan_stock - CRVS: price=$13.65, prev_close=$12.63 (source: yahoo)
2026-06-24 06:53:05 | DEBUG    | shortsqueeze.signals:scan_stock - CRVS: Yahoo 1-min volume=90,678
2026-06-24 06:53:06 | DEBUG    | shortsqueeze.signals:scan_stock - CRVS: No signal - price=True (+8.1%, need +5.0%), vol=False (ratio=1.1x, need 3.0x, src=yahoo_intraday), vwap=True ($13.65 vs VWAP $12.77), squeeze=True, mom=True (mom_val=0.23)
2026-06-24 06:53:06 | DEBUG    | shortsqueeze.signals:scan_stock - OMER: price=$10.75, prev_close=$10.48 (source: yahoo)
2026-06-24 06:53:06 | DEBUG    | shortsqueeze.signals:scan_stock - OMER: Yahoo 1-min volume=66,776
2026-06-24 06:53:06 | DEBUG    | shortsqueeze.signals:scan_stock - OMER: No signal - price=False (+2.6%, need +5.0%), vol=False (ratio=0.5x, need 3.0x, src=yahoo_intraday), vwap=True ($10.75 vs VWAP $10.37), squeeze=True, mom=True (mom_val=0.34)
2026-06-24 06:53:07 | DEBUG    | shortsqueeze.signals:scan_stock - PZZA: price=$35.84, prev_close=$35.32 (source: yahoo)
2026-06-24 06:53:07 | DEBUG    | shortsqueeze.signals:scan_stock - PZZA: Yahoo 1-min volume=88,066
2026-06-24 06:53:07 | DEBUG    | shortsqueeze.signals:scan_stock - PZZA: No signal - price=False (+1.5%, need +5.0%), vol=False (ratio=1.3x, need 3.0x, src=yahoo_intraday), vwap=True ($35.84 vs VWAP $35.16), squeeze=True, mom=True (mom_val=1.22)
2026-06-24 06:53:08 | DEBUG    | shortsqueeze.signals:scan_stock - RDW: price=$11.77, prev_close=$12.21 (source: yahoo)
2026-06-24 06:53:08 | DEBUG    | shortsqueeze.signals:scan_stock - RDW: Yahoo 1-min volume=3,658,531
2026-06-24 06:53:08 | DEBUG    | shortsqueeze.signals:scan_stock - RDW: No signal - price=False (-3.6%, need +5.0%), vol=False (ratio=1.2x, need 3.0x, src=yahoo_intraday), vwap=False ($11.77 vs VWAP $12.59), squeeze=True, mom=False (mom_val=-8.70)
2026-06-24 06:53:09 | DEBUG    | shortsqueeze.signals:scan_stock - JBLU: price=$5.86, prev_close=$5.53 (source: yahoo)
2026-06-24 06:53:09 | DEBUG    | shortsqueeze.signals:scan_stock - JBLU: Yahoo 1-min volume=3,310,829
2026-06-24 06:53:09 | DEBUG    | shortsqueeze.signals:scan_stock - JBLU: No signal - price=True (+5.9%, need +5.0%), vol=False (ratio=2.2x, need 3.0x, src=yahoo_intraday), vwap=True ($5.86 vs VWAP $5.57), squeeze=True, mom=True (mom_val=0.28)
2026-06-24 06:53:10 | DEBUG    | shortsqueeze.signals:scan_stock - SVV: price=$10.06, prev_close=$9.71 (source: yahoo)
2026-06-24 06:53:10 | DEBUG    | shortsqueeze.signals:scan_stock - SVV: Yahoo 1-min volume=43,307
2026-06-24 06:53:10 | DEBUG    | shortsqueeze.signals:scan_stock - SVV: No signal - price=False (+3.7%, need +5.0%), vol=False (ratio=0.8x, need 3.0x, src=yahoo_intraday), vwap=True ($10.06 vs VWAP $9.71), squeeze=True, mom=False (mom_val=0.86)
2026-06-24 06:53:11 | DEBUG    | shortsqueeze.signals:scan_stock - TDUP: price=$6.40, prev_close=$6.21 (source: yahoo)
2026-06-24 06:53:11 | DEBUG    | shortsqueeze.signals:scan_stock - TDUP: Yahoo 1-min volume=147,193
2026-06-24 06:53:11 | DEBUG    | shortsqueeze.signals:scan_stock - TDUP: No signal - price=False (+3.1%, need +5.0%), vol=False (ratio=1.3x, need 3.0x, src=yahoo_intraday), vwap=True ($6.40 vs VWAP $6.13), squeeze=True, mom=True (mom_val=0.93)
2026-06-24 06:53:12 | DEBUG    | shortsqueeze.signals:scan_stock - ORIC: price=$9.12, prev_close=$8.91 (source: yahoo)
2026-06-24 06:53:12 | DEBUG    | shortsqueeze.signals:scan_stock - ORIC: Yahoo 1-min volume=43,498
2026-06-24 06:53:12 | DEBUG    | shortsqueeze.signals:scan_stock - ORIC: No signal - price=False (+2.4%, need +5.0%), vol=False (ratio=0.4x, need 3.0x, src=yahoo_intraday), vwap=True ($9.12 vs VWAP $8.97), squeeze=True, mom=True (mom_val=0.52)
2026-06-24 06:53:12 | DEBUG    | shortsqueeze.signals:scan_stock - ASST: price=$13.21, prev_close=$13.95 (source: yahoo)
2026-06-24 06:53:13 | DEBUG    | shortsqueeze.signals:scan_stock - ASST: Yahoo 1-min volume=746,257
2026-06-24 06:53:13 | DEBUG    | shortsqueeze.signals:scan_stock - ASST: No signal - price=False (-5.3%, need +5.0%), vol=False (ratio=2.6x, need 3.0x, src=yahoo_intraday), vwap=False ($13.21 vs VWAP $14.25), squeeze=True, mom=False (mom_val=-2.05)
2026-06-24 06:53:13 | DEBUG    | shortsqueeze.signals:scan_stock - UAMY: price=$6.87, prev_close=$7.00 (source: yahoo)
2026-06-24 06:53:13 | DEBUG    | shortsqueeze.signals:scan_stock - UAMY: Yahoo 1-min volume=1,284,810
2026-06-24 06:53:14 | DEBUG    | shortsqueeze.signals:scan_stock - UAMY: No signal - price=False (-2.0%, need +5.0%), vol=False (ratio=2.6x, need 3.0x, src=yahoo_intraday), vwap=False ($6.87 vs VWAP $7.29), squeeze=True, mom=False (mom_val=-1.18)
2026-06-24 06:53:14 | DEBUG    | shortsqueeze.signals:scan_stock - BKSY: price=$24.41, prev_close=$26.90 (source: yahoo)
2026-06-24 06:53:14 | DEBUG    | shortsqueeze.signals:scan_stock - BKSY: Yahoo 1-min volume=167,269
2026-06-24 06:53:14 | DEBUG    | shortsqueeze.signals:scan_stock - BKSY: No signal - price=False (-9.3%, need +5.0%), vol=False (ratio=1.2x, need 3.0x, src=yahoo_intraday), vwap=False ($24.41 vs VWAP $27.34), squeeze=True, mom=False (mom_val=-15.40)
2026-06-24 06:53:15 | DEBUG    | shortsqueeze.signals:scan_stock - CAPR: price=$29.84, prev_close=$29.60 (source: yahoo)
2026-06-24 06:53:15 | DEBUG    | shortsqueeze.signals:scan_stock - CAPR: Yahoo 1-min volume=47,193
2026-06-24 06:53:15 | DEBUG    | shortsqueeze.signals:scan_stock - CAPR: No signal - price=False (+0.8%, need +5.0%), vol=False (ratio=0.8x, need 3.0x, src=yahoo_intraday), vwap=True ($29.84 vs VWAP $29.54), squeeze=True, mom=True (mom_val=0.63)
2026-06-24 06:53:16 | DEBUG    | shortsqueeze.signals:scan_stock - CWH: price=$7.73, prev_close=$7.23 (source: yahoo)
2026-06-24 06:53:16 | DEBUG    | shortsqueeze.signals:scan_stock - CWH: Yahoo 1-min volume=124,139
2026-06-24 06:53:16 | DEBUG    | shortsqueeze.signals:scan_stock - CWH: No signal - price=True (+7.0%, need +5.0%), vol=False (ratio=1.0x, need 3.0x, src=yahoo_intraday), vwap=True ($7.73 vs VWAP $7.26), squeeze=False, mom=True (mom_val=0.11)
2026-06-24 06:53:17 | DEBUG    | shortsqueeze.signals:scan_stock - BOBS: price=$14.52, prev_close=$13.18 (source: yahoo)
2026-06-24 06:53:17 | DEBUG    | shortsqueeze.signals:scan_stock - BOBS: Yahoo 1-min volume=79,749
2026-06-24 06:53:17 | DEBUG    | shortsqueeze.signals:scan_stock - BOBS: No signal - price=True (+10.2%, need +5.0%), vol=False (ratio=1.7x, need 3.0x, src=yahoo_intraday), vwap=True ($14.52 vs VWAP $13.06), squeeze=False, mom=False (mom_val=0.03)
2026-06-24 06:53:17 | DEBUG    | shortsqueeze.signals:scan_stock - PGEN: price=$5.37, prev_close=$5.36 (source: yahoo)
2026-06-24 06:53:18 | DEBUG    | shortsqueeze.signals:scan_stock - PGEN: Yahoo 1-min volume=313,970
2026-06-24 06:53:18 | DEBUG    | shortsqueeze.signals:scan_stock - PGEN: No signal - price=False (+0.1%, need +5.0%), vol=False (ratio=1.0x, need 3.0x, src=yahoo_intraday), vwap=False ($5.37 vs VWAP $5.39), squeeze=True, mom=True (mom_val=0.77)
2026-06-24 06:53:18 | DEBUG    | shortsqueeze.signals:scan_stock - RCAT: price=$9.96, prev_close=$10.18 (source: yahoo)
2026-06-24 06:53:19 | DEBUG    | shortsqueeze.signals:scan_stock - RCAT: Yahoo 1-min volume=1,325,096
2026-06-24 06:53:19 | DEBUG    | shortsqueeze.signals:scan_stock - RCAT: No signal - price=False (-2.2%, need +5.0%), vol=False (ratio=1.2x, need 3.0x, src=yahoo_intraday), vwap=False ($9.96 vs VWAP $10.32), squeeze=True, mom=False (mom_val=-2.27)
2026-06-24 06:53:19 | DEBUG    | shortsqueeze.signals:scan_stock - QXO: price=$16.77, prev_close=$16.20 (source: yahoo)
2026-06-24 06:53:20 | DEBUG    | shortsqueeze.signals:scan_stock - QXO: Yahoo 1-min volume=1,801,852
2026-06-24 06:53:20 | DEBUG    | shortsqueeze.signals:scan_stock - QXO: No signal - price=False (+3.5%, need +5.0%), vol=False (ratio=1.9x, need 3.0x, src=yahoo_intraday), vwap=True ($16.77 vs VWAP $16.44), squeeze=False, mom=True (mom_val=0.39)
2026-06-24 06:53:20 | DEBUG    | shortsqueeze.signals:scan_stock - TE: price=$8.91, prev_close=$9.24 (source: yahoo)
2026-06-24 06:53:21 | DEBUG    | shortsqueeze.signals:scan_stock - TE: Yahoo 1-min volume=4,519,022
2026-06-24 06:53:21 | DEBUG    | shortsqueeze.signals:scan_stock - TE: No signal - price=False (-3.6%, need +5.0%), vol=False (ratio=1.9x, need 3.0x, src=yahoo_intraday), vwap=False ($8.91 vs VWAP $9.65), squeeze=True, mom=False (mom_val=-1.61)
2026-06-24 06:53:21 | DEBUG    | shortsqueeze.signals:scan_stock - ABCL: price=$5.89, prev_close=$5.63 (source: yahoo)
2026-06-24 06:53:21 | DEBUG    | shortsqueeze.signals:scan_stock - ABCL: Yahoo 1-min volume=878,408
2026-06-24 06:53:22 | DEBUG    | shortsqueeze.signals:scan_stock - ABCL: No signal - price=False (+4.7%, need +5.0%), vol=False (ratio=2.4x, need 3.0x, src=yahoo_intraday), vwap=True ($5.89 vs VWAP $5.72), squeeze=True, mom=False (mom_val=-0.35)
2026-06-24 06:53:22 | DEBUG    | shortsqueeze.signals:scan_stock - ASPI: price=$6.86, prev_close=$7.08 (source: yahoo)
2026-06-24 06:53:22 | DEBUG    | shortsqueeze.signals:scan_stock - ASPI: Yahoo 1-min volume=804,142
2026-06-24 06:53:22 | DEBUG    | shortsqueeze.signals:scan_stock - ASPI: No signal - price=False (-3.1%, need +5.0%), vol=False (ratio=2.4x, need 3.0x, src=yahoo_intraday), vwap=False ($6.86 vs VWAP $7.24), squeeze=True, mom=False (mom_val=-0.47)
2026-06-24 06:53:23 | DEBUG    | shortsqueeze.signals:scan_stock - FLWS: price=$3.88, prev_close=$3.55 (source: yahoo)
2026-06-24 06:53:23 | DEBUG    | shortsqueeze.signals:scan_stock - FLWS: Yahoo 1-min volume=13,763
2026-06-24 06:53:23 | DEBUG    | shortsqueeze.signals:scan_stock - FLWS: No signal - price=True (+9.2%, need +5.0%), vol=False (ratio=0.6x, need 3.0x, src=yahoo_intraday), vwap=True ($3.88 vs VWAP $3.54), squeeze=True, mom=False (mom_val=-0.54)
2026-06-24 06:53:24 | DEBUG    | shortsqueeze.signals:scan_stock - EVGO: price=$1.85, prev_close=$1.91 (source: yahoo)
2026-06-24 06:53:24 | DEBUG    | shortsqueeze.signals:scan_stock - EVGO: Yahoo 1-min volume=363,222
2026-06-24 06:53:24 | DEBUG    | shortsqueeze.signals:scan_stock - EVGO: No signal - price=False (-3.4%, need +5.0%), vol=False (ratio=1.4x, need 3.0x, src=yahoo_intraday), vwap=False ($1.85 vs VWAP $1.92), squeeze=True, mom=False (mom_val=-0.30)
2026-06-24 06:53:25 | DEBUG    | shortsqueeze.signals:scan_stock - RXRX: price=$3.30, prev_close=$3.16 (source: yahoo)
2026-06-24 06:53:25 | DEBUG    | shortsqueeze.signals:scan_stock - RXRX: Yahoo 1-min volume=3,203,008
2026-06-24 06:53:25 | DEBUG    | shortsqueeze.signals:scan_stock - RXRX: No signal - price=False (+4.6%, need +5.0%), vol=False (ratio=2.6x, need 3.0x, src=yahoo_intraday), vwap=True ($3.30 vs VWAP $3.18), squeeze=True, mom=False (mom_val=-0.29)
2026-06-24 06:53:25 | DEBUG    | shortsqueeze.signals:scan_stock - TTEC: price=$2.17, prev_close=$2.10 (source: yahoo)
2026-06-24 06:53:26 | DEBUG    | shortsqueeze.signals:scan_stock - TTEC: Yahoo 1-min volume=108,295
2026-06-24 06:53:26 | DEBUG    | shortsqueeze.signals:scan_stock - TTEC: No signal - price=False (+3.6%, need +5.0%), vol=True (ratio=3.3x, need 3.0x, src=yahoo_intraday), vwap=True ($2.17 vs VWAP $2.06), squeeze=True, mom=False (mom_val=-0.28)
2026-06-24 06:53:26 | DEBUG    | shortsqueeze.signals:scan_stock - XRX: price=$3.15, prev_close=$3.14 (source: yahoo)
2026-06-24 06:53:26 | DEBUG    | shortsqueeze.signals:scan_stock - XRX: Yahoo 1-min volume=203,444
2026-06-24 06:53:26 | DEBUG    | shortsqueeze.signals:scan_stock - XRX: No signal - price=False (+0.2%, need +5.0%), vol=False (ratio=0.7x, need 3.0x, src=yahoo_intraday), vwap=False ($3.15 vs VWAP $3.22), squeeze=False, mom=False (mom_val=-0.07)
2026-06-24 06:53:27 | DEBUG    | shortsqueeze.signals:scan_stock - INDI: price=$3.73, prev_close=$3.71 (source: yahoo)
2026-06-24 06:53:27 | DEBUG    | shortsqueeze.signals:scan_stock - INDI: Yahoo 1-min volume=316,309
2026-06-24 06:53:27 | DEBUG    | shortsqueeze.signals:scan_stock - INDI: No signal - price=False (+0.5%, need +5.0%), vol=False (ratio=1.0x, need 3.0x, src=yahoo_intraday), vwap=False ($3.73 vs VWAP $3.80), squeeze=True, mom=False (mom_val=-0.91)
2026-06-24 06:53:28 | DEBUG    | shortsqueeze.signals:scan_stock - MPT: price=$4.50, prev_close=$4.52 (source: yahoo)
2026-06-24 06:53:28 | DEBUG    | shortsqueeze.signals:scan_stock - MPT: Yahoo 1-min volume=341,575
2026-06-24 06:53:28 | DEBUG    | shortsqueeze.signals:scan_stock - MPT: No signal - price=False (-0.3%, need +5.0%), vol=False (ratio=1.0x, need 3.0x, src=yahoo_intraday), vwap=False ($4.50 vs VWAP $4.53), squeeze=True, mom=False (mom_val=-0.35)
2026-06-24 06:53:29 | DEBUG    | shortsqueeze.signals:scan_stock - PLUG: price=$2.66, prev_close=$2.71 (source: yahoo)
2026-06-24 06:53:29 | DEBUG    | shortsqueeze.signals:scan_stock - PLUG: Yahoo 1-min volume=6,460,778
2026-06-24 06:53:29 | DEBUG    | shortsqueeze.signals:scan_stock - PLUG: No signal - price=False (-2.0%, need +5.0%), vol=False (ratio=1.8x, need 3.0x, src=yahoo_intraday), vwap=False ($2.66 vs VWAP $2.74), squeeze=True, mom=False (mom_val=-1.03)
2026-06-24 06:53:30 | DEBUG    | shortsqueeze.signals:scan_stock - BBAI: price=$3.71, prev_close=$3.77 (source: yahoo)
2026-06-24 06:53:30 | DEBUG    | shortsqueeze.signals:scan_stock - BBAI: Yahoo 1-min volume=3,116,939
2026-06-24 06:53:30 | DEBUG    | shortsqueeze.signals:scan_stock - BBAI: No signal - price=False (-1.7%, need +5.0%), vol=False (ratio=1.2x, need 3.0x, src=yahoo_intraday), vwap=False ($3.71 vs VWAP $3.81), squeeze=True, mom=False (mom_val=-0.91)
2026-06-24 06:53:30 | DEBUG    | shortsqueeze.signals:scan_stock - RR: price=$1.96, prev_close=$2.02 (source: yahoo)
2026-06-24 06:53:31 | DEBUG    | shortsqueeze.signals:scan_stock - RR: Yahoo 1-min volume=1,425,887
2026-06-24 06:53:31 | DEBUG    | shortsqueeze.signals:scan_stock - RR: No signal - price=False (-2.7%, need +5.0%), vol=False (ratio=2.1x, need 3.0x, src=yahoo_intraday), vwap=False ($1.96 vs VWAP $2.05), squeeze=True, mom=False (mom_val=-0.82)
2026-06-24 06:53:31 | DEBUG    | shortsqueeze.signals:scan_stock - IOVA: price=$4.50, prev_close=$4.44 (source: yahoo)
2026-06-24 06:53:32 | DEBUG    | shortsqueeze.signals:scan_stock - IOVA: Yahoo 1-min volume=2,680,422
2026-06-24 06:53:32 | DEBUG    | shortsqueeze.signals:scan_stock - IOVA: No signal - price=False (+1.2%, need +5.0%), vol=True (ratio=3.5x, need 3.0x, src=yahoo_intraday), vwap=True ($4.50 vs VWAP $4.38), squeeze=False, mom=False (mom_val=-0.01)
2026-06-24 06:53:32 | DEBUG    | shortsqueeze.signals:scan_stock - OCGN: price=$1.38, prev_close=$1.38 (source: yahoo)
2026-06-24 06:53:33 | DEBUG    | shortsqueeze.signals:scan_stock - OCGN: Yahoo 1-min volume=757,390
2026-06-24 06:53:33 | DEBUG    | shortsqueeze.signals:scan_stock - OCGN: No signal - price=False (+0.0%, need +5.0%), vol=False (ratio=2.0x, need 3.0x, src=yahoo_intraday), vwap=False ($1.38 vs VWAP $1.38), squeeze=True, mom=False (mom_val=-0.00)
2026-06-24 06:53:33 | DEBUG    | shortsqueeze.signals:scan_stock - SPCE: price=$2.83, prev_close=$2.99 (source: yahoo)
2026-06-24 06:53:34 | DEBUG    | shortsqueeze.signals:scan_stock - SPCE: Yahoo 1-min volume=2,517,157
2026-06-24 06:53:34 | DEBUG    | shortsqueeze.signals:scan_stock - SPCE: No signal - price=False (-5.2%, need +5.0%), vol=False (ratio=0.6x, need 3.0x, src=yahoo_intraday), vwap=False ($2.83 vs VWAP $3.02), squeeze=True, mom=False (mom_val=-2.29)
2026-06-24 06:53:34 | DEBUG    | shortsqueeze.signals:scan_stock - KULR: price=$3.79, prev_close=$3.86 (source: yahoo)
2026-06-24 06:53:34 | DEBUG    | shortsqueeze.signals:scan_stock - KULR: Yahoo 1-min volume=195,050
2026-06-24 06:53:34 | DEBUG    | shortsqueeze.signals:scan_stock - KULR: No signal - price=False (-1.9%, need +5.0%), vol=False (ratio=1.3x, need 3.0x, src=yahoo_intraday), vwap=False ($3.79 vs VWAP $3.96), squeeze=True, mom=False (mom_val=-0.95)
2026-06-24 06:53:34 | INFO     | shortsqueeze.signals:scan_watchlist - Scan complete: 97 stocks scanned, 3 signals detected, 0 errors
2026-06-24 06:53:34 | INFO     | shortsqueeze.bot:_run_scan - Processing 1 filtered signals
2026-06-24 06:53:35 | INFO     | shortsqueeze.bot:_process_signal - Executing entry for WEN: 106 shares @ $7.70 (SL: $7.14)
2026-06-24 06:53:35 | INFO     | shortsqueeze.broker.alpaca_trader:submit_bracket_order - Bracket order submitted: BUY 106 WEN @ $7.70 (SL: $7.14, TP: $8.53)
2026-06-24 06:53:35 | INFO     | shortsqueeze.bot:_process_signal - Trade submitted for WEN: Order ID a4477d98-86f5-4208-b784-b3f33507a90b
2026-06-24 06:56:59 | INFO     | shortsqueeze.bot:_run_scan - Running intraday scan...
2026-06-24 06:57:00 | INFO     | shortsqueeze.bot:_run_scan - Max positions (5) reached. Skipping scan.
2026-06-24 07:01:59 | INFO     | shortsqueeze.bot:_run_scan - Running intraday scan...
2026-06-24 07:02:00 | INFO     | shortsqueeze.bot:_run_scan - Max positions (5) reached. Skipping scan.
2026-06-24 07:06:59 | INFO     | shortsqueeze.bot:_run_scan - Running intraday scan...
2026-06-24 07:07:00 | INFO     | shortsqueeze.bot:_run_scan - Max positions (5) reached. Skipping scan.
2026-06-24 07:11:00 | WARNING  | shortsqueeze.broker.alpaca_data:wrapper - Remote connection error in _get_positions_with_retry, retrying in 2.0s (1/3): ('Connection aborted.', ConnectionResetError(10054, 'An existing connection was forcibly closed by the remote host', None, 10054, None))
2026-06-24 07:11:59 | INFO     | shortsqueeze.bot:_run_scan - Running intraday scan...
2026-06-24 07:12:00 | INFO     | shortsqueeze.bot:_run_scan - Max positions (5) reached. Skipping scan.
2026-06-24 07:16:59 | INFO     | shortsqueeze.bot:_run_scan - Running intraday scan...
2026-06-24 07:17:00 | INFO     | shortsqueeze.bot:_run_scan - Max positions (5) reached. Skipping scan.
2026-06-24 07:21:59 | INFO     | shortsqueeze.bot:_run_scan - Running intraday scan...
2026-06-24 07:22:00 | INFO     | shortsqueeze.bot:_run_scan - Max positions (5) reached. Skipping scan.
2026-06-24 07:26:59 | INFO     | shortsqueeze.bot:_run_scan - Running intraday scan...
2026-06-24 07:27:00 | INFO     | shortsqueeze.bot:_run_scan - Max positions (5) reached. Skipping scan.
2026-06-24 07:31:59 | INFO     | shortsqueeze.bot:_run_scan - Running intraday scan...
2026-06-24 07:32:00 | INFO     | shortsqueeze.bot:_run_scan - Max positions (5) reached. Skipping scan.
2026-06-24 07:36:59 | INFO     | shortsqueeze.bot:_run_scan - Running intraday scan...
2026-06-24 07:37:00 | INFO     | shortsqueeze.bot:_run_scan - Max positions (5) reached. Skipping scan.
2026-06-24 07:41:59 | INFO     | shortsqueeze.bot:_run_scan - Running intraday scan...
2026-06-24 07:42:00 | INFO     | shortsqueeze.bot:_run_scan - Max positions (5) reached. Skipping scan.
2026-06-24 07:46:59 | INFO     | shortsqueeze.bot:_run_scan - Running intraday scan...
2026-06-24 07:47:00 | INFO     | shortsqueeze.bot:_run_scan - Max positions (5) reached. Skipping scan.
2026-06-24 07:51:59 | INFO     | shortsqueeze.bot:_run_scan - Running intraday scan...
2026-06-24 07:52:00 | INFO     | shortsqueeze.bot:_run_scan - Max positions (5) reached. Skipping scan.
2026-06-24 07:56:59 | INFO     | shortsqueeze.bot:_run_scan - Running intraday scan...
2026-06-24 07:57:00 | INFO     | shortsqueeze.bot:_run_scan - Max positions (5) reached. Skipping scan.
2026-06-24 08:01:59 | INFO     | shortsqueeze.bot:_run_scan - Running intraday scan...
2026-06-24 08:02:01 | INFO     | shortsqueeze.bot:_run_scan - Max positions (5) reached. Skipping scan.
2026-06-24 08:06:59 | INFO     | shortsqueeze.bot:_run_scan - Running intraday scan...
2026-06-24 08:07:00 | INFO     | shortsqueeze.bot:_run_scan - Max positions (5) reached. Skipping scan.
2026-06-24 08:11:59 | INFO     | shortsqueeze.bot:_run_scan - Running intraday scan...
2026-06-24 08:12:00 | INFO     | shortsqueeze.bot:_run_scan - Max positions (5) reached. Skipping scan.
2026-06-24 08:16:59 | INFO     | shortsqueeze.bot:_run_scan - Running intraday scan...
2026-06-24 08:17:00 | INFO     | shortsqueeze.bot:_run_scan - Max positions (5) reached. Skipping scan.
2026-06-24 08:21:59 | INFO     | shortsqueeze.bot:_run_scan - Running intraday scan...
2026-06-24 08:22:00 | INFO     | shortsqueeze.bot:_run_scan - Max positions (5) reached. Skipping scan.
2026-06-24 08:26:59 | INFO     | shortsqueeze.bot:_run_scan - Running intraday scan...
2026-06-24 08:27:00 | INFO     | shortsqueeze.bot:_run_scan - Max positions (5) reached. Skipping scan.
2026-06-24 08:31:59 | INFO     | shortsqueeze.bot:_run_scan - Running intraday scan...
2026-06-24 08:32:00 | INFO     | shortsqueeze.bot:_run_scan - Max positions (5) reached. Skipping scan.
2026-06-24 08:36:59 | INFO     | shortsqueeze.bot:_run_scan - Running intraday scan...
2026-06-24 08:37:00 | INFO     | shortsqueeze.bot:_run_scan - Max positions (5) reached. Skipping scan.
2026-06-24 08:41:59 | INFO     | shortsqueeze.bot:_run_scan - Running intraday scan...
2026-06-24 08:42:00 | INFO     | shortsqueeze.bot:_run_scan - Max positions (5) reached. Skipping scan.
2026-06-24 08:44:59 | WARNING  | shortsqueeze.broker.alpaca_data:wrapper - Remote connection error in _get_positions_with_retry, retrying in 2.0s (1/3): ('Connection aborted.', RemoteDisconnected('Remote end closed connection without response'))
2026-06-24 08:46:59 | INFO     | shortsqueeze.bot:_run_scan - Running intraday scan...
2026-06-24 08:47:00 | INFO     | shortsqueeze.bot:_run_scan - Max positions (5) reached. Skipping scan.
2026-06-24 08:51:59 | INFO     | shortsqueeze.bot:_run_scan - Running intraday scan...
2026-06-24 08:52:00 | INFO     | shortsqueeze.bot:_run_scan - Max positions (5) reached. Skipping scan.
2026-06-24 08:56:59 | INFO     | shortsqueeze.bot:_run_scan - Running intraday scan...
2026-06-24 08:57:01 | INFO     | shortsqueeze.bot:_run_scan - Max positions (5) reached. Skipping scan.
2026-06-24 09:01:59 | INFO     | shortsqueeze.bot:_run_scan - Running intraday scan...
2026-06-24 09:02:00 | WARNING  | shortsqueeze.broker.alpaca_data:wrapper - Remote connection error in _get_positions_with_retry, retrying in 2.0s (1/3): ('Connection aborted.', RemoteDisconnected('Remote end closed connection without response'))
2026-06-24 09:02:00 | INFO     | shortsqueeze.bot:_run_scan - Max positions (5) reached. Skipping scan.
2026-06-24 09:06:59 | INFO     | shortsqueeze.bot:_run_scan - Running intraday scan...
2026-06-24 09:07:00 | INFO     | shortsqueeze.bot:_run_scan - Max positions (5) reached. Skipping scan.
2026-06-24 09:11:59 | INFO     | shortsqueeze.bot:_run_scan - Running intraday scan...
2026-06-24 09:12:00 | INFO     | shortsqueeze.bot:_run_scan - Max positions (5) reached. Skipping scan.
2026-06-24 09:16:59 | INFO     | shortsqueeze.bot:_run_scan - Running intraday scan...
2026-06-24 09:17:00 | INFO     | shortsqueeze.bot:_run_scan - Max positions (5) reached. Skipping scan.
2026-06-24 09:21:59 | INFO     | shortsqueeze.bot:_run_scan - Running intraday scan...
2026-06-24 09:22:00 | INFO     | shortsqueeze.bot:_run_scan - Max positions (5) reached. Skipping scan.
2026-06-24 09:26:00 | WARNING  | shortsqueeze.broker.alpaca_data:wrapper - Remote connection error in _get_positions_with_retry, retrying in 2.0s (1/3): ('Connection aborted.', RemoteDisconnected('Remote end closed connection without response'))
2026-06-24 09:26:59 | INFO     | shortsqueeze.bot:_run_scan - Running intraday scan...
2026-06-24 09:27:00 | INFO     | shortsqueeze.bot:_run_scan - Max positions (5) reached. Skipping scan.
2026-06-24 09:31:59 | INFO     | shortsqueeze.bot:_run_scan - Running intraday scan...
2026-06-24 09:32:00 | INFO     | shortsqueeze.bot:_run_scan - Max positions (5) reached. Skipping scan.
2026-06-24 09:36:59 | INFO     | shortsqueeze.bot:_run_scan - Running intraday scan...
2026-06-24 09:37:00 | INFO     | shortsqueeze.bot:_run_scan - Max positions (5) reached. Skipping scan.
2026-06-24 09:41:59 | INFO     | shortsqueeze.bot:_run_scan - Running intraday scan...
2026-06-24 09:42:00 | INFO     | shortsqueeze.bot:_run_scan - Max positions (5) reached. Skipping scan.
2026-06-24 09:46:59 | INFO     | shortsqueeze.bot:_run_scan - Running intraday scan...
2026-06-24 09:47:00 | INFO     | shortsqueeze.bot:_run_scan - Max positions (5) reached. Skipping scan.
2026-06-24 09:51:59 | INFO     | shortsqueeze.bot:_run_scan - Running intraday scan...
2026-06-24 09:52:01 | INFO     | shortsqueeze.bot:_run_scan - Max positions (5) reached. Skipping scan.
2026-06-24 09:56:59 | INFO     | shortsqueeze.bot:_run_scan - Running intraday scan...
2026-06-24 09:57:00 | INFO     | shortsqueeze.bot:_run_scan - Max positions (5) reached. Skipping scan.
2026-06-24 10:01:59 | INFO     | shortsqueeze.bot:_run_scan - Running intraday scan...
2026-06-24 10:02:00 | INFO     | shortsqueeze.bot:_run_scan - Max positions (5) reached. Skipping scan.
2026-06-24 10:06:59 | INFO     | shortsqueeze.bot:_run_scan - Running intraday scan...
2026-06-24 10:07:00 | INFO     | shortsqueeze.bot:_run_scan - Max positions (5) reached. Skipping scan.
2026-06-24 10:11:59 | INFO     | shortsqueeze.bot:_run_scan - Running intraday scan...
2026-06-24 10:12:00 | INFO     | shortsqueeze.bot:_run_scan - Max positions (5) reached. Skipping scan.
2026-06-24 10:16:59 | INFO     | shortsqueeze.bot:_run_scan - Running intraday scan...
2026-06-24 10:17:00 | INFO     | shortsqueeze.bot:_run_scan - Max positions (5) reached. Skipping scan.
2026-06-24 10:21:59 | INFO     | shortsqueeze.bot:_run_scan - Running intraday scan...
2026-06-24 10:22:00 | INFO     | shortsqueeze.bot:_run_scan - Max positions (5) reached. Skipping scan.
2026-06-24 10:26:59 | INFO     | shortsqueeze.bot:_run_scan - Running intraday scan...
2026-06-24 10:27:00 | INFO     | shortsqueeze.bot:_run_scan - Max positions (5) reached. Skipping scan.
2026-06-24 10:31:59 | INFO     | shortsqueeze.bot:_run_scan - Running intraday scan...
2026-06-24 10:32:00 | INFO     | shortsqueeze.bot:_run_scan - Max positions (5) reached. Skipping scan.
2026-06-24 10:36:59 | INFO     | shortsqueeze.bot:_run_scan - Running intraday scan...
2026-06-24 10:37:00 | INFO     | shortsqueeze.bot:_run_scan - Max positions (5) reached. Skipping scan.
2026-06-24 10:41:59 | INFO     | shortsqueeze.bot:_run_scan - Running intraday scan...
2026-06-24 10:42:00 | INFO     | shortsqueeze.bot:_run_scan - Max positions (5) reached. Skipping scan.
2026-06-24 10:46:59 | INFO     | shortsqueeze.bot:_run_scan - Running intraday scan...
2026-06-24 10:47:00 | INFO     | shortsqueeze.bot:_run_scan - Max positions (5) reached. Skipping scan.
2026-06-24 10:51:59 | INFO     | shortsqueeze.bot:_run_scan - Running intraday scan...
2026-06-24 10:52:00 | INFO     | shortsqueeze.bot:_run_scan - Max positions (5) reached. Skipping scan.
2026-06-24 10:56:59 | INFO     | shortsqueeze.bot:_run_scan - Running intraday scan...
2026-06-24 10:57:00 | INFO     | shortsqueeze.bot:_run_scan - Max positions (5) reached. Skipping scan.
2026-06-24 11:01:59 | INFO     | shortsqueeze.bot:_run_scan - Running intraday scan...
2026-06-24 11:02:00 | INFO     | shortsqueeze.bot:_run_scan - Max positions (5) reached. Skipping scan.
2026-06-24 11:06:59 | INFO     | shortsqueeze.bot:_run_scan - Running intraday scan...
2026-06-24 11:07:01 | INFO     | shortsqueeze.bot:_run_scan - Max positions (5) reached. Skipping scan.
2026-06-24 11:11:59 | INFO     | shortsqueeze.bot:_run_scan - Running intraday scan...
2026-06-24 11:12:00 | INFO     | shortsqueeze.bot:_run_scan - Max positions (5) reached. Skipping scan.
2026-06-24 11:16:59 | INFO     | shortsqueeze.bot:_run_scan - Running intraday scan...
2026-06-24 11:17:00 | INFO     | shortsqueeze.bot:_run_scan - Max positions (5) reached. Skipping scan.
2026-06-24 11:19:59 | WARNING  | shortsqueeze.broker.alpaca_data:wrapper - Remote connection error in _get_positions_with_retry, retrying in 2.0s (1/3): ('Connection aborted.', RemoteDisconnected('Remote end closed connection without response'))
2026-06-24 11:21:59 | INFO     | shortsqueeze.bot:_run_scan - Running intraday scan...
2026-06-24 11:22:00 | INFO     | shortsqueeze.bot:_run_scan - Max positions (5) reached. Skipping scan.
2026-06-24 11:26:59 | INFO     | shortsqueeze.bot:_run_scan - Running intraday scan...
2026-06-24 11:27:00 | INFO     | shortsqueeze.bot:_run_scan - Max positions (5) reached. Skipping scan.
2026-06-24 11:30:59 | WARNING  | shortsqueeze.broker.alpaca_data:wrapper - Remote connection error in _get_positions_with_retry, retrying in 2.0s (1/3): ('Connection aborted.', RemoteDisconnected('Remote end closed connection without response'))
2026-06-24 11:31:59 | INFO     | shortsqueeze.bot:_run_scan - Running intraday scan...
2026-06-24 11:32:00 | INFO     | shortsqueeze.bot:_run_scan - Max positions (5) reached. Skipping scan.
2026-06-24 11:36:59 | INFO     | shortsqueeze.bot:_run_scan - Running intraday scan...
2026-06-24 11:37:00 | INFO     | shortsqueeze.bot:_run_scan - Max positions (5) reached. Skipping scan.
2026-06-24 11:41:59 | INFO     | shortsqueeze.bot:_run_scan - Running intraday scan...
2026-06-24 11:42:00 | INFO     | shortsqueeze.bot:_run_scan - Max positions (5) reached. Skipping scan.
2026-06-24 11:46:59 | INFO     | shortsqueeze.bot:_run_scan - Running intraday scan...
2026-06-24 11:47:01 | INFO     | shortsqueeze.bot:_run_scan - Max positions (5) reached. Skipping scan.
2026-06-24 11:51:59 | INFO     | shortsqueeze.bot:_run_scan - Running intraday scan...
2026-06-24 11:52:00 | INFO     | shortsqueeze.bot:_run_scan - Max positions (5) reached. Skipping scan.
2026-06-24 11:56:59 | INFO     | shortsqueeze.bot:_run_scan - Running intraday scan...
2026-06-24 11:57:01 | INFO     | shortsqueeze.bot:_run_scan - Max positions (5) reached. Skipping scan.
2026-06-24 12:01:59 | INFO     | shortsqueeze.bot:_run_scan - Running intraday scan...
2026-06-24 12:02:00 | INFO     | shortsqueeze.bot:_run_scan - Max positions (5) reached. Skipping scan.
2026-06-24 12:06:59 | INFO     | shortsqueeze.bot:_run_scan - Running intraday scan...
2026-06-24 12:07:00 | INFO     | shortsqueeze.bot:_run_scan - Max positions (5) reached. Skipping scan.
2026-06-24 12:11:59 | INFO     | shortsqueeze.bot:_run_scan - Running intraday scan...
2026-06-24 12:12:00 | INFO     | shortsqueeze.bot:_run_scan - Max positions (5) reached. Skipping scan.
2026-06-24 12:16:59 | INFO     | shortsqueeze.bot:_run_scan - Running intraday scan...
2026-06-24 12:17:00 | INFO     | shortsqueeze.bot:_run_scan - Max positions (5) reached. Skipping scan.
2026-06-24 12:21:59 | INFO     | shortsqueeze.bot:_run_scan - Running intraday scan...
2026-06-24 12:22:00 | INFO     | shortsqueeze.bot:_run_scan - Max positions (5) reached. Skipping scan.
2026-06-24 12:26:59 | INFO     | shortsqueeze.bot:_run_scan - Running intraday scan...
2026-06-24 12:27:00 | INFO     | shortsqueeze.bot:_run_scan - Max positions (5) reached. Skipping scan.
2026-06-24 12:31:59 | INFO     | shortsqueeze.bot:_run_scan - Running intraday scan...
2026-06-24 12:32:00 | INFO     | shortsqueeze.bot:_run_scan - Max positions (5) reached. Skipping scan.
2026-06-24 12:36:59 | INFO     | shortsqueeze.bot:_run_scan - Running intraday scan...
2026-06-24 12:37:00 | INFO     | shortsqueeze.bot:_run_scan - Max positions (5) reached. Skipping scan.
2026-06-24 12:41:59 | INFO     | shortsqueeze.bot:_run_scan - Running intraday scan...
2026-06-24 12:42:00 | INFO     | shortsqueeze.bot:_run_scan - Max positions (5) reached. Skipping scan.
2026-06-24 12:46:59 | INFO     | shortsqueeze.bot:_run_scan - Running intraday scan...
2026-06-24 12:47:00 | INFO     | shortsqueeze.bot:_run_scan - Max positions (5) reached. Skipping scan.
2026-06-24 12:51:59 | INFO     | shortsqueeze.bot:_run_scan - Running intraday scan...
2026-06-24 12:52:00 | INFO     | shortsqueeze.bot:_run_scan - Max positions (5) reached. Skipping scan.
2026-06-24 12:56:59 | INFO     | shortsqueeze.bot:_run_scan - Running intraday scan...
2026-06-24 12:57:00 | INFO     | shortsqueeze.bot:_run_scan - Max positions (5) reached. Skipping scan.
2026-06-24 13:01:59 | DEBUG    | shortsqueeze.bot:_run_scan - Market closed, skipping scan
2026-06-24 13:06:59 | DEBUG    | shortsqueeze.bot:_run_scan - Market closed, skipping scan
2026-06-24 13:11:59 | DEBUG    | shortsqueeze.bot:_run_scan - Market closed, skipping scan
