2026-07-17 13:15:00 | INFO     | shortsqueeze.log_manager:rotate_daily_log - Rotated daily log -> bot_2026-07-17.log
2026-07-17 13:19:45 | DEBUG    | shortsqueeze.bot:_run_scan - Market closed, skipping scan
2026-07-17 13:24:45 | DEBUG    | shortsqueeze.bot:_run_scan - Market closed, skipping scan
2026-07-17 13:29:45 | DEBUG    | shortsqueeze.bot:_run_scan - Market closed, skipping scan
2026-07-17 13:34:45 | DEBUG    | shortsqueeze.bot:_run_scan - Market closed, skipping scan
2026-07-17 13:39:45 | DEBUG    | shortsqueeze.bot:_run_scan - Market closed, skipping scan
2026-07-17 13:44:45 | DEBUG    | shortsqueeze.bot:_run_scan - Market closed, skipping scan
2026-07-17 13:49:45 | DEBUG    | shortsqueeze.bot:_run_scan - Market closed, skipping scan
2026-07-17 13:54:45 | DEBUG    | shortsqueeze.bot:_run_scan - Market closed, skipping scan
2026-07-17 13:59:45 | DEBUG    | shortsqueeze.bot:_run_scan - Market closed, skipping scan
2026-07-17 14:04:45 | DEBUG    | shortsqueeze.bot:_run_scan - Market closed, skipping scan
2026-07-17 14:09:45 | DEBUG    | shortsqueeze.bot:_run_scan - Market closed, skipping scan
2026-07-17 14:14:45 | DEBUG    | shortsqueeze.bot:_run_scan - Market closed, skipping scan
2026-07-17 14:19:45 | DEBUG    | shortsqueeze.bot:_run_scan - Market closed, skipping scan
2026-07-17 14:24:45 | DEBUG    | shortsqueeze.bot:_run_scan - Market closed, skipping scan
2026-07-17 14:29:45 | DEBUG    | shortsqueeze.bot:_run_scan - Market closed, skipping scan
2026-07-17 14:34:45 | DEBUG    | shortsqueeze.bot:_run_scan - Market closed, skipping scan
2026-07-17 14:39:45 | DEBUG    | shortsqueeze.bot:_run_scan - Market closed, skipping scan
2026-07-17 14:44:45 | DEBUG    | shortsqueeze.bot:_run_scan - Market closed, skipping scan
2026-07-17 14:49:45 | DEBUG    | shortsqueeze.bot:_run_scan - Market closed, skipping scan
2026-07-17 14:54:45 | DEBUG    | shortsqueeze.bot:_run_scan - Market closed, skipping scan
2026-07-17 14:59:45 | DEBUG    | shortsqueeze.bot:_run_scan - Market closed, skipping scan
2026-07-17 15:04:45 | DEBUG    | shortsqueeze.bot:_run_scan - Market closed, skipping scan
2026-07-17 15:09:45 | DEBUG    | shortsqueeze.bot:_run_scan - Market closed, skipping scan
2026-07-17 15:14:45 | DEBUG    | shortsqueeze.bot:_run_scan - Market closed, skipping scan
2026-07-17 15:19:45 | DEBUG    | shortsqueeze.bot:_run_scan - Market closed, skipping scan
2026-07-17 15:24:45 | DEBUG    | shortsqueeze.bot:_run_scan - Market closed, skipping scan
2026-07-17 15:29:45 | DEBUG    | shortsqueeze.bot:_run_scan - Market closed, skipping scan
2026-07-17 15:34:45 | DEBUG    | shortsqueeze.bot:_run_scan - Market closed, skipping scan
2026-07-17 15:39:45 | DEBUG    | shortsqueeze.bot:_run_scan - Market closed, skipping scan
2026-07-17 15:44:45 | DEBUG    | shortsqueeze.bot:_run_scan - Market closed, skipping scan
2026-07-17 15:49:45 | DEBUG    | shortsqueeze.bot:_run_scan - Market closed, skipping scan
2026-07-17 15:54:45 | DEBUG    | shortsqueeze.bot:_run_scan - Market closed, skipping scan
2026-07-17 15:59:45 | DEBUG    | shortsqueeze.bot:_run_scan - Market closed, skipping scan
2026-07-17 16:04:45 | DEBUG    | shortsqueeze.bot:_run_scan - Market closed, skipping scan
2026-07-17 16:09:45 | DEBUG    | shortsqueeze.bot:_run_scan - Market closed, skipping scan
2026-07-17 16:14:45 | DEBUG    | shortsqueeze.bot:_run_scan - Market closed, skipping scan
2026-07-17 16:19:45 | DEBUG    | shortsqueeze.bot:_run_scan - Market closed, skipping scan
2026-07-17 16:24:45 | DEBUG    | shortsqueeze.bot:_run_scan - Market closed, skipping scan
2026-07-17 16:29:45 | DEBUG    | shortsqueeze.bot:_run_scan - Market closed, skipping scan
2026-07-17 16:34:45 | DEBUG    | shortsqueeze.bot:_run_scan - Market closed, skipping scan
2026-07-17 16:39:45 | DEBUG    | shortsqueeze.bot:_run_scan - Market closed, skipping scan
2026-07-17 16:44:12 | INFO     | __main__:run_bot - Keyboard interrupt received
2026-07-17 16:44:12 | INFO     | shortsqueeze.bot:stop - Stopping Short Squeeze Trading Bot...
2026-07-17 16:44:12 | INFO     | shortsqueeze.bot:stop - Bot stopped.
2026-07-19 12:54:53 | INFO     | shortsqueeze.signals:__init__ - Finnhub volume data fallback enabled
2026-07-19 12:54:53 | INFO     | shortsqueeze.bot:start - Starting Short Squeeze Trading Bot...
2026-07-19 12:54:54 | INFO     | shortsqueeze.bot:start - Connected to Alpaca - Equity: $10,168.09, Buying Power: $38,788.07
2026-07-19 12:54:54 | INFO     | shortsqueeze.bot:_refresh_watchlist - Refreshing watchlist...
2026-07-19 12:54:54 | INFO     | shortsqueeze.universe:refresh_watchlist - Refreshing watchlists from data sources...
2026-07-19 12:54:54 | INFO     | shortsqueeze.data:get_squeeze_candidates - Fetching from finvizfinance package...
2026-07-19 12:54:54 | INFO     | shortsqueeze.data:get_high_short_interest_stocks - Fetching high short interest stocks via finvizfinance...
2026-07-19 12:54:58 | INFO     | shortsqueeze.data:get_high_short_interest_stocks - finvizfinance found 75 high short interest stocks
2026-07-19 12:54:58 | INFO     | shortsqueeze.data:get_squeeze_candidates - finvizfinance found 75 candidates
2026-07-19 12:54:58 | INFO     | shortsqueeze.data:get_squeeze_candidates - Fetching from manual Finviz scraper...
2026-07-19 12:54:58 | INFO     | shortsqueeze.data:get_high_short_interest_stocks - Scraping Finviz for high short interest stocks...
2026-07-19 12:54:58 | DEBUG    | shortsqueeze.data:get_high_short_interest_stocks - Fetched page 1, status: 200
2026-07-19 12:54:58 | DEBUG    | shortsqueeze.data:get_high_short_interest_stocks - Found table with selector: {'class': 'screener_table'}
2026-07-19 12:54:58 | DEBUG    | shortsqueeze.data:get_high_short_interest_stocks - Page 1: Found 0 stocks
2026-07-19 12:54:58 | INFO     | shortsqueeze.data:get_high_short_interest_stocks - Found 0 stocks from Finviz with short float > 20%
2026-07-19 12:54:58 | INFO     | shortsqueeze.data:get_squeeze_candidates - Fetching from highshortinterest.com...
2026-07-19 12:54:58 | INFO     | shortsqueeze.data:get_high_short_interest_stocks - Scraping highshortinterest.com for high short interest stocks...
2026-07-19 12:54:59 | INFO     | shortsqueeze.data:get_high_short_interest_stocks - highshortinterest.com found 100 stocks
2026-07-19 12:54:59 | INFO     | shortsqueeze.data:get_squeeze_candidates - highshortinterest.com found 100 candidates
2026-07-19 12:54:59 | INFO     | shortsqueeze.data:get_squeeze_candidates - Fetching SEC Fail-to-Deliver data...
2026-07-19 12:54:59 | INFO     | shortsqueeze.data:get_high_ftd_stocks - Fetching SEC Fail-to-Deliver data...
2026-07-19 12:54:59 | DEBUG    | shortsqueeze.data:_download_latest_ftd - Trying SEC FTD file: cnsfails202607b.zip
2026-07-19 12:55:00 | DEBUG    | shortsqueeze.data:_download_latest_ftd - Trying SEC FTD file: cnsfails202607a.zip
2026-07-19 12:55:00 | DEBUG    | shortsqueeze.data:_download_latest_ftd - Trying SEC FTD file: cnsfails202606b.zip
2026-07-19 12:55:01 | INFO     | shortsqueeze.data:_download_latest_ftd - Downloaded SEC FTD file: cnsfails202606b.zip
2026-07-19 12:55:01 | INFO     | shortsqueeze.data:_parse_ftd_zip - Parsed 6679 FTD records from cnsfails202606b.txt
2026-07-19 12:55:01 | INFO     | shortsqueeze.data:get_high_ftd_stocks - SEC FTD data: 891 stocks with significant fail-to-deliver counts
2026-07-19 12:55:01 | INFO     | shortsqueeze.data:get_squeeze_candidates - SEC FTD data found 891 stocks with high fail-to-deliver counts
2026-07-19 12:55:01 | INFO     | shortsqueeze.data:get_squeeze_candidates - Combined 986 unique candidates from 3/4 sources
2026-07-19 12:55:04 | DEBUG    | shortsqueeze.data:get_stock_info - Error fetching stock info for AABCL: HTTP Error 404: 
2026-07-19 12:55:04 | DEBUG    | shortsqueeze.data:_verify_one - AABCL: No short float data from Yahoo or Finviz, dropping (unverified)
2026-07-19 12:55:04 | DEBUG    | shortsqueeze.data:get_stock_info - Error fetching stock info for AAESI: HTTP Error 404: 
2026-07-19 12:55:04 | DEBUG    | shortsqueeze.data:get_stock_info - Error fetching stock info for AASAN: HTTP Error 404: 
2026-07-19 12:55:04 | DEBUG    | shortsqueeze.data:get_stock_info - Error fetching stock info for AABSI: HTTP Error 404: 
2026-07-19 12:55:04 | DEBUG    | shortsqueeze.data:get_stock_info - Error fetching stock info for AABEO: HTTP Error 404: 
2026-07-19 12:55:04 | DEBUG    | shortsqueeze.data:_verify_one - AABSI: No short float data from Yahoo or Finviz, dropping (unverified)
2026-07-19 12:55:04 | DEBUG    | shortsqueeze.data:_verify_one - AASAN: No short float data from Yahoo or Finviz, dropping (unverified)
2026-07-19 12:55:04 | DEBUG    | shortsqueeze.data:_verify_one - AAESI: No short float data from Yahoo or Finviz, dropping (unverified)
2026-07-19 12:55:04 | DEBUG    | shortsqueeze.data:_verify_one - AABEO: No short float data from Yahoo or Finviz, dropping (unverified)
2026-07-19 12:55:04 | DEBUG    | shortsqueeze.data:get_stock_info - Error fetching stock info for AABR: HTTP Error 404: 
2026-07-19 12:55:04 | DEBUG    | shortsqueeze.data:_verify_one - AABR: No short float data from Yahoo or Finviz, dropping (unverified)
2026-07-19 12:55:04 | DEBUG    | shortsqueeze.data:_verify_one - AAI: No short float data from Yahoo or Finviz, dropping (unverified)
2026-07-19 12:55:04 | DEBUG    | shortsqueeze.data:_verify_one - AANNX: No short float data from Yahoo or Finviz, dropping (unverified)
2026-07-19 12:55:04 | DEBUG    | shortsqueeze.data:get_stock_info - Error fetching stock info for AASST: HTTP Error 404: 
2026-07-19 12:55:04 | DEBUG    | shortsqueeze.data:_verify_one - AASST: No short float data from Yahoo or Finviz, dropping (unverified)
2026-07-19 12:55:04 | DEBUG    | shortsqueeze.data:get_stock_info - Error fetching stock info for BBKKT: HTTP Error 404: 
2026-07-19 12:55:04 | DEBUG    | shortsqueeze.data:_verify_one - BBKKT: No short float data from Yahoo or Finviz, dropping (unverified)
2026-07-19 12:55:04 | DEBUG    | shortsqueeze.data:get_stock_info - Error fetching stock info for AAVTX: HTTP Error 404: 
2026-07-19 12:55:04 | DEBUG    | shortsqueeze.data:_verify_one - AAVTX: No short float data from Yahoo or Finviz, dropping (unverified)
2026-07-19 12:55:04 | DEBUG    | shortsqueeze.data:get_stock_info - Error fetching stock info for CCADL: HTTP Error 404: 
2026-07-19 12:55:04 | DEBUG    | shortsqueeze.data:_verify_one - CCADL: No short float data from Yahoo or Finviz, dropping (unverified)
2026-07-19 12:55:04 | DEBUG    | shortsqueeze.data:get_stock_info - Error fetching stock info for CCAPR: HTTP Error 404: 
2026-07-19 12:55:04 | DEBUG    | shortsqueeze.data:_verify_one - CCAPR: No short float data from Yahoo or Finviz, dropping (unverified)
2026-07-19 12:55:04 | DEBUG    | shortsqueeze.data:get_stock_info - Error fetching stock info for BBKSY: HTTP Error 404: 
2026-07-19 12:55:04 | DEBUG    | shortsqueeze.data:_verify_one - BBKSY: No short float data from Yahoo or Finviz, dropping (unverified)
2026-07-19 12:55:07 | DEBUG    | shortsqueeze.data:get_stock_info - Error fetching stock info for CCRML: HTTP Error 404: 
2026-07-19 12:55:07 | DEBUG    | shortsqueeze.data:_verify_one - CCRML: No short float data from Yahoo or Finviz, dropping (unverified)
2026-07-19 12:55:07 | DEBUG    | shortsqueeze.data:get_stock_info - Error fetching stock info for CCNXC: HTTP Error 404: 
2026-07-19 12:55:07 | DEBUG    | shortsqueeze.data:_verify_one - CCNXC: No short float data from Yahoo or Finviz, dropping (unverified)
2026-07-19 12:55:07 | DEBUG    | shortsqueeze.data:get_stock_info - Error fetching stock info for CCRMD: HTTP Error 404: 
2026-07-19 12:55:07 | DEBUG    | shortsqueeze.data:_verify_one - CCRMD: No short float data from Yahoo or Finviz, dropping (unverified)
2026-07-19 12:55:07 | DEBUG    | shortsqueeze.data:get_stock_info - Error fetching stock info for CCRSR: HTTP Error 404: 
2026-07-19 12:55:07 | DEBUG    | shortsqueeze.data:_verify_one - CCRSR: No short float data from Yahoo or Finviz, dropping (unverified)
2026-07-19 12:55:07 | DEBUG    | shortsqueeze.data:get_stock_info - Error fetching stock info for CCGEM: HTTP Error 404: 
2026-07-19 12:55:07 | DEBUG    | shortsqueeze.data:_verify_one - CCGEM: No short float data from Yahoo or Finviz, dropping (unverified)
2026-07-19 12:55:07 | DEBUG    | shortsqueeze.data:get_stock_info - Error fetching stock info for CCERT: HTTP Error 404: 
2026-07-19 12:55:07 | DEBUG    | shortsqueeze.data:_verify_one - CCERT: No short float data from Yahoo or Finviz, dropping (unverified)
2026-07-19 12:55:07 | DEBUG    | shortsqueeze.data:get_stock_info - Error fetching stock info for CCBRL: HTTP Error 404: 
2026-07-19 12:55:07 | DEBUG    | shortsqueeze.data:_verify_one - CCBRL: No short float data from Yahoo or Finviz, dropping (unverified)
2026-07-19 12:55:07 | DEBUG    | shortsqueeze.data:get_stock_info - Error fetching stock info for CCRVS: HTTP Error 404: 
2026-07-19 12:55:07 | DEBUG    | shortsqueeze.data:_verify_one - CCRVS: No short float data from Yahoo or Finviz, dropping (unverified)
2026-07-19 12:55:08 | DEBUG    | shortsqueeze.data:get_stock_info - Error fetching stock info for DDXC: HTTP Error 404: 
2026-07-19 12:55:08 | DEBUG    | shortsqueeze.data:_verify_one - DDXC: No short float data from Yahoo or Finviz, dropping (unverified)
2026-07-19 12:55:08 | DEBUG    | shortsqueeze.data:get_stock_info - Error fetching stock info for CCSIQ: HTTP Error 404: 
2026-07-19 12:55:08 | DEBUG    | shortsqueeze.data:_verify_one - CCSIQ: No short float data from Yahoo or Finviz, dropping (unverified)
2026-07-19 12:55:08 | DEBUG    | shortsqueeze.data:get_stock_info - Error fetching stock info for GGLOB: HTTP Error 404: 
2026-07-19 12:55:08 | DEBUG    | shortsqueeze.data:_verify_one - GGLOB: No short float data from Yahoo or Finviz, dropping (unverified)
2026-07-19 12:55:08 | DEBUG    | shortsqueeze.data:get_stock_info - Error fetching stock info for FFMC: HTTP Error 404: 
2026-07-19 12:55:08 | DEBUG    | shortsqueeze.data:_verify_one - FFMC: No short float data from Yahoo or Finviz, dropping (unverified)
2026-07-19 12:55:08 | DEBUG    | shortsqueeze.data:get_stock_info - Error fetching stock info for FFUBO: HTTP Error 404: 
2026-07-19 12:55:08 | DEBUG    | shortsqueeze.data:_verify_one - FFUBO: No short float data from Yahoo or Finviz, dropping (unverified)
2026-07-19 12:55:08 | DEBUG    | shortsqueeze.data:get_stock_info - Error fetching stock info for EEYE: HTTP Error 404: 
2026-07-19 12:55:08 | DEBUG    | shortsqueeze.data:_verify_one - EEYE: No short float data from Yahoo or Finviz, dropping (unverified)
2026-07-19 12:55:09 | DEBUG    | shortsqueeze.data:_verify_one - GGO: No short float data from Yahoo or Finviz, dropping (unverified)
2026-07-19 12:55:09 | DEBUG    | shortsqueeze.data:_verify_one - FFLO: No short float data from Yahoo or Finviz, dropping (unverified)
2026-07-19 12:55:12 | DEBUG    | shortsqueeze.data:get_stock_info - Error fetching stock info for HHYMC: HTTP Error 401: 
2026-07-19 12:55:12 | DEBUG    | shortsqueeze.data:get_stock_info - Error fetching stock info for GGRPN: HTTP Error 404: 
2026-07-19 12:55:12 | DEBUG    | shortsqueeze.data:_verify_one - HHYMC: No short float data from Yahoo or Finviz, dropping (unverified)
2026-07-19 12:55:12 | DEBUG    | shortsqueeze.data:_verify_one - GGRPN: No short float data from Yahoo or Finviz, dropping (unverified)
2026-07-19 12:55:12 | DEBUG    | shortsqueeze.data:get_stock_info - Error fetching stock info for KKSS: HTTP Error 404: 
2026-07-19 12:55:12 | DEBUG    | shortsqueeze.data:_verify_one - KKSS: No short float data from Yahoo or Finviz, dropping (unverified)
2026-07-19 12:55:12 | DEBUG    | shortsqueeze.data:get_stock_info - Error fetching stock info for MMETC: HTTP Error 404: 
2026-07-19 12:55:12 | DEBUG    | shortsqueeze.data:_verify_one - MMETC: No short float data from Yahoo or Finviz, dropping (unverified)
2026-07-19 12:55:12 | DEBUG    | shortsqueeze.data:get_stock_info - Error fetching stock info for MMNRO: HTTP Error 404: 
2026-07-19 12:55:12 | DEBUG    | shortsqueeze.data:_verify_one - MMNRO: No short float data from Yahoo or Finviz, dropping (unverified)
2026-07-19 12:55:12 | DEBUG    | shortsqueeze.data:get_stock_info - Error fetching stock info for MMUX: HTTP Error 404: 
2026-07-19 12:55:12 | DEBUG    | shortsqueeze.data:_verify_one - MMUX: No short float data from Yahoo or Finviz, dropping (unverified)
2026-07-19 12:55:14 | DEBUG    | shortsqueeze.data:get_stock_info - Error fetching stock info for NNNE: HTTP Error 404: 
2026-07-19 12:55:14 | DEBUG    | shortsqueeze.data:_verify_one - NNNE: No short float data from Yahoo or Finviz, dropping (unverified)
2026-07-19 12:55:14 | DEBUG    | shortsqueeze.data:get_stock_info - Error fetching stock info for NNVAX: HTTP Error 404: 
2026-07-19 12:55:14 | DEBUG    | shortsqueeze.data:_verify_one - NNVAX: No short float data from Yahoo or Finviz, dropping (unverified)
2026-07-19 12:55:14 | DEBUG    | shortsqueeze.data:get_stock_info - Error fetching stock info for OODD: HTTP Error 404: 
2026-07-19 12:55:14 | DEBUG    | shortsqueeze.data:_verify_one - OODD: No short float data from Yahoo or Finviz, dropping (unverified)
2026-07-19 12:55:14 | DEBUG    | shortsqueeze.data:get_stock_info - Error fetching stock info for OOMDA: HTTP Error 404: 
2026-07-19 12:55:14 | DEBUG    | shortsqueeze.data:_verify_one - OOMDA: No short float data from Yahoo or Finviz, dropping (unverified)
2026-07-19 12:55:14 | DEBUG    | shortsqueeze.data:get_stock_info - Error fetching stock info for OOMER: HTTP Error 404: 
2026-07-19 12:55:14 | DEBUG    | shortsqueeze.data:_verify_one - OOMER: No short float data from Yahoo or Finviz, dropping (unverified)
2026-07-19 12:55:14 | DEBUG    | shortsqueeze.data:get_stock_info - Error fetching stock info for NNTLA: HTTP Error 404: 
2026-07-19 12:55:14 | DEBUG    | shortsqueeze.data:_verify_one - NNTLA: No short float data from Yahoo or Finviz, dropping (unverified)
2026-07-19 12:55:14 | DEBUG    | shortsqueeze.data:get_stock_info - Error fetching stock info for OORIC: HTTP Error 404: 
2026-07-19 12:55:14 | DEBUG    | shortsqueeze.data:_verify_one - OORIC: No short float data from Yahoo or Finviz, dropping (unverified)
2026-07-19 12:55:14 | DEBUG    | shortsqueeze.data:_verify_one - NNN: No short float data from Yahoo or Finviz, dropping (unverified)
2026-07-19 12:55:16 | DEBUG    | shortsqueeze.data:get_stock_info - Error fetching stock info for PPHAT: HTTP Error 404: 
2026-07-19 12:55:16 | DEBUG    | shortsqueeze.data:get_stock_info - Error fetching stock info for RRCAT: HTTP Error 404: 
2026-07-19 12:55:16 | DEBUG    | shortsqueeze.data:get_stock_info - Error fetching stock info for QQUBT: HTTP Error 404: 
2026-07-19 12:55:16 | DEBUG    | shortsqueeze.data:get_stock_info - Error fetching stock info for PPCT: HTTP Error 404: 
2026-07-19 12:55:16 | DEBUG    | shortsqueeze.data:_verify_one - PPHAT: No short float data from Yahoo or Finviz, dropping (unverified)
2026-07-19 12:55:16 | DEBUG    | shortsqueeze.data:_verify_one - RRCAT: No short float data from Yahoo or Finviz, dropping (unverified)
2026-07-19 12:55:16 | DEBUG    | shortsqueeze.data:_verify_one - QQUBT: No short float data from Yahoo or Finviz, dropping (unverified)
2026-07-19 12:55:16 | DEBUG    | shortsqueeze.data:get_stock_info - Error fetching stock info for PPAR: HTTP Error 404: 
2026-07-19 12:55:16 | DEBUG    | shortsqueeze.data:_verify_one - PPCT: No short float data from Yahoo or Finviz, dropping (unverified)
2026-07-19 12:55:16 | DEBUG    | shortsqueeze.data:get_stock_info - Error fetching stock info for PPLAY: HTTP Error 404: 
2026-07-19 12:55:16 | DEBUG    | shortsqueeze.data:get_stock_info - Error fetching stock info for PPOET: HTTP Error 404: 
2026-07-19 12:55:16 | DEBUG    | shortsqueeze.data:_verify_one - PPAR: No short float data from Yahoo or Finviz, dropping (unverified)
2026-07-19 12:55:16 | DEBUG    | shortsqueeze.data:_verify_one - PPLAY: No short float data from Yahoo or Finviz, dropping (unverified)
2026-07-19 12:55:16 | DEBUG    | shortsqueeze.data:_verify_one - PPOET: No short float data from Yahoo or Finviz, dropping (unverified)
2026-07-19 12:55:17 | DEBUG    | shortsqueeze.data:get_stock_info - Error fetching stock info for RREPL: HTTP Error 404: 
2026-07-19 12:55:17 | DEBUG    | shortsqueeze.data:_verify_one - RREPL: No short float data from Yahoo or Finviz, dropping (unverified)
2026-07-19 12:55:17 | DEBUG    | shortsqueeze.data:get_stock_info - Error fetching stock info for SSBH: HTTP Error 404: 
2026-07-19 12:55:17 | DEBUG    | shortsqueeze.data:_verify_one - SSBH: No short float data from Yahoo or Finviz, dropping (unverified)
2026-07-19 12:55:17 | DEBUG    | shortsqueeze.data:get_stock_info - Error fetching stock info for RRGNX: HTTP Error 404: 
2026-07-19 12:55:17 | DEBUG    | shortsqueeze.data:_verify_one - RRGNX: No short float data from Yahoo or Finviz, dropping (unverified)
2026-07-19 12:55:20 | DEBUG    | shortsqueeze.data:get_stock_info - Error fetching stock info for SSVRA: HTTP Error 404: 
2026-07-19 12:55:20 | DEBUG    | shortsqueeze.data:_verify_one - SSVRA: No short float data from Yahoo or Finviz, dropping (unverified)
2026-07-19 12:55:20 | DEBUG    | shortsqueeze.data:get_stock_info - Error fetching stock info for SSRPT: HTTP Error 404: 
2026-07-19 12:55:20 | DEBUG    | shortsqueeze.data:_verify_one - SSRPT: No short float data from Yahoo or Finviz, dropping (unverified)
2026-07-19 12:55:20 | DEBUG    | shortsqueeze.data:get_stock_info - Error fetching stock info for SSPRY: HTTP Error 404: 
2026-07-19 12:55:20 | DEBUG    | shortsqueeze.data:get_stock_info - Error fetching stock info for SSLDB: HTTP Error 404: 
2026-07-19 12:55:20 | DEBUG    | shortsqueeze.data:_verify_one - SSLDB: No short float data from Yahoo or Finviz, dropping (unverified)
2026-07-19 12:55:20 | DEBUG    | shortsqueeze.data:_verify_one - SSPRY: No short float data from Yahoo or Finviz, dropping (unverified)
2026-07-19 12:55:20 | DEBUG    | shortsqueeze.data:get_stock_info - Error fetching stock info for SSERV: HTTP Error 404: 
2026-07-19 12:55:20 | DEBUG    | shortsqueeze.data:_verify_one - SSERV: No short float data from Yahoo or Finviz, dropping (unverified)
2026-07-19 12:55:20 | DEBUG    | shortsqueeze.data:_verify_one - SSG: No short float data from Yahoo or Finviz, dropping (unverified)
2026-07-19 12:55:20 | DEBUG    | shortsqueeze.data:get_stock_info - Error fetching stock info for TTNDM: HTTP Error 404: 
2026-07-19 12:55:20 | DEBUG    | shortsqueeze.data:_verify_one - TTNDM: No short float data from Yahoo or Finviz, dropping (unverified)
2026-07-19 12:55:20 | DEBUG    | shortsqueeze.data:get_stock_info - Error fetching stock info for TTRIP: HTTP Error 404: 
2026-07-19 12:55:20 | DEBUG    | shortsqueeze.data:_verify_one - TTRIP: No short float data from Yahoo or Finviz, dropping (unverified)
2026-07-19 12:55:21 | DEBUG    | shortsqueeze.data:get_stock_info - Error fetching stock info for UUPWK: HTTP Error 404: 
2026-07-19 12:55:21 | DEBUG    | shortsqueeze.data:_verify_one - UUPWK: No short float data from Yahoo or Finviz, dropping (unverified)
2026-07-19 12:55:21 | DEBUG    | shortsqueeze.data:get_stock_info - Error fetching stock info for UULCC: HTTP Error 404: 
2026-07-19 12:55:21 | DEBUG    | shortsqueeze.data:_verify_one - UULCC: No short float data from Yahoo or Finviz, dropping (unverified)
2026-07-19 12:55:21 | DEBUG    | shortsqueeze.data:get_stock_info - Error fetching stock info for TTROX: HTTP Error 404: 
2026-07-19 12:55:21 | DEBUG    | shortsqueeze.data:_verify_one - TTROX: No short float data from Yahoo or Finviz, dropping (unverified)
2026-07-19 12:55:21 | DEBUG    | shortsqueeze.data:get_stock_info - Error fetching stock info for UUAMY: HTTP Error 404: 
2026-07-19 12:55:21 | DEBUG    | shortsqueeze.data:_verify_one - UUAMY: No short float data from Yahoo or Finviz, dropping (unverified)
2026-07-19 12:55:21 | DEBUG    | shortsqueeze.data:_verify_one - TTE: No short float data from Yahoo or Finviz, dropping (unverified)
2026-07-19 12:55:21 | DEBUG    | shortsqueeze.data:get_stock_info - Error fetching stock info for VVELO: HTTP Error 404: 
2026-07-19 12:55:21 | DEBUG    | shortsqueeze.data:_verify_one - VVELO: No short float data from Yahoo or Finviz, dropping (unverified)
2026-07-19 12:55:21 | DEBUG    | shortsqueeze.data:get_stock_info - Error fetching stock info for VVITL: HTTP Error 404: 
2026-07-19 12:55:21 | DEBUG    | shortsqueeze.data:_verify_one - VVITL: No short float data from Yahoo or Finviz, dropping (unverified)
2026-07-19 12:55:25 | DEBUG    | shortsqueeze.data:get_stock_info - Error fetching stock info for WWGS: HTTP Error 404: 
2026-07-19 12:55:25 | DEBUG    | shortsqueeze.data:_verify_one - WWGS: No short float data from Yahoo or Finviz, dropping (unverified)
2026-07-19 12:55:25 | DEBUG    | shortsqueeze.data:get_stock_info - Error fetching stock info for VVSTM: HTTP Error 404: 
2026-07-19 12:55:25 | DEBUG    | shortsqueeze.data:_verify_one - VVSTM: No short float data from Yahoo or Finviz, dropping (unverified)
2026-07-19 12:55:25 | DEBUG    | shortsqueeze.data:get_stock_info - Error fetching stock info for WWYFI: HTTP Error 404: 
2026-07-19 12:55:25 | DEBUG    | shortsqueeze.data:_verify_one - WWYFI: No short float data from Yahoo or Finviz, dropping (unverified)
2026-07-19 12:55:25 | DEBUG    | shortsqueeze.data:get_stock_info - Error fetching stock info for VVOYG: HTTP Error 404: 
2026-07-19 12:55:25 | DEBUG    | shortsqueeze.data:_verify_one - VVOYG: No short float data from Yahoo or Finviz, dropping (unverified)
2026-07-19 12:55:25 | DEBUG    | shortsqueeze.data:get_stock_info - Error fetching stock info for WWOLF: HTTP Error 404: 
2026-07-19 12:55:25 | DEBUG    | shortsqueeze.data:_verify_one - WWOLF: No short float data from Yahoo or Finviz, dropping (unverified)
2026-07-19 12:55:25 | DEBUG    | shortsqueeze.data:_verify_one - WWEN: No short float data from Yahoo or Finviz, dropping (unverified)
2026-07-19 12:55:27 | DEBUG    | shortsqueeze.data:_verify_one - GOOG: No short float data from Yahoo or Finviz, dropping (unverified)
2026-07-19 12:55:27 | DEBUG    | shortsqueeze.data:_verify_one - GOOGL: No short float data from Yahoo or Finviz, dropping (unverified)
2026-07-19 12:55:27 | DEBUG    | shortsqueeze.data:_verify_one - AMD: No short float data from Yahoo or Finviz, dropping (unverified)
2026-07-19 12:55:27 | DEBUG    | shortsqueeze.data:_verify_one - AEP: No short float data from Yahoo or Finviz, dropping (unverified)
2026-07-19 12:55:27 | DEBUG    | shortsqueeze.data:_verify_one - IONZ: No short float data from Yahoo or Finviz, dropping (unverified)
2026-07-19 12:55:27 | DEBUG    | shortsqueeze.data:_verify_one - CCL: No short float data from Yahoo or Finviz, dropping (unverified)
2026-07-19 12:55:27 | DEBUG    | shortsqueeze.data:_verify_one - MSTU: No short float data from Yahoo or Finviz, dropping (unverified)
2026-07-19 12:55:27 | DEBUG    | shortsqueeze.data:_verify_one - SRXH: No short float data from Yahoo or Finviz, dropping (unverified)
2026-07-19 12:55:27 | DEBUG    | shortsqueeze.data:_verify_one - RWAX: No short float data from Yahoo or Finviz, dropping (unverified)
2026-07-19 12:55:27 | DEBUG    | shortsqueeze.data:_verify_one - RECS: No short float data from Yahoo or Finviz, dropping (unverified)
2026-07-19 12:55:27 | DEBUG    | shortsqueeze.data:_verify_one - RZLV: No short float data from Yahoo or Finviz, dropping (unverified)
2026-07-19 12:55:27 | DEBUG    | shortsqueeze.data:_verify_one - SPCH: No short float data from Yahoo or Finviz, dropping (unverified)
2026-07-19 12:55:27 | DEBUG    | shortsqueeze.data:_verify_one - NCRA: No short float data from Yahoo or Finviz, dropping (unverified)
2026-07-19 12:55:27 | DEBUG    | shortsqueeze.data:_verify_one - RAM: No short float data from Yahoo or Finviz, dropping (unverified)
2026-07-19 12:55:27 | DEBUG    | shortsqueeze.data:_verify_one - RGTZ: No short float data from Yahoo or Finviz, dropping (unverified)
2026-07-19 12:55:27 | DEBUG    | shortsqueeze.data:_verify_one - QTEX: No short float data from Yahoo or Finviz, dropping (unverified)
2026-07-19 12:55:27 | DEBUG    | shortsqueeze.data:_verify_one - BMNU: No short float data from Yahoo or Finviz, dropping (unverified)
2026-07-19 12:55:27 | DEBUG    | shortsqueeze.data:_verify_one - GETY: No short float data from Yahoo or Finviz, dropping (unverified)
2026-07-19 12:55:27 | DEBUG    | shortsqueeze.data:_verify_one - SNDQ: No short float data from Yahoo or Finviz, dropping (unverified)
2026-07-19 12:55:27 | DEBUG    | shortsqueeze.data:_verify_one - CYDY: No short float data from Yahoo or Finviz, dropping (unverified)
2026-07-19 12:55:27 | DEBUG    | shortsqueeze.data:_verify_one - NXXT: No short float data from Yahoo or Finviz, dropping (unverified)
2026-07-19 12:55:27 | DEBUG    | shortsqueeze.data:_verify_one - COSM: No short float data from Yahoo or Finviz, dropping (unverified)
2026-07-19 12:55:27 | DEBUG    | shortsqueeze.data:_verify_one - MSTX: No short float data from Yahoo or Finviz, dropping (unverified)
2026-07-19 12:55:27 | DEBUG    | shortsqueeze.data:_verify_one - SSPC: No short float data from Yahoo or Finviz, dropping (unverified)
2026-07-19 12:55:27 | DEBUG    | shortsqueeze.data:_verify_one - XLK: No short float data from Yahoo or Finviz, dropping (unverified)
2026-07-19 12:55:27 | DEBUG    | shortsqueeze.data:_verify_one - HL: No short float data from Yahoo or Finviz, dropping (unverified)
2026-07-19 12:55:27 | DEBUG    | shortsqueeze.data:_verify_one - MSTZ: No short float data from Yahoo or Finviz, dropping (unverified)
2026-07-19 12:55:28 | DEBUG    | shortsqueeze.data:_verify_one - QBTZ: No short float data from Yahoo or Finviz, dropping (unverified)
2026-07-19 12:55:28 | DEBUG    | shortsqueeze.data:_verify_one - SAFX: No short float data from Yahoo or Finviz, dropping (unverified)
2026-07-19 12:55:28 | DEBUG    | shortsqueeze.data:_verify_one - WIT: No short float data from Yahoo or Finviz, dropping (unverified)
2026-07-19 12:55:28 | DEBUG    | shortsqueeze.data:_verify_one - PFF: No short float data from Yahoo or Finviz, dropping (unverified)
2026-07-19 12:55:28 | DEBUG    | shortsqueeze.data:_verify_one - BURU: No short float data from Yahoo or Finviz, dropping (unverified)
2026-07-19 12:55:28 | DEBUG    | shortsqueeze.data:_verify_one - SPDN: No short float data from Yahoo or Finviz, dropping (unverified)
2026-07-19 12:55:28 | DEBUG    | shortsqueeze.data:_verify_one - LAES: No short float data from Yahoo or Finviz, dropping (unverified)
2026-07-19 12:55:28 | DEBUG    | shortsqueeze.data:_verify_one - AZTR: No short float data from Yahoo or Finviz, dropping (unverified)
2026-07-19 12:55:28 | DEBUG    | shortsqueeze.data:_verify_one - ASTN: No short float data from Yahoo or Finviz, dropping (unverified)
2026-07-19 12:55:28 | DEBUG    | shortsqueeze.data:_verify_one - RCT: No short float data from Yahoo or Finviz, dropping (unverified)
2026-07-19 12:55:28 | DEBUG    | shortsqueeze.data:_verify_one - VWO: No short float data from Yahoo or Finviz, dropping (unverified)
2026-07-19 12:55:28 | DEBUG    | shortsqueeze.data:_verify_one - NOWL: No short float data from Yahoo or Finviz, dropping (unverified)
2026-07-19 12:55:28 | DEBUG    | shortsqueeze.data:_verify_one - ALGM: No short float data from Yahoo or Finviz, dropping (unverified)
2026-07-19 12:55:28 | DEBUG    | shortsqueeze.data:_verify_one - ACHR: No short float data from Yahoo or Finviz, dropping (unverified)
2026-07-19 12:55:28 | DEBUG    | shortsqueeze.data:_verify_one - HXGBY: No short float data from Yahoo or Finviz, dropping (unverified)
2026-07-19 12:55:28 | DEBUG    | shortsqueeze.data:_verify_one - TZA: No short float data from Yahoo or Finviz, dropping (unverified)
2026-07-19 12:55:28 | DEBUG    | shortsqueeze.data:_verify_one - SNXX: No short float data from Yahoo or Finviz, dropping (unverified)
2026-07-19 12:55:28 | DEBUG    | shortsqueeze.data:_verify_one - SPWR: No short float data from Yahoo or Finviz, dropping (unverified)
2026-07-19 12:55:28 | DEBUG    | shortsqueeze.data:_verify_one - STLA: No short float data from Yahoo or Finviz, dropping (unverified)
2026-07-19 12:55:28 | DEBUG    | shortsqueeze.data:_verify_one - VXUS: No short float data from Yahoo or Finviz, dropping (unverified)
2026-07-19 12:55:28 | DEBUG    | shortsqueeze.data:_verify_one - RKLZ: No short float data from Yahoo or Finviz, dropping (unverified)
2026-07-19 12:55:28 | DEBUG    | shortsqueeze.data:_verify_one - INFQ: No short float data from Yahoo or Finviz, dropping (unverified)
2026-07-19 12:55:28 | DEBUG    | shortsqueeze.data:_verify_one - STEK: No short float data from Yahoo or Finviz, dropping (unverified)
2026-07-19 12:55:28 | DEBUG    | shortsqueeze.data:_verify_one - IRE: No short float data from Yahoo or Finviz, dropping (unverified)
2026-07-19 12:55:28 | DEBUG    | shortsqueeze.data:_verify_one - CGAC: No short float data from Yahoo or Finviz, dropping (unverified)
2026-07-19 12:55:28 | DEBUG    | shortsqueeze.data:_verify_one - SPY: No short float data from Yahoo or Finviz, dropping (unverified)
2026-07-19 12:55:28 | DEBUG    | shortsqueeze.data:_verify_one - FENI: No short float data from Yahoo or Finviz, dropping (unverified)
2026-07-19 12:55:28 | DEBUG    | shortsqueeze.data:_verify_one - SMH: No short float data from Yahoo or Finviz, dropping (unverified)
2026-07-19 12:55:29 | DEBUG    | shortsqueeze.data:_verify_one - PFE: No short float data from Yahoo or Finviz, dropping (unverified)
2026-07-19 12:55:29 | DEBUG    | shortsqueeze.data:_verify_one - DTCR: No short float data from Yahoo or Finviz, dropping (unverified)
2026-07-19 12:55:29 | DEBUG    | shortsqueeze.data:_verify_one - IWM: No short float data from Yahoo or Finviz, dropping (unverified)
2026-07-19 12:55:29 | DEBUG    | shortsqueeze.data:_verify_one - ATAI: No short float data from Yahoo or Finviz, dropping (unverified)
2026-07-19 12:55:29 | DEBUG    | shortsqueeze.data:_verify_one - KEEL: No short float data from Yahoo or Finviz, dropping (unverified)
2026-07-19 12:55:29 | DEBUG    | shortsqueeze.data:_verify_one - RGBP: No short float data from Yahoo or Finviz, dropping (unverified)
2026-07-19 12:55:29 | DEBUG    | shortsqueeze.data:_verify_one - OKLL: No short float data from Yahoo or Finviz, dropping (unverified)
2026-07-19 12:55:29 | DEBUG    | shortsqueeze.data:_verify_one - FTGC: No short float data from Yahoo or Finviz, dropping (unverified)
2026-07-19 12:55:29 | DEBUG    | shortsqueeze.data:_verify_one - CHKMF: No short float data from Yahoo or Finviz, dropping (unverified)
2026-07-19 12:55:29 | DEBUG    | shortsqueeze.data:_verify_one - CTM: No short float data from Yahoo or Finviz, dropping (unverified)
2026-07-19 12:55:29 | DEBUG    | shortsqueeze.data:_verify_one - SMCX: No short float data from Yahoo or Finviz, dropping (unverified)
2026-07-19 12:55:29 | DEBUG    | shortsqueeze.data:_verify_one - NVD: No short float data from Yahoo or Finviz, dropping (unverified)
2026-07-19 12:55:29 | DEBUG    | shortsqueeze.data:_verify_one - CAST: No short float data from Yahoo or Finviz, dropping (unverified)
2026-07-19 12:55:29 | DEBUG    | shortsqueeze.data:_verify_one - QQQ: No short float data from Yahoo or Finviz, dropping (unverified)
2026-07-19 12:55:29 | DEBUG    | shortsqueeze.data:_verify_one - INND: No short float data from Yahoo or Finviz, dropping (unverified)
2026-07-19 12:55:29 | DEBUG    | shortsqueeze.data:_verify_one - KDK: No short float data from Yahoo or Finviz, dropping (unverified)
2026-07-19 12:55:29 | DEBUG    | shortsqueeze.data:_verify_one - SES: No short float data from Yahoo or Finviz, dropping (unverified)
2026-07-19 12:55:29 | DEBUG    | shortsqueeze.data:_verify_one - YMT: No short float data from Yahoo or Finviz, dropping (unverified)
2026-07-19 12:55:29 | DEBUG    | shortsqueeze.data:_verify_one - SOXS: No short float data from Yahoo or Finviz, dropping (unverified)
2026-07-19 12:55:29 | DEBUG    | shortsqueeze.data:_verify_one - NTSK: No short float data from Yahoo or Finviz, dropping (unverified)
2026-07-19 12:55:29 | DEBUG    | shortsqueeze.data:_verify_one - SMCZ: No short float data from Yahoo or Finviz, dropping (unverified)
2026-07-19 12:55:29 | DEBUG    | shortsqueeze.data:_verify_one - DVLT: No short float data from Yahoo or Finviz, dropping (unverified)
2026-07-19 12:55:29 | DEBUG    | shortsqueeze.data:_verify_one - GOCOQ: No short float data from Yahoo or Finviz, dropping (unverified)
2026-07-19 12:55:29 | DEBUG    | shortsqueeze.data:_verify_one - KRE: No short float data from Yahoo or Finviz, dropping (unverified)
2026-07-19 12:55:29 | DEBUG    | shortsqueeze.data:_verify_one - SPCQ: No short float data from Yahoo or Finviz, dropping (unverified)
2026-07-19 12:55:29 | DEBUG    | shortsqueeze.data:_verify_one - XLE: No short float data from Yahoo or Finviz, dropping (unverified)
2026-07-19 12:55:29 | DEBUG    | shortsqueeze.data:_verify_one - ARKK: No short float data from Yahoo or Finviz, dropping (unverified)
2026-07-19 12:55:29 | DEBUG    | shortsqueeze.data:_verify_one - MNTS: No short float data from Yahoo or Finviz, dropping (unverified)
2026-07-19 12:55:29 | DEBUG    | shortsqueeze.data:_verify_one - UMAV: No short float data from Yahoo or Finviz, dropping (unverified)
2026-07-19 12:55:29 | DEBUG    | shortsqueeze.data:_verify_one - CGC: No short float data from Yahoo or Finviz, dropping (unverified)
2026-07-19 12:55:30 | DEBUG    | shortsqueeze.data:_verify_one - CXAI: No short float data from Yahoo or Finviz, dropping (unverified)
2026-07-19 12:55:30 | DEBUG    | shortsqueeze.data:_verify_one - SPCU: No short float data from Yahoo or Finviz, dropping (unverified)
2026-07-19 12:55:30 | DEBUG    | shortsqueeze.data:_verify_one - URG: No short float data from Yahoo or Finviz, dropping (unverified)
2026-07-19 12:55:30 | DEBUG    | shortsqueeze.data:_verify_one - CBRG: No short float data from Yahoo or Finviz, dropping (unverified)
2026-07-19 12:55:30 | DEBUG    | shortsqueeze.data:_verify_one - HYG: No short float data from Yahoo or Finviz, dropping (unverified)
2026-07-19 12:55:30 | DEBUG    | shortsqueeze.data:_verify_one - SLV: No short float data from Yahoo or Finviz, dropping (unverified)
2026-07-19 12:55:30 | DEBUG    | shortsqueeze.data:_verify_one - TRAW: No short float data from Yahoo or Finviz, dropping (unverified)
2026-07-19 12:55:30 | DEBUG    | shortsqueeze.data:_verify_one - SCAG: No short float data from Yahoo or Finviz, dropping (unverified)
2026-07-19 12:55:30 | DEBUG    | shortsqueeze.data:_verify_one - SPCX: No short float data from Yahoo or Finviz, dropping (unverified)
2026-07-19 12:55:30 | DEBUG    | shortsqueeze.data:_verify_one - AVXL: No short float data from Yahoo or Finviz, dropping (unverified)
2026-07-19 12:55:30 | DEBUG    | shortsqueeze.data:_verify_one - XLF: No short float data from Yahoo or Finviz, dropping (unverified)
2026-07-19 12:55:30 | DEBUG    | shortsqueeze.data:_verify_one - SPAL: No short float data from Yahoo or Finviz, dropping (unverified)
2026-07-19 12:55:30 | DEBUG    | shortsqueeze.data:_verify_one - SBET: No short float data from Yahoo or Finviz, dropping (unverified)
2026-07-19 12:55:30 | DEBUG    | shortsqueeze.data:_verify_one - AVAT: No short float data from Yahoo or Finviz, dropping (unverified)
2026-07-19 12:55:30 | DEBUG    | shortsqueeze.data:_verify_one - AZI: No short float data from Yahoo or Finviz, dropping (unverified)
2026-07-19 12:55:30 | DEBUG    | shortsqueeze.data:_verify_one - FFAI: No short float data from Yahoo or Finviz, dropping (unverified)
2026-07-19 12:55:30 | DEBUG    | shortsqueeze.data:_verify_one - AGNC: No short float data from Yahoo or Finviz, dropping (unverified)
2026-07-19 12:55:30 | DEBUG    | shortsqueeze.data:_verify_one - XLP: No short float data from Yahoo or Finviz, dropping (unverified)
2026-07-19 12:55:30 | DEBUG    | shortsqueeze.data:_verify_one - UVIX: No short float data from Yahoo or Finviz, dropping (unverified)
2026-07-19 12:55:30 | DEBUG    | shortsqueeze.data:_verify_one - BFLX: No short float data from Yahoo or Finviz, dropping (unverified)
2026-07-19 12:55:30 | DEBUG    | shortsqueeze.data:_verify_one - HIVE: No short float data from Yahoo or Finviz, dropping (unverified)
2026-07-19 12:55:30 | DEBUG    | shortsqueeze.data:_verify_one - OBAI: No short float data from Yahoo or Finviz, dropping (unverified)
2026-07-19 12:55:30 | DEBUG    | shortsqueeze.data:_verify_one - WKSP: No short float data from Yahoo or Finviz, dropping (unverified)
2026-07-19 12:55:30 | DEBUG    | shortsqueeze.data:_verify_one - BULZ: No short float data from Yahoo or Finviz, dropping (unverified)
2026-07-19 12:55:30 | DEBUG    | shortsqueeze.data:_verify_one - ASTX: No short float data from Yahoo or Finviz, dropping (unverified)
2026-07-19 12:55:30 | DEBUG    | shortsqueeze.data:_verify_one - ERIC: No short float data from Yahoo or Finviz, dropping (unverified)
2026-07-19 12:55:30 | DEBUG    | shortsqueeze.data:_verify_one - COTY: No short float data from Yahoo or Finviz, dropping (unverified)
2026-07-19 12:55:30 | DEBUG    | shortsqueeze.data:_verify_one - SNK: No short float data from Yahoo or Finviz, dropping (unverified)
2026-07-19 12:55:30 | DEBUG    | shortsqueeze.data:_verify_one - VUG: No short float data from Yahoo or Finviz, dropping (unverified)
2026-07-19 12:55:31 | DEBUG    | shortsqueeze.data:_verify_one - SCHR: No short float data from Yahoo or Finviz, dropping (unverified)
2026-07-19 12:55:31 | DEBUG    | shortsqueeze.data:_verify_one - GOSS: No short float data from Yahoo or Finviz, dropping (unverified)
2026-07-19 12:55:31 | DEBUG    | shortsqueeze.data:_verify_one - AAOX: No short float data from Yahoo or Finviz, dropping (unverified)
2026-07-19 12:55:31 | DEBUG    | shortsqueeze.data:_verify_one - FXI: No short float data from Yahoo or Finviz, dropping (unverified)
2026-07-19 12:55:31 | DEBUG    | shortsqueeze.data:_verify_one - INFY: No short float data from Yahoo or Finviz, dropping (unverified)
2026-07-19 12:55:31 | DEBUG    | shortsqueeze.data:_verify_one - CRVO: No short float data from Yahoo or Finviz, dropping (unverified)
2026-07-19 12:55:31 | DEBUG    | shortsqueeze.data:_verify_one - KULR: No short float data from Yahoo or Finviz, dropping (unverified)
2026-07-19 12:55:31 | DEBUG    | shortsqueeze.data:_verify_one - WBI: No short float data from Yahoo or Finviz, dropping (unverified)
2026-07-19 12:55:31 | DEBUG    | shortsqueeze.data:_verify_one - CRMG: No short float data from Yahoo or Finviz, dropping (unverified)
2026-07-19 12:55:31 | DEBUG    | shortsqueeze.data:_verify_one - SRFM: No short float data from Yahoo or Finviz, dropping (unverified)
2026-07-19 12:55:31 | DEBUG    | shortsqueeze.data:_verify_one - ADBG: No short float data from Yahoo or Finviz, dropping (unverified)
2026-07-19 12:55:31 | DEBUG    | shortsqueeze.data:_verify_one - XLV: No short float data from Yahoo or Finviz, dropping (unverified)
2026-07-19 12:55:31 | DEBUG    | shortsqueeze.data:_verify_one - ELTX: No short float data from Yahoo or Finviz, dropping (unverified)
2026-07-19 12:55:31 | DEBUG    | shortsqueeze.data:_verify_one - ONDL: No short float data from Yahoo or Finviz, dropping (unverified)
2026-07-19 12:55:31 | DEBUG    | shortsqueeze.data:_verify_one - SUNB: No short float data from Yahoo or Finviz, dropping (unverified)
2026-07-19 12:55:31 | DEBUG    | shortsqueeze.data:_verify_one - ATLN: No short float data from Yahoo or Finviz, dropping (unverified)
2026-07-19 12:55:31 | DEBUG    | shortsqueeze.data:_verify_one - TSLL: No short float data from Yahoo or Finviz, dropping (unverified)
2026-07-19 12:55:31 | DEBUG    | shortsqueeze.data:_verify_one - CIFR: No short float data from Yahoo or Finviz, dropping (unverified)
2026-07-19 12:55:31 | DEBUG    | shortsqueeze.data:_verify_one - SOXL: No short float data from Yahoo or Finviz, dropping (unverified)
2026-07-19 12:55:31 | DEBUG    | shortsqueeze.data:_verify_one - EEM: No short float data from Yahoo or Finviz, dropping (unverified)
2026-07-19 12:55:31 | DEBUG    | shortsqueeze.data:_verify_one - AREC: No short float data from Yahoo or Finviz, dropping (unverified)
2026-07-19 12:55:31 | DEBUG    | shortsqueeze.data:_verify_one - HLN: No short float data from Yahoo or Finviz, dropping (unverified)
2026-07-19 12:55:31 | DEBUG    | shortsqueeze.data:_verify_one - SQQQ: No short float data from Yahoo or Finviz, dropping (unverified)
2026-07-19 12:55:31 | DEBUG    | shortsqueeze.data:_verify_one - BTBT: No short float data from Yahoo or Finviz, dropping (unverified)
2026-07-19 12:55:32 | DEBUG    | shortsqueeze.data:_verify_one - SPXS: No short float data from Yahoo or Finviz, dropping (unverified)
2026-07-19 12:55:32 | DEBUG    | shortsqueeze.data:_verify_one - XOP: No short float data from Yahoo or Finviz, dropping (unverified)
2026-07-19 12:55:32 | DEBUG    | shortsqueeze.data:_verify_one - KWEB: No short float data from Yahoo or Finviz, dropping (unverified)
2026-07-19 12:55:32 | DEBUG    | shortsqueeze.data:_verify_one - MUZ: No short float data from Yahoo or Finviz, dropping (unverified)
2026-07-19 12:55:32 | DEBUG    | shortsqueeze.data:_verify_one - DRIP: No short float data from Yahoo or Finviz, dropping (unverified)
2026-07-19 12:55:32 | DEBUG    | shortsqueeze.data:_verify_one - IONQ: No short float data from Yahoo or Finviz, dropping (unverified)
2026-07-19 12:55:32 | DEBUG    | shortsqueeze.data:_verify_one - ALOY: No short float data from Yahoo or Finviz, dropping (unverified)
2026-07-19 12:55:32 | DEBUG    | shortsqueeze.data:_verify_one - CONL: No short float data from Yahoo or Finviz, dropping (unverified)
2026-07-19 12:55:32 | DEBUG    | shortsqueeze.data:_verify_one - CIIT: No short float data from Yahoo or Finviz, dropping (unverified)
2026-07-19 12:55:32 | DEBUG    | shortsqueeze.data:_verify_one - LGCL: No short float data from Yahoo or Finviz, dropping (unverified)
2026-07-19 12:55:32 | DEBUG    | shortsqueeze.data:_verify_one - XBI: No short float data from Yahoo or Finviz, dropping (unverified)
2026-07-19 12:55:32 | DEBUG    | shortsqueeze.data:_verify_one - PPLT: No short float data from Yahoo or Finviz, dropping (unverified)
2026-07-19 12:55:32 | DEBUG    | shortsqueeze.data:_verify_one - CBIH: No short float data from Yahoo or Finviz, dropping (unverified)
2026-07-19 12:55:32 | DEBUG    | shortsqueeze.data:_verify_one - VIVK: No short float data from Yahoo or Finviz, dropping (unverified)
2026-07-19 12:55:32 | DEBUG    | shortsqueeze.data:_verify_one - HUMA: No short float data from Yahoo or Finviz, dropping (unverified)
2026-07-19 12:55:32 | DEBUG    | shortsqueeze.data:_verify_one - BTCZ: No short float data from Yahoo or Finviz, dropping (unverified)
2026-07-19 12:55:32 | DEBUG    | shortsqueeze.data:_verify_one - ACHV: No short float data from Yahoo or Finviz, dropping (unverified)
2026-07-19 12:55:32 | DEBUG    | shortsqueeze.data:_verify_one - ARKG: No short float data from Yahoo or Finviz, dropping (unverified)
2026-07-19 12:55:32 | DEBUG    | shortsqueeze.data:_verify_one - SUGP: No short float data from Yahoo or Finviz, dropping (unverified)
2026-07-19 12:55:32 | DEBUG    | shortsqueeze.data:_verify_one - MVIS: No short float data from Yahoo or Finviz, dropping (unverified)
2026-07-19 12:55:32 | DEBUG    | shortsqueeze.data:_verify_one - WALD: No short float data from Yahoo or Finviz, dropping (unverified)
2026-07-19 12:55:32 | DEBUG    | shortsqueeze.data:_verify_one - CRDF: No short float data from Yahoo or Finviz, dropping (unverified)
2026-07-19 12:55:32 | DEBUG    | shortsqueeze.data:_verify_one - REKR: No short float data from Yahoo or Finviz, dropping (unverified)
2026-07-19 12:55:32 | DEBUG    | shortsqueeze.data:_verify_one - RUM: No short float data from Yahoo or Finviz, dropping (unverified)
2026-07-19 12:55:32 | DEBUG    | shortsqueeze.data:_verify_one - VTEB: No short float data from Yahoo or Finviz, dropping (unverified)
2026-07-19 12:55:32 | DEBUG    | shortsqueeze.data:_verify_one - BDRFY: No short float data from Yahoo or Finviz, dropping (unverified)
2026-07-19 12:55:32 | DEBUG    | shortsqueeze.data:_verify_one - IQST: No short float data from Yahoo or Finviz, dropping (unverified)
2026-07-19 12:55:32 | DEBUG    | shortsqueeze.data:_verify_one - EHGO: No short float data from Yahoo or Finviz, dropping (unverified)
2026-07-19 12:55:32 | DEBUG    | shortsqueeze.data:_verify_one - SPAX: No short float data from Yahoo or Finviz, dropping (unverified)
2026-07-19 12:55:33 | DEBUG    | shortsqueeze.data:_verify_one - OKLO: No short float data from Yahoo or Finviz, dropping (unverified)
2026-07-19 12:55:33 | DEBUG    | shortsqueeze.data:_verify_one - XMAX: No short float data from Yahoo or Finviz, dropping (unverified)
2026-07-19 12:55:33 | DEBUG    | shortsqueeze.data:_verify_one - HUBC: No short float data from Yahoo or Finviz, dropping (unverified)
2026-07-19 12:55:33 | DEBUG    | shortsqueeze.data:_verify_one - DXF: No short float data from Yahoo or Finviz, dropping (unverified)
2026-07-19 12:55:33 | DEBUG    | shortsqueeze.data:_verify_one - CGDV: No short float data from Yahoo or Finviz, dropping (unverified)
2026-07-19 12:55:33 | DEBUG    | shortsqueeze.data:_verify_one - DFNS: No short float data from Yahoo or Finviz, dropping (unverified)
2026-07-19 12:55:33 | DEBUG    | shortsqueeze.data:_verify_one - SOAR: No short float data from Yahoo or Finviz, dropping (unverified)
2026-07-19 12:55:33 | DEBUG    | shortsqueeze.data:_verify_one - CGUS: No short float data from Yahoo or Finviz, dropping (unverified)
2026-07-19 12:55:33 | DEBUG    | shortsqueeze.data:_verify_one - BTQ: No short float data from Yahoo or Finviz, dropping (unverified)
2026-07-19 12:55:33 | DEBUG    | shortsqueeze.data:_verify_one - SSO: No short float data from Yahoo or Finviz, dropping (unverified)
2026-07-19 12:55:33 | DEBUG    | shortsqueeze.data:_verify_one - SLBT: No short float data from Yahoo or Finviz, dropping (unverified)
2026-07-19 12:55:33 | DEBUG    | shortsqueeze.data:_verify_one - VTAK: No short float data from Yahoo or Finviz, dropping (unverified)
2026-07-19 12:55:33 | DEBUG    | shortsqueeze.data:_verify_one - BEEM: No short float data from Yahoo or Finviz, dropping (unverified)
2026-07-19 12:55:33 | DEBUG    | shortsqueeze.data:_verify_one - CORD: No short float data from Yahoo or Finviz, dropping (unverified)
2026-07-19 12:55:33 | DEBUG    | shortsqueeze.data:_verify_one - USAR: No short float data from Yahoo or Finviz, dropping (unverified)
2026-07-19 12:55:33 | DEBUG    | shortsqueeze.data:_verify_one - EWZ: No short float data from Yahoo or Finviz, dropping (unverified)
2026-07-19 12:55:33 | DEBUG    | shortsqueeze.data:_verify_one - XXRP: No short float data from Yahoo or Finviz, dropping (unverified)
2026-07-19 12:55:33 | DEBUG    | shortsqueeze.data:_verify_one - ILLR: No short float data from Yahoo or Finviz, dropping (unverified)
2026-07-19 12:55:33 | DEBUG    | shortsqueeze.data:_verify_one - AUR: No short float data from Yahoo or Finviz, dropping (unverified)
2026-07-19 12:55:33 | DEBUG    | shortsqueeze.data:_verify_one - PAVS: No short float data from Yahoo or Finviz, dropping (unverified)
2026-07-19 12:55:33 | DEBUG    | shortsqueeze.data:_verify_one - AMDD: No short float data from Yahoo or Finviz, dropping (unverified)
2026-07-19 12:55:33 | DEBUG    | shortsqueeze.data:_verify_one - GLD: No short float data from Yahoo or Finviz, dropping (unverified)
2026-07-19 12:55:33 | DEBUG    | shortsqueeze.data:_verify_one - JHX: No short float data from Yahoo or Finviz, dropping (unverified)
2026-07-19 12:55:33 | DEBUG    | shortsqueeze.data:_verify_one - DAMD: No short float data from Yahoo or Finviz, dropping (unverified)
2026-07-19 12:55:33 | DEBUG    | shortsqueeze.data:_verify_one - TLT: No short float data from Yahoo or Finviz, dropping (unverified)
2026-07-19 12:55:33 | DEBUG    | shortsqueeze.data:_verify_one - HYZN: No short float data from Yahoo or Finviz, dropping (unverified)
2026-07-19 12:55:33 | DEBUG    | shortsqueeze.data:_verify_one - UGIZ: No short float data from Yahoo or Finviz, dropping (unverified)
2026-07-19 12:55:34 | DEBUG    | shortsqueeze.data:_verify_one - LLKKF: No short float data from Yahoo or Finviz, dropping (unverified)
2026-07-19 12:55:34 | DEBUG    | shortsqueeze.data:_verify_one - LOFF: No short float data from Yahoo or Finviz, dropping (unverified)
2026-07-19 12:55:34 | DEBUG    | shortsqueeze.data:_verify_one - XRT: No short float data from Yahoo or Finviz, dropping (unverified)
2026-07-19 12:55:34 | DEBUG    | shortsqueeze.data:get_stock_info - Error fetching stock info for RQIRT: HTTP Error 404: 
2026-07-19 12:55:34 | DEBUG    | shortsqueeze.data:_verify_one - RQIRT: No short float data from Yahoo or Finviz, dropping (unverified)
2026-07-19 12:55:34 | DEBUG    | shortsqueeze.data:_verify_one - RGTI: No short float data from Yahoo or Finviz, dropping (unverified)
2026-07-19 12:55:34 | DEBUG    | shortsqueeze.data:_verify_one - GGB: No short float data from Yahoo or Finviz, dropping (unverified)
2026-07-19 12:55:34 | DEBUG    | shortsqueeze.data:_verify_one - TSDD: No short float data from Yahoo or Finviz, dropping (unverified)
2026-07-19 12:55:34 | DEBUG    | shortsqueeze.data:_verify_one - ANTX: No short float data from Yahoo or Finviz, dropping (unverified)
2026-07-19 12:55:34 | DEBUG    | shortsqueeze.data:_verify_one - ADCT: No short float data from Yahoo or Finviz, dropping (unverified)
2026-07-19 12:55:35 | DEBUG    | shortsqueeze.data:_verify_one - SPCG: No short float data from Yahoo or Finviz, dropping (unverified)
2026-07-19 12:55:35 | DEBUG    | shortsqueeze.data:_verify_one - XLI: No short float data from Yahoo or Finviz, dropping (unverified)
2026-07-19 12:55:35 | DEBUG    | shortsqueeze.data:_verify_one - PGY: No short float data from Yahoo or Finviz, dropping (unverified)
2026-07-19 12:55:35 | DEBUG    | shortsqueeze.data:_verify_one - RDY: No short float data from Yahoo or Finviz, dropping (unverified)
2026-07-19 12:55:35 | DEBUG    | shortsqueeze.data:_verify_one - BTAL: No short float data from Yahoo or Finviz, dropping (unverified)
2026-07-19 12:55:35 | DEBUG    | shortsqueeze.data:_verify_one - ENHA: No short float data from Yahoo or Finviz, dropping (unverified)
2026-07-19 12:55:35 | DEBUG    | shortsqueeze.data:_verify_one - HSQVY: No short float data from Yahoo or Finviz, dropping (unverified)
2026-07-19 12:55:35 | DEBUG    | shortsqueeze.data:_verify_one - ASHR: No short float data from Yahoo or Finviz, dropping (unverified)
2026-07-19 12:55:35 | DEBUG    | shortsqueeze.data:_verify_one - XHB: No short float data from Yahoo or Finviz, dropping (unverified)
2026-07-19 12:55:35 | DEBUG    | shortsqueeze.data:_verify_one - USHY: No short float data from Yahoo or Finviz, dropping (unverified)
2026-07-19 12:55:36 | DEBUG    | shortsqueeze.data:_verify_one - ITB: No short float data from Yahoo or Finviz, dropping (unverified)
2026-07-19 12:55:36 | DEBUG    | shortsqueeze.data:_verify_one - QBTS: No short float data from Yahoo or Finviz, dropping (unverified)
2026-07-19 12:55:36 | DEBUG    | shortsqueeze.data:_verify_one - RLMD: No short float data from Yahoo or Finviz, dropping (unverified)
2026-07-19 12:55:36 | DEBUG    | shortsqueeze.data:_verify_one - SOFI: No short float data from Yahoo or Finviz, dropping (unverified)
2026-07-19 12:55:36 | DEBUG    | shortsqueeze.data:_verify_one - BMNG: No short float data from Yahoo or Finviz, dropping (unverified)
2026-07-19 12:55:37 | DEBUG    | shortsqueeze.data:_verify_one - TURB: No short float data from Yahoo or Finviz, dropping (unverified)
2026-07-19 12:55:37 | DEBUG    | shortsqueeze.data:_verify_one - WSRIF: No short float data from Yahoo or Finviz, dropping (unverified)
2026-07-19 12:55:37 | DEBUG    | shortsqueeze.data:_verify_one - NNOX: No short float data from Yahoo or Finviz, dropping (unverified)
2026-07-19 12:55:37 | DEBUG    | shortsqueeze.data:_verify_one - VERI: No short float data from Yahoo or Finviz, dropping (unverified)
2026-07-19 12:55:37 | DEBUG    | shortsqueeze.data:_verify_one - CNTN: No short float data from Yahoo or Finviz, dropping (unverified)
2026-07-19 12:55:37 | DEBUG    | shortsqueeze.data:_verify_one - DOCN: No short float data from Yahoo or Finviz, dropping (unverified)
2026-07-19 12:55:37 | DEBUG    | shortsqueeze.data:_verify_one - CDE: No short float data from Yahoo or Finviz, dropping (unverified)
2026-07-19 12:55:37 | DEBUG    | shortsqueeze.data:_verify_one - SUZ: No short float data from Yahoo or Finviz, dropping (unverified)
2026-07-19 12:55:37 | DEBUG    | shortsqueeze.data:_verify_one - DNN: No short float data from Yahoo or Finviz, dropping (unverified)
2026-07-19 12:55:37 | DEBUG    | shortsqueeze.data:_verify_one - XLY: No short float data from Yahoo or Finviz, dropping (unverified)
2026-07-19 12:55:38 | DEBUG    | shortsqueeze.data:_verify_one - CTOS: No short float data from Yahoo or Finviz, dropping (unverified)
2026-07-19 12:55:38 | DEBUG    | shortsqueeze.data:_verify_one - HYSA: No short float data from Yahoo or Finviz, dropping (unverified)
2026-07-19 12:55:38 | DEBUG    | shortsqueeze.data:_verify_one - UEC: No short float data from Yahoo or Finviz, dropping (unverified)
2026-07-19 12:55:38 | DEBUG    | shortsqueeze.data:_verify_one - UUUU: No short float data from Yahoo or Finviz, dropping (unverified)
2026-07-19 12:55:38 | DEBUG    | shortsqueeze.data:_verify_one - LFS: No short float data from Yahoo or Finviz, dropping (unverified)
2026-07-19 12:55:38 | DEBUG    | shortsqueeze.data:_verify_one - BMNR: No short float data from Yahoo or Finviz, dropping (unverified)
2026-07-19 12:55:38 | DEBUG    | shortsqueeze.data:_verify_one - UNVGY: No short float data from Yahoo or Finviz, dropping (unverified)
2026-07-19 12:55:38 | DEBUG    | shortsqueeze.data:_verify_one - NRDY: No short float data from Yahoo or Finviz, dropping (unverified)
2026-07-19 12:55:38 | DEBUG    | shortsqueeze.data:_verify_one - ARI: No short float data from Yahoo or Finviz, dropping (unverified)
2026-07-19 12:55:38 | DEBUG    | shortsqueeze.data:_verify_one - ICCM: No short float data from Yahoo or Finviz, dropping (unverified)
2026-07-19 12:55:39 | DEBUG    | shortsqueeze.data:_verify_one - ZSQR: No short float data from Yahoo or Finviz, dropping (unverified)
2026-07-19 12:55:39 | DEBUG    | shortsqueeze.data:_verify_one - KIDZ: No short float data from Yahoo or Finviz, dropping (unverified)
2026-07-19 12:55:39 | DEBUG    | shortsqueeze.data:_verify_one - TISC: No short float data from Yahoo or Finviz, dropping (unverified)
2026-07-19 12:55:39 | DEBUG    | shortsqueeze.data:_verify_one - ALXO: No short float data from Yahoo or Finviz, dropping (unverified)
2026-07-19 12:55:39 | DEBUG    | shortsqueeze.data:_verify_one - IVDA: No short float data from Yahoo or Finviz, dropping (unverified)
2026-07-19 12:55:39 | DEBUG    | shortsqueeze.data:_verify_one - ZONE: No short float data from Yahoo or Finviz, dropping (unverified)
2026-07-19 12:55:39 | DEBUG    | shortsqueeze.data:_verify_one - SNDU: No short float data from Yahoo or Finviz, dropping (unverified)
2026-07-19 12:55:39 | DEBUG    | shortsqueeze.data:_verify_one - AMTX: No short float data from Yahoo or Finviz, dropping (unverified)
2026-07-19 12:55:39 | DEBUG    | shortsqueeze.data:_verify_one - INLF: No short float data from Yahoo or Finviz, dropping (unverified)
2026-07-19 12:55:39 | DEBUG    | shortsqueeze.data:_verify_one - BITO: No short float data from Yahoo or Finviz, dropping (unverified)
2026-07-19 12:55:40 | DEBUG    | shortsqueeze.data:_verify_one - AVAV: No short float data from Yahoo or Finviz, dropping (unverified)
2026-07-19 12:55:40 | DEBUG    | shortsqueeze.data:_verify_one - CQQQ: No short float data from Yahoo or Finviz, dropping (unverified)
2026-07-19 12:55:40 | DEBUG    | shortsqueeze.data:_verify_one - ETHU: No short float data from Yahoo or Finviz, dropping (unverified)
2026-07-19 12:55:40 | DEBUG    | shortsqueeze.data:_verify_one - RKLX: No short float data from Yahoo or Finviz, dropping (unverified)
2026-07-19 12:55:40 | DEBUG    | shortsqueeze.data:_verify_one - UMC: No short float data from Yahoo or Finviz, dropping (unverified)
2026-07-19 12:55:40 | DEBUG    | shortsqueeze.data:_verify_one - XE: No short float data from Yahoo or Finviz, dropping (unverified)
2026-07-19 12:55:40 | DEBUG    | shortsqueeze.data:_verify_one - TSLG: No short float data from Yahoo or Finviz, dropping (unverified)
2026-07-19 12:55:40 | DEBUG    | shortsqueeze.data:_verify_one - TU: No short float data from Yahoo or Finviz, dropping (unverified)
2026-07-19 12:55:40 | DEBUG    | shortsqueeze.data:_verify_one - PDBC: No short float data from Yahoo or Finviz, dropping (unverified)
2026-07-19 12:55:40 | DEBUG    | shortsqueeze.data:_verify_one - TSLQ: No short float data from Yahoo or Finviz, dropping (unverified)
2026-07-19 12:55:41 | DEBUG    | shortsqueeze.data:_verify_one - RCAX: No short float data from Yahoo or Finviz, dropping (unverified)
2026-07-19 12:55:41 | DEBUG    | shortsqueeze.data:_verify_one - SPCF: No short float data from Yahoo or Finviz, dropping (unverified)
2026-07-19 12:55:41 | DEBUG    | shortsqueeze.data:_verify_one - RGTX: No short float data from Yahoo or Finviz, dropping (unverified)
2026-07-19 12:55:41 | DEBUG    | shortsqueeze.data:_verify_one - PBK: No short float data from Yahoo or Finviz, dropping (unverified)
2026-07-19 12:55:41 | DEBUG    | shortsqueeze.data:_verify_one - EWJ: No short float data from Yahoo or Finviz, dropping (unverified)
2026-07-19 12:55:41 | DEBUG    | shortsqueeze.data:_verify_one - YSS: No short float data from Yahoo or Finviz, dropping (unverified)
2026-07-19 12:55:41 | DEBUG    | shortsqueeze.data:_verify_one - SKYQ: No short float data from Yahoo or Finviz, dropping (unverified)
2026-07-19 12:55:41 | DEBUG    | shortsqueeze.data:_verify_one - TECS: No short float data from Yahoo or Finviz, dropping (unverified)
2026-07-19 12:55:42 | DEBUG    | shortsqueeze.data:_verify_one - HQ: No short float data from Yahoo or Finviz, dropping (unverified)
2026-07-19 12:55:42 | DEBUG    | shortsqueeze.data:_verify_one - MDLN: No short float data from Yahoo or Finviz, dropping (unverified)
2026-07-19 12:55:42 | DEBUG    | shortsqueeze.data:_verify_one - CNBX: No short float data from Yahoo or Finviz, dropping (unverified)
2026-07-19 12:55:42 | DEBUG    | shortsqueeze.data:_verify_one - POET: No short float data from Yahoo or Finviz, dropping (unverified)
2026-07-19 12:55:42 | DEBUG    | shortsqueeze.data:_verify_one - CPOP: No short float data from Yahoo or Finviz, dropping (unverified)
2026-07-19 12:55:42 | DEBUG    | shortsqueeze.data:_verify_one - LPRO: No short float data from Yahoo or Finviz, dropping (unverified)
2026-07-19 12:55:42 | DEBUG    | shortsqueeze.data:_verify_one - SAGT: No short float data from Yahoo or Finviz, dropping (unverified)
2026-07-19 12:55:42 | DEBUG    | shortsqueeze.data:_verify_one - VEU: No short float data from Yahoo or Finviz, dropping (unverified)
2026-07-19 12:55:42 | DEBUG    | shortsqueeze.data:_verify_one - OXSQ: No short float data from Yahoo or Finviz, dropping (unverified)
2026-07-19 12:55:42 | DEBUG    | shortsqueeze.data:_verify_one - BILI: No short float data from Yahoo or Finviz, dropping (unverified)
2026-07-19 12:55:43 | DEBUG    | shortsqueeze.data:_verify_one - SCHY: No short float data from Yahoo or Finviz, dropping (unverified)
2026-07-19 12:55:43 | DEBUG    | shortsqueeze.data:_verify_one - TQQQ: No short float data from Yahoo or Finviz, dropping (unverified)
2026-07-19 12:55:43 | DEBUG    | shortsqueeze.data:_verify_one - LI: No short float data from Yahoo or Finviz, dropping (unverified)
2026-07-19 12:55:43 | DEBUG    | shortsqueeze.data:_verify_one - TMF: No short float data from Yahoo or Finviz, dropping (unverified)
2026-07-19 12:55:43 | DEBUG    | shortsqueeze.data:_verify_one - ONMD: No short float data from Yahoo or Finviz, dropping (unverified)
2026-07-19 12:55:43 | DEBUG    | shortsqueeze.data:_verify_one - IBIT: No short float data from Yahoo or Finviz, dropping (unverified)
2026-07-19 12:55:43 | DEBUG    | shortsqueeze.data:_verify_one - XEL: No short float data from Yahoo or Finviz, dropping (unverified)
2026-07-19 12:55:43 | DEBUG    | shortsqueeze.data:_verify_one - SPYU: No short float data from Yahoo or Finviz, dropping (unverified)
2026-07-19 12:55:43 | DEBUG    | shortsqueeze.data:_verify_one - SNAP: No short float data from Yahoo or Finviz, dropping (unverified)
2026-07-19 12:55:43 | DEBUG    | shortsqueeze.data:_verify_one - YMAT: No short float data from Yahoo or Finviz, dropping (unverified)
2026-07-19 12:55:43 | DEBUG    | shortsqueeze.data:_verify_one - PSIG: No short float data from Yahoo or Finviz, dropping (unverified)
2026-07-19 12:55:44 | DEBUG    | shortsqueeze.data:_verify_one - SMIN: No short float data from Yahoo or Finviz, dropping (unverified)
2026-07-19 12:55:44 | DEBUG    | shortsqueeze.data:_verify_one - SNDG: No short float data from Yahoo or Finviz, dropping (unverified)
2026-07-19 12:55:44 | DEBUG    | shortsqueeze.data:_verify_one - WU: No short float data from Yahoo or Finviz, dropping (unverified)
2026-07-19 12:55:44 | DEBUG    | shortsqueeze.data:_verify_one - AIM: No short float data from Yahoo or Finviz, dropping (unverified)
2026-07-19 12:55:44 | DEBUG    | shortsqueeze.data:_verify_one - PACB: No short float data from Yahoo or Finviz, dropping (unverified)
2026-07-19 12:55:44 | DEBUG    | shortsqueeze.data:_verify_one - SPLB: No short float data from Yahoo or Finviz, dropping (unverified)
2026-07-19 12:55:44 | DEBUG    | shortsqueeze.data:_verify_one - AISP: No short float data from Yahoo or Finviz, dropping (unverified)
2026-07-19 12:55:44 | DEBUG    | shortsqueeze.data:_verify_one - GTM: No short float data from Yahoo or Finviz, dropping (unverified)
2026-07-19 12:55:44 | DEBUG    | shortsqueeze.data:_verify_one - EPP: No short float data from Yahoo or Finviz, dropping (unverified)
2026-07-19 12:55:45 | DEBUG    | shortsqueeze.data:_verify_one - NIO: No short float data from Yahoo or Finviz, dropping (unverified)
2026-07-19 12:55:45 | DEBUG    | shortsqueeze.data:_verify_one - CDT: No short float data from Yahoo or Finviz, dropping (unverified)
2026-07-19 12:55:45 | DEBUG    | shortsqueeze.data:_verify_one - BOIL: No short float data from Yahoo or Finviz, dropping (unverified)
2026-07-19 12:55:45 | DEBUG    | shortsqueeze.data:_verify_one - GNS: No short float data from Yahoo or Finviz, dropping (unverified)
2026-07-19 12:55:45 | DEBUG    | shortsqueeze.data:_verify_one - FPXI: No short float data from Yahoo or Finviz, dropping (unverified)
2026-07-19 12:55:45 | DEBUG    | shortsqueeze.data:_verify_one - NVDX: No short float data from Yahoo or Finviz, dropping (unverified)
2026-07-19 12:55:45 | DEBUG    | shortsqueeze.data:_verify_one - LITX: No short float data from Yahoo or Finviz, dropping (unverified)
2026-07-19 12:55:45 | DEBUG    | shortsqueeze.data:_verify_one - MUD: No short float data from Yahoo or Finviz, dropping (unverified)
2026-07-19 12:55:45 | DEBUG    | shortsqueeze.data:_verify_one - LGHL: No short float data from Yahoo or Finviz, dropping (unverified)
2026-07-19 12:55:46 | DEBUG    | shortsqueeze.data:_verify_one - NRGV: No short float data from Yahoo or Finviz, dropping (unverified)
2026-07-19 12:55:46 | DEBUG    | shortsqueeze.data:_verify_one - IVR: No short float data from Yahoo or Finviz, dropping (unverified)
2026-07-19 12:55:46 | DEBUG    | shortsqueeze.data:_verify_one - NUCLW: No short float data from Yahoo or Finviz, dropping (unverified)
2026-07-19 12:55:46 | DEBUG    | shortsqueeze.data:_verify_one - BXSL: No short float data from Yahoo or Finviz, dropping (unverified)
2026-07-19 12:55:46 | DEBUG    | shortsqueeze.data:_verify_one - HON: No short float data from Yahoo or Finviz, dropping (unverified)
2026-07-19 12:55:46 | DEBUG    | shortsqueeze.data:_verify_one - CGIC: No short float data from Yahoo or Finviz, dropping (unverified)
2026-07-19 12:55:46 | DEBUG    | shortsqueeze.data:_verify_one - USO: No short float data from Yahoo or Finviz, dropping (unverified)
2026-07-19 12:55:46 | DEBUG    | shortsqueeze.data:_verify_one - BB: No short float data from Yahoo or Finviz, dropping (unverified)
2026-07-19 12:55:46 | DEBUG    | shortsqueeze.data:_verify_one - MSTR: No short float data from Yahoo or Finviz, dropping (unverified)
2026-07-19 12:55:47 | DEBUG    | shortsqueeze.data:_verify_one - KWM: No short float data from Yahoo or Finviz, dropping (unverified)
2026-07-19 12:55:47 | DEBUG    | shortsqueeze.data:_verify_one - QS: No short float data from Yahoo or Finviz, dropping (unverified)
2026-07-19 12:55:47 | DEBUG    | shortsqueeze.data:_verify_one - QSI: No short float data from Yahoo or Finviz, dropping (unverified)
2026-07-19 12:55:47 | DEBUG    | shortsqueeze.data:_verify_one - BITA: No short float data from Yahoo or Finviz, dropping (unverified)
2026-07-19 12:55:47 | DEBUG    | shortsqueeze.data:_verify_one - ARRNF: No short float data from Yahoo or Finviz, dropping (unverified)
2026-07-19 12:55:47 | DEBUG    | shortsqueeze.data:_verify_one - ARCC: No short float data from Yahoo or Finviz, dropping (unverified)
2026-07-19 12:55:47 | DEBUG    | shortsqueeze.data:_verify_one - NNDM: No short float data from Yahoo or Finviz, dropping (unverified)
2026-07-19 12:55:47 | DEBUG    | shortsqueeze.data:_verify_one - LICN: No short float data from Yahoo or Finviz, dropping (unverified)
2026-07-19 12:55:47 | DEBUG    | shortsqueeze.data:_verify_one - GBBFF: No short float data from Yahoo or Finviz, dropping (unverified)
2026-07-19 12:55:48 | DEBUG    | shortsqueeze.data:_verify_one - AREB: No short float data from Yahoo or Finviz, dropping (unverified)
2026-07-19 12:55:48 | DEBUG    | shortsqueeze.data:_verify_one - BTTC: No short float data from Yahoo or Finviz, dropping (unverified)
2026-07-19 12:55:48 | DEBUG    | shortsqueeze.data:_verify_one - EWU: No short float data from Yahoo or Finviz, dropping (unverified)
2026-07-19 12:55:48 | DEBUG    | shortsqueeze.data:_verify_one - GGLS: No short float data from Yahoo or Finviz, dropping (unverified)
2026-07-19 12:55:48 | DEBUG    | shortsqueeze.data:_verify_one - CRWU: No short float data from Yahoo or Finviz, dropping (unverified)
2026-07-19 12:55:48 | DEBUG    | shortsqueeze.data:_verify_one - NIXX: No short float data from Yahoo or Finviz, dropping (unverified)
2026-07-19 12:55:48 | DEBUG    | shortsqueeze.data:_verify_one - KVUE: No short float data from Yahoo or Finviz, dropping (unverified)
2026-07-19 12:55:48 | DEBUG    | shortsqueeze.data:_verify_one - MVST: No short float data from Yahoo or Finviz, dropping (unverified)
2026-07-19 12:55:48 | DEBUG    | shortsqueeze.data:_verify_one - IGV: No short float data from Yahoo or Finviz, dropping (unverified)
2026-07-19 12:55:48 | DEBUG    | shortsqueeze.data:_verify_one - QCML: No short float data from Yahoo or Finviz, dropping (unverified)
2026-07-19 12:55:49 | DEBUG    | shortsqueeze.data:_verify_one - VIA: No short float data from Yahoo or Finviz, dropping (unverified)
2026-07-19 12:55:49 | DEBUG    | shortsqueeze.data:_verify_one - KBE: No short float data from Yahoo or Finviz, dropping (unverified)
2026-07-19 12:55:49 | DEBUG    | shortsqueeze.data:_verify_one - CGXU: No short float data from Yahoo or Finviz, dropping (unverified)
2026-07-19 12:55:49 | DEBUG    | shortsqueeze.data:_verify_one - CCUP: No short float data from Yahoo or Finviz, dropping (unverified)
2026-07-19 12:55:49 | DEBUG    | shortsqueeze.data:_verify_one - BMNZ: No short float data from Yahoo or Finviz, dropping (unverified)
2026-07-19 12:55:49 | DEBUG    | shortsqueeze.data:_verify_one - EWY: No short float data from Yahoo or Finviz, dropping (unverified)
2026-07-19 12:55:49 | DEBUG    | shortsqueeze.data:_verify_one - BKLN: No short float data from Yahoo or Finviz, dropping (unverified)
2026-07-19 12:55:49 | DEBUG    | shortsqueeze.data:_verify_one - RUBI: No short float data from Yahoo or Finviz, dropping (unverified)
2026-07-19 12:55:49 | DEBUG    | shortsqueeze.data:_verify_one - BIRK: No short float data from Yahoo or Finviz, dropping (unverified)
2026-07-19 12:55:50 | DEBUG    | shortsqueeze.data:_verify_one - VGK: No short float data from Yahoo or Finviz, dropping (unverified)
2026-07-19 12:55:50 | DEBUG    | shortsqueeze.data:_verify_one - KSTR: No short float data from Yahoo or Finviz, dropping (unverified)
2026-07-19 12:55:50 | DEBUG    | shortsqueeze.data:_verify_one - SBS: No short float data from Yahoo or Finviz, dropping (unverified)
2026-07-19 12:55:50 | DEBUG    | shortsqueeze.data:_verify_one - EQPT: No short float data from Yahoo or Finviz, dropping (unverified)
2026-07-19 12:55:50 | DEBUG    | shortsqueeze.data:_verify_one - FPEI: No short float data from Yahoo or Finviz, dropping (unverified)
2026-07-19 12:55:50 | DEBUG    | shortsqueeze.data:_verify_one - ABTC: No short float data from Yahoo or Finviz, dropping (unverified)
2026-07-19 12:55:50 | DEBUG    | shortsqueeze.data:_verify_one - BIZD: No short float data from Yahoo or Finviz, dropping (unverified)
2026-07-19 12:55:50 | DEBUG    | shortsqueeze.data:_verify_one - KMB: No short float data from Yahoo or Finviz, dropping (unverified)
2026-07-19 12:55:50 | DEBUG    | shortsqueeze.data:_verify_one - ABEV: No short float data from Yahoo or Finviz, dropping (unverified)
2026-07-19 12:55:50 | DEBUG    | shortsqueeze.data:_verify_one - SPCM: No short float data from Yahoo or Finviz, dropping (unverified)
2026-07-19 12:55:51 | DEBUG    | shortsqueeze.data:_verify_one - CTLHF: No short float data from Yahoo or Finviz, dropping (unverified)
2026-07-19 12:55:51 | DEBUG    | shortsqueeze.data:_verify_one - POEL: No short float data from Yahoo or Finviz, dropping (unverified)
2026-07-19 12:55:51 | DEBUG    | shortsqueeze.data:_verify_one - IONX: No short float data from Yahoo or Finviz, dropping (unverified)
2026-07-19 12:55:51 | DEBUG    | shortsqueeze.data:_verify_one - BYAH: No short float data from Yahoo or Finviz, dropping (unverified)
2026-07-19 12:55:51 | DEBUG    | shortsqueeze.data:_verify_one - WELL: No short float data from Yahoo or Finviz, dropping (unverified)
2026-07-19 12:55:51 | DEBUG    | shortsqueeze.data:_verify_one - BELR: No short float data from Yahoo or Finviz, dropping (unverified)
2026-07-19 12:55:51 | DEBUG    | shortsqueeze.data:_verify_one - FCBM: No short float data from Yahoo or Finviz, dropping (unverified)
2026-07-19 12:55:51 | DEBUG    | shortsqueeze.data:_verify_one - GLL: No short float data from Yahoo or Finviz, dropping (unverified)
2026-07-19 12:55:51 | DEBUG    | shortsqueeze.data:_verify_one - FNGU: No short float data from Yahoo or Finviz, dropping (unverified)
2026-07-19 12:55:52 | DEBUG    | shortsqueeze.data:_verify_one - WPRT: No short float data from Yahoo or Finviz, dropping (unverified)
2026-07-19 12:55:52 | DEBUG    | shortsqueeze.data:_verify_one - GLPEY: No short float data from Yahoo or Finviz, dropping (unverified)
2026-07-19 12:55:52 | DEBUG    | shortsqueeze.data:_verify_one - SBSW: No short float data from Yahoo or Finviz, dropping (unverified)
2026-07-19 12:55:52 | DEBUG    | shortsqueeze.data:_verify_one - PMT: No short float data from Yahoo or Finviz, dropping (unverified)
2026-07-19 12:55:52 | DEBUG    | shortsqueeze.data:_verify_one - FSK: No short float data from Yahoo or Finviz, dropping (unverified)
2026-07-19 12:55:52 | DEBUG    | shortsqueeze.data:_verify_one - RSP: No short float data from Yahoo or Finviz, dropping (unverified)
2026-07-19 12:55:53 | DEBUG    | shortsqueeze.data:_verify_one - SHEL: No short float data from Yahoo or Finviz, dropping (unverified)
2026-07-19 12:55:53 | DEBUG    | shortsqueeze.data:_verify_one - CLLNY: No short float data from Yahoo or Finviz, dropping (unverified)
2026-07-19 12:55:53 | DEBUG    | shortsqueeze.data:_verify_one - CBRS: No short float data from Yahoo or Finviz, dropping (unverified)
2026-07-19 12:55:53 | DEBUG    | shortsqueeze.data:_verify_one - ELVR: No short float data from Yahoo or Finviz, dropping (unverified)
2026-07-19 12:55:53 | DEBUG    | shortsqueeze.data:_verify_one - AXTU: No short float data from Yahoo or Finviz, dropping (unverified)
2026-07-19 12:55:53 | DEBUG    | shortsqueeze.data:_verify_one - QBTX: No short float data from Yahoo or Finviz, dropping (unverified)
2026-07-19 12:55:53 | DEBUG    | shortsqueeze.data:_verify_one - NFLU: No short float data from Yahoo or Finviz, dropping (unverified)
2026-07-19 12:55:53 | DEBUG    | shortsqueeze.data:_verify_one - SMU: No short float data from Yahoo or Finviz, dropping (unverified)
2026-07-19 12:55:53 | DEBUG    | shortsqueeze.data:_verify_one - FNDF: No short float data from Yahoo or Finviz, dropping (unverified)
2026-07-19 12:55:53 | DEBUG    | shortsqueeze.data:_verify_one - FFMGF: No short float data from Yahoo or Finviz, dropping (unverified)
2026-07-19 12:55:53 | DEBUG    | shortsqueeze.data:_verify_one - TTDU: No short float data from Yahoo or Finviz, dropping (unverified)
2026-07-19 12:55:54 | DEBUG    | shortsqueeze.data:_verify_one - EXFY: No short float data from Yahoo or Finviz, dropping (unverified)
2026-07-19 12:55:54 | DEBUG    | shortsqueeze.data:_verify_one - RGNT: No short float data from Yahoo or Finviz, dropping (unverified)
2026-07-19 12:55:54 | DEBUG    | shortsqueeze.data:_verify_one - GGOV: No short float data from Yahoo or Finviz, dropping (unverified)
2026-07-19 12:55:54 | DEBUG    | shortsqueeze.data:_verify_one - SMUP: No short float data from Yahoo or Finviz, dropping (unverified)
2026-07-19 12:55:55 | DEBUG    | shortsqueeze.data:_verify_one - ACYN: No short float data from Yahoo or Finviz, dropping (unverified)
2026-07-19 12:55:55 | DEBUG    | shortsqueeze.data:_verify_one - CLOU: No short float data from Yahoo or Finviz, dropping (unverified)
2026-07-19 12:55:55 | DEBUG    | shortsqueeze.data:_verify_one - ONFO: No short float data from Yahoo or Finviz, dropping (unverified)
2026-07-19 12:55:55 | DEBUG    | shortsqueeze.data:_verify_one - PROP: No short float data from Yahoo or Finviz, dropping (unverified)
2026-07-19 12:55:55 | DEBUG    | shortsqueeze.data:_verify_one - IALT: No short float data from Yahoo or Finviz, dropping (unverified)
2026-07-19 12:55:55 | DEBUG    | shortsqueeze.data:_verify_one - SBEV: No short float data from Yahoo or Finviz, dropping (unverified)
2026-07-19 12:55:55 | DEBUG    | shortsqueeze.data:_verify_one - SIRI: No short float data from Yahoo or Finviz, dropping (unverified)
2026-07-19 12:55:55 | DEBUG    | shortsqueeze.data:_verify_one - BITU: No short float data from Yahoo or Finviz, dropping (unverified)
2026-07-19 12:55:55 | DEBUG    | shortsqueeze.data:_verify_one - AAOI: No short float data from Yahoo or Finviz, dropping (unverified)
2026-07-19 12:55:55 | DEBUG    | shortsqueeze.data:_verify_one - HKIT: No short float data from Yahoo or Finviz, dropping (unverified)
2026-07-19 12:55:56 | DEBUG    | shortsqueeze.data:_verify_one - MFG: No short float data from Yahoo or Finviz, dropping (unverified)
2026-07-19 12:55:56 | DEBUG    | shortsqueeze.data:_verify_one - WOLF: No short float data from Yahoo or Finviz, dropping (unverified)
2026-07-19 12:55:56 | DEBUG    | shortsqueeze.data:_verify_one - HOWL: No short float data from Yahoo or Finviz, dropping (unverified)
2026-07-19 12:55:56 | DEBUG    | shortsqueeze.data:_verify_one - IRD: No short float data from Yahoo or Finviz, dropping (unverified)
2026-07-19 12:55:56 | DEBUG    | shortsqueeze.data:_verify_one - NBIZ: No short float data from Yahoo or Finviz, dropping (unverified)
2026-07-19 12:55:56 | DEBUG    | shortsqueeze.data:_verify_one - FRTT: No short float data from Yahoo or Finviz, dropping (unverified)
2026-07-19 12:55:56 | DEBUG    | shortsqueeze.data:_verify_one - TSLR: No short float data from Yahoo or Finviz, dropping (unverified)
2026-07-19 12:55:57 | DEBUG    | shortsqueeze.data:_verify_one - BCI: No short float data from Yahoo or Finviz, dropping (unverified)
2026-07-19 12:55:57 | DEBUG    | shortsqueeze.data:_verify_one - GRML: No short float data from Yahoo or Finviz, dropping (unverified)
2026-07-19 12:55:57 | DEBUG    | shortsqueeze.data:_verify_one - NIVF: No short float data from Yahoo or Finviz, dropping (unverified)
2026-07-19 12:55:57 | DEBUG    | shortsqueeze.data:_verify_one - AXTX: No short float data from Yahoo or Finviz, dropping (unverified)
2026-07-19 12:55:57 | DEBUG    | shortsqueeze.data:_verify_one - MSBT: No short float data from Yahoo or Finviz, dropping (unverified)
2026-07-19 12:55:57 | DEBUG    | shortsqueeze.data:_verify_one - NUCL: No short float data from Yahoo or Finviz, dropping (unverified)
2026-07-19 12:55:57 | DEBUG    | shortsqueeze.data:_verify_one - TUR: No short float data from Yahoo or Finviz, dropping (unverified)
2026-07-19 12:55:57 | DEBUG    | shortsqueeze.data:_verify_one - BSBR: No short float data from Yahoo or Finviz, dropping (unverified)
2026-07-19 12:55:58 | DEBUG    | shortsqueeze.data:_verify_one - BCDS: No short float data from Yahoo or Finviz, dropping (unverified)
2026-07-19 12:55:58 | DEBUG    | shortsqueeze.data:_verify_one - FROG: No short float data from Yahoo or Finviz, dropping (unverified)
2026-07-19 12:55:58 | DEBUG    | shortsqueeze.data:_verify_one - EQX: No short float data from Yahoo or Finviz, dropping (unverified)
2026-07-19 12:55:58 | DEBUG    | shortsqueeze.data:_verify_one - VEEA: No short float data from Yahoo or Finviz, dropping (unverified)
2026-07-19 12:55:58 | DEBUG    | shortsqueeze.data:_verify_one - FWDI: No short float data from Yahoo or Finviz, dropping (unverified)
2026-07-19 12:55:58 | DEBUG    | shortsqueeze.data:_verify_one - FJET: No short float data from Yahoo or Finviz, dropping (unverified)
2026-07-19 12:55:58 | DEBUG    | shortsqueeze.data:_verify_one - BTE: No short float data from Yahoo or Finviz, dropping (unverified)
2026-07-19 12:55:58 | DEBUG    | shortsqueeze.data:_verify_one - ACN: No short float data from Yahoo or Finviz, dropping (unverified)
2026-07-19 12:55:59 | DEBUG    | shortsqueeze.data:_verify_one - PSEC: No short float data from Yahoo or Finviz, dropping (unverified)
2026-07-19 12:55:59 | DEBUG    | shortsqueeze.data:_verify_one - AAPD: No short float data from Yahoo or Finviz, dropping (unverified)
2026-07-19 12:55:59 | DEBUG    | shortsqueeze.data:_verify_one - ICL: No short float data from Yahoo or Finviz, dropping (unverified)
2026-07-19 12:55:59 | DEBUG    | shortsqueeze.data:_verify_one - GEVO: No short float data from Yahoo or Finviz, dropping (unverified)
2026-07-19 12:55:59 | DEBUG    | shortsqueeze.data:_verify_one - PBA: No short float data from Yahoo or Finviz, dropping (unverified)
2026-07-19 12:55:59 | DEBUG    | shortsqueeze.data:_verify_one - FRMI: No short float data from Yahoo or Finviz, dropping (unverified)
2026-07-19 12:55:59 | DEBUG    | shortsqueeze.data:_verify_one - FPE: No short float data from Yahoo or Finviz, dropping (unverified)
2026-07-19 12:55:59 | DEBUG    | shortsqueeze.data:_verify_one - GLXY: No short float data from Yahoo or Finviz, dropping (unverified)
2026-07-19 12:55:59 | DEBUG    | shortsqueeze.data:_verify_one - JZ: No short float data from Yahoo or Finviz, dropping (unverified)
2026-07-19 12:55:59 | DEBUG    | shortsqueeze.data:_verify_one - XOVR: No short float data from Yahoo or Finviz, dropping (unverified)
2026-07-19 12:56:00 | DEBUG    | shortsqueeze.data:_verify_one - USAS: No short float data from Yahoo or Finviz, dropping (unverified)
2026-07-19 12:56:00 | DEBUG    | shortsqueeze.data:_verify_one - WDCX: No short float data from Yahoo or Finviz, dropping (unverified)
2026-07-19 12:56:00 | DEBUG    | shortsqueeze.data:_verify_one - VXX: No short float data from Yahoo or Finviz, dropping (unverified)
2026-07-19 12:56:00 | DEBUG    | shortsqueeze.data:_verify_one - ORC: No short float data from Yahoo or Finviz, dropping (unverified)
2026-07-19 12:56:00 | DEBUG    | shortsqueeze.data:_verify_one - SMTK: No short float data from Yahoo or Finviz, dropping (unverified)
2026-07-19 12:56:00 | DEBUG    | shortsqueeze.data:_verify_one - FNICF: No short float data from Yahoo or Finviz, dropping (unverified)
2026-07-19 12:56:00 | DEBUG    | shortsqueeze.data:_verify_one - KLAC: No short float data from Yahoo or Finviz, dropping (unverified)
2026-07-19 12:56:00 | DEBUG    | shortsqueeze.data:_verify_one - BHP: No short float data from Yahoo or Finviz, dropping (unverified)
2026-07-19 12:56:01 | DEBUG    | shortsqueeze.data:_verify_one - GDC: No short float data from Yahoo or Finviz, dropping (unverified)
2026-07-19 12:56:01 | DEBUG    | shortsqueeze.data:_verify_one - CSWC: No short float data from Yahoo or Finviz, dropping (unverified)
2026-07-19 12:56:01 | DEBUG    | shortsqueeze.data:_verify_one - GIL: No short float data from Yahoo or Finviz, dropping (unverified)
2026-07-19 12:56:01 | DEBUG    | shortsqueeze.data:_verify_one - HSCS: No short float data from Yahoo or Finviz, dropping (unverified)
2026-07-19 12:56:01 | DEBUG    | shortsqueeze.data:_verify_one - TNA: No short float data from Yahoo or Finviz, dropping (unverified)
2026-07-19 12:56:01 | DEBUG    | shortsqueeze.data:_verify_one - SH: No short float data from Yahoo or Finviz, dropping (unverified)
2026-07-19 12:56:01 | DEBUG    | shortsqueeze.data:_verify_one - BKDV: No short float data from Yahoo or Finviz, dropping (unverified)
2026-07-19 12:56:01 | DEBUG    | shortsqueeze.data:_verify_one - NEXT: No short float data from Yahoo or Finviz, dropping (unverified)
2026-07-19 12:56:02 | DEBUG    | shortsqueeze.data:_verify_one - LUNL: No short float data from Yahoo or Finviz, dropping (unverified)
2026-07-19 12:56:02 | DEBUG    | shortsqueeze.data:_verify_one - GITS: No short float data from Yahoo or Finviz, dropping (unverified)
2026-07-19 12:56:02 | DEBUG    | shortsqueeze.data:_verify_one - ARMG: No short float data from Yahoo or Finviz, dropping (unverified)
2026-07-19 12:56:02 | DEBUG    | shortsqueeze.data:_verify_one - FNDE: No short float data from Yahoo or Finviz, dropping (unverified)
2026-07-19 12:56:02 | DEBUG    | shortsqueeze.data:_verify_one - FFGX: No short float data from Yahoo or Finviz, dropping (unverified)
2026-07-19 12:56:02 | DEBUG    | shortsqueeze.data:_verify_one - INFH: No short float data from Yahoo or Finviz, dropping (unverified)
2026-07-19 12:56:02 | DEBUG    | shortsqueeze.data:_verify_one - GDXY: No short float data from Yahoo or Finviz, dropping (unverified)
2026-07-19 12:56:02 | DEBUG    | shortsqueeze.data:_verify_one - AVS: No short float data from Yahoo or Finviz, dropping (unverified)
2026-07-19 12:56:02 | DEBUG    | shortsqueeze.data:_verify_one - LNAI: No short float data from Yahoo or Finviz, dropping (unverified)
2026-07-19 12:56:02 | DEBUG    | shortsqueeze.data:_verify_one - DJTU: No short float data from Yahoo or Finviz, dropping (unverified)
2026-07-19 12:56:02 | DEBUG    | shortsqueeze.data:_verify_one - TMSL: No short float data from Yahoo or Finviz, dropping (unverified)
2026-07-19 12:56:03 | DEBUG    | shortsqueeze.data:_verify_one - XTAIF: No short float data from Yahoo or Finviz, dropping (unverified)
2026-07-19 12:56:03 | DEBUG    | shortsqueeze.data:_verify_one - PHGE: No short float data from Yahoo or Finviz, dropping (unverified)
2026-07-19 12:56:03 | DEBUG    | shortsqueeze.data:_verify_one - LGRDY: No short float data from Yahoo or Finviz, dropping (unverified)
2026-07-19 12:56:03 | DEBUG    | shortsqueeze.data:_verify_one - TRIB: No short float data from Yahoo or Finviz, dropping (unverified)
2026-07-19 12:56:03 | DEBUG    | shortsqueeze.data:_verify_one - ONDG: No short float data from Yahoo or Finviz, dropping (unverified)
2026-07-19 12:56:03 | DEBUG    | shortsqueeze.data:_verify_one - PDYN: No short float data from Yahoo or Finviz, dropping (unverified)
2026-07-19 12:56:03 | DEBUG    | shortsqueeze.data:_verify_one - TSLT: No short float data from Yahoo or Finviz, dropping (unverified)
2026-07-19 12:56:03 | DEBUG    | shortsqueeze.data:_verify_one - DJT: No short float data from Yahoo or Finviz, dropping (unverified)
2026-07-19 12:56:03 | DEBUG    | shortsqueeze.data:_verify_one - JEPI: No short float data from Yahoo or Finviz, dropping (unverified)
2026-07-19 12:56:03 | DEBUG    | shortsqueeze.data:_verify_one - BETZ: No short float data from Yahoo or Finviz, dropping (unverified)
2026-07-19 12:56:03 | DEBUG    | shortsqueeze.data:_verify_one - IBB: No short float data from Yahoo or Finviz, dropping (unverified)
2026-07-19 12:56:04 | DEBUG    | shortsqueeze.data:_verify_one - BBAR: No short float data from Yahoo or Finviz, dropping (unverified)
2026-07-19 12:56:04 | DEBUG    | shortsqueeze.data:_verify_one - PURR: No short float data from Yahoo or Finviz, dropping (unverified)
2026-07-19 12:56:04 | DEBUG    | shortsqueeze.data:_verify_one - MMTIF: No short float data from Yahoo or Finviz, dropping (unverified)
2026-07-19 12:56:04 | DEBUG    | shortsqueeze.data:_verify_one - SID: No short float data from Yahoo or Finviz, dropping (unverified)
2026-07-19 12:56:04 | DEBUG    | shortsqueeze.data:_verify_one - ECX: No short float data from Yahoo or Finviz, dropping (unverified)
2026-07-19 12:56:04 | DEBUG    | shortsqueeze.data:_verify_one - CIEG: No short float data from Yahoo or Finviz, dropping (unverified)
2026-07-19 12:56:04 | DEBUG    | shortsqueeze.data:_verify_one - SMST: No short float data from Yahoo or Finviz, dropping (unverified)
2026-07-19 12:56:04 | DEBUG    | shortsqueeze.data:_verify_one - SMFG: No short float data from Yahoo or Finviz, dropping (unverified)
2026-07-19 12:56:04 | DEBUG    | shortsqueeze.data:_verify_one - BGS: No short float data from Yahoo or Finviz, dropping (unverified)
2026-07-19 12:56:04 | DEBUG    | shortsqueeze.data:_verify_one - FJUN: No short float data from Yahoo or Finviz, dropping (unverified)
2026-07-19 12:56:05 | DEBUG    | shortsqueeze.data:_verify_one - TFSL: No short float data from Yahoo or Finviz, dropping (unverified)
2026-07-19 12:56:05 | DEBUG    | shortsqueeze.data:_verify_one - PATN: No short float data from Yahoo or Finviz, dropping (unverified)
2026-07-19 12:56:05 | DEBUG    | shortsqueeze.data:_verify_one - GGT: No short float data from Yahoo or Finviz, dropping (unverified)
2026-07-19 12:56:05 | DEBUG    | shortsqueeze.data:_verify_one - LASE: No short float data from Yahoo or Finviz, dropping (unverified)
2026-07-19 12:56:05 | DEBUG    | shortsqueeze.data:_verify_one - SNN: No short float data from Yahoo or Finviz, dropping (unverified)
2026-07-19 12:56:05 | DEBUG    | shortsqueeze.data:_verify_one - SCZ: No short float data from Yahoo or Finviz, dropping (unverified)
2026-07-19 12:56:05 | DEBUG    | shortsqueeze.data:_verify_one - RKT: No short float data from Yahoo or Finviz, dropping (unverified)
2026-07-19 12:56:05 | DEBUG    | shortsqueeze.data:_verify_one - RKTO: No short float data from Yahoo or Finviz, dropping (unverified)
2026-07-19 12:56:05 | DEBUG    | shortsqueeze.data:_verify_one - SPIR: No short float data from Yahoo or Finviz, dropping (unverified)
2026-07-19 12:56:05 | DEBUG    | shortsqueeze.data:_verify_one - LWAY: No short float data from Yahoo or Finviz, dropping (unverified)
2026-07-19 12:56:05 | DEBUG    | shortsqueeze.data:_verify_one - CGDG: No short float data from Yahoo or Finviz, dropping (unverified)
2026-07-19 12:56:06 | DEBUG    | shortsqueeze.data:_verify_one - AAOG: No short float data from Yahoo or Finviz, dropping (unverified)
2026-07-19 12:56:06 | DEBUG    | shortsqueeze.data:_verify_one - KYMR: No short float data from Yahoo or Finviz, dropping (unverified)
2026-07-19 12:56:06 | DEBUG    | shortsqueeze.data:_verify_one - ACYS: No short float data from Yahoo or Finviz, dropping (unverified)
2026-07-19 12:56:06 | DEBUG    | shortsqueeze.data:_verify_one - MGRX: No short float data from Yahoo or Finviz, dropping (unverified)
2026-07-19 12:56:06 | DEBUG    | shortsqueeze.data:_verify_one - FTHI: No short float data from Yahoo or Finviz, dropping (unverified)
2026-07-19 12:56:06 | DEBUG    | shortsqueeze.data:_verify_one - NVTS: No short float data from Yahoo or Finviz, dropping (unverified)
2026-07-19 12:56:06 | DEBUG    | shortsqueeze.data:_verify_one - XLB: No short float data from Yahoo or Finviz, dropping (unverified)
2026-07-19 12:56:06 | DEBUG    | shortsqueeze.data:_verify_one - DDFZ: No short float data from Yahoo or Finviz, dropping (unverified)
2026-07-19 12:56:06 | DEBUG    | shortsqueeze.data:_verify_one - QNC: No short float data from Yahoo or Finviz, dropping (unverified)
2026-07-19 12:56:06 | DEBUG    | shortsqueeze.data:_verify_one - FGMC: No short float data from Yahoo or Finviz, dropping (unverified)
2026-07-19 12:56:07 | DEBUG    | shortsqueeze.data:_verify_one - DEFT: No short float data from Yahoo or Finviz, dropping (unverified)
2026-07-19 12:56:07 | DEBUG    | shortsqueeze.data:_verify_one - PZA: No short float data from Yahoo or Finviz, dropping (unverified)
2026-07-19 12:56:07 | DEBUG    | shortsqueeze.data:_verify_one - NLST: No short float data from Yahoo or Finviz, dropping (unverified)
2026-07-19 12:56:07 | DEBUG    | shortsqueeze.data:_verify_one - HBM: No short float data from Yahoo or Finviz, dropping (unverified)
2026-07-19 12:56:07 | DEBUG    | shortsqueeze.data:_verify_one - BIYA: No short float data from Yahoo or Finviz, dropping (unverified)
2026-07-19 12:56:07 | DEBUG    | shortsqueeze.data:_verify_one - DBGI: No short float data from Yahoo or Finviz, dropping (unverified)
2026-07-19 12:56:07 | DEBUG    | shortsqueeze.data:_verify_one - ADBE: No short float data from Yahoo or Finviz, dropping (unverified)
2026-07-19 12:56:07 | DEBUG    | shortsqueeze.data:_verify_one - JNK: No short float data from Yahoo or Finviz, dropping (unverified)
2026-07-19 12:56:07 | DEBUG    | shortsqueeze.data:_verify_one - AMPU: No short float data from Yahoo or Finviz, dropping (unverified)
2026-07-19 12:56:08 | DEBUG    | shortsqueeze.data:_verify_one - MICC: No short float data from Yahoo or Finviz, dropping (unverified)
2026-07-19 12:56:08 | DEBUG    | shortsqueeze.data:_verify_one - SPLV: No short float data from Yahoo or Finviz, dropping (unverified)
2026-07-19 12:56:08 | DEBUG    | shortsqueeze.data:_verify_one - INDA: No short float data from Yahoo or Finviz, dropping (unverified)
2026-07-19 12:56:08 | DEBUG    | shortsqueeze.data:_verify_one - BYDDY: No short float data from Yahoo or Finviz, dropping (unverified)
2026-07-19 12:56:08 | DEBUG    | shortsqueeze.data:_verify_one - JROOF: No short float data from Yahoo or Finviz, dropping (unverified)
2026-07-19 12:56:08 | DEBUG    | shortsqueeze.data:_verify_one - AMDL: No short float data from Yahoo or Finviz, dropping (unverified)
2026-07-19 12:56:08 | DEBUG    | shortsqueeze.data:_verify_one - SPXU: No short float data from Yahoo or Finviz, dropping (unverified)
2026-07-19 12:56:08 | DEBUG    | shortsqueeze.data:_verify_one - GDXU: No short float data from Yahoo or Finviz, dropping (unverified)
2026-07-19 12:56:08 | DEBUG    | shortsqueeze.data:_verify_one - KBLB: No short float data from Yahoo or Finviz, dropping (unverified)
2026-07-19 12:56:08 | DEBUG    | shortsqueeze.data:_verify_one - PLSM: No short float data from Yahoo or Finviz, dropping (unverified)
2026-07-19 12:56:09 | DEBUG    | shortsqueeze.data:_verify_one - RDWU: No short float data from Yahoo or Finviz, dropping (unverified)
2026-07-19 12:56:09 | DEBUG    | shortsqueeze.data:_verify_one - FNMAS: No short float data from Yahoo or Finviz, dropping (unverified)
2026-07-19 12:56:09 | DEBUG    | shortsqueeze.data:_verify_one - EVTV: No short float data from Yahoo or Finviz, dropping (unverified)
2026-07-19 12:56:09 | DEBUG    | shortsqueeze.data:_verify_one - MRNO: No short float data from Yahoo or Finviz, dropping (unverified)
2026-07-19 12:56:09 | DEBUG    | shortsqueeze.data:_verify_one - SW: No short float data from Yahoo or Finviz, dropping (unverified)
2026-07-19 12:56:09 | DEBUG    | shortsqueeze.data:_verify_one - TGSGY: No short float data from Yahoo or Finviz, dropping (unverified)
2026-07-19 12:56:09 | DEBUG    | shortsqueeze.data:_verify_one - VTWO: No short float data from Yahoo or Finviz, dropping (unverified)
2026-07-19 12:56:09 | DEBUG    | shortsqueeze.data:_verify_one - SPBO: No short float data from Yahoo or Finviz, dropping (unverified)
2026-07-19 12:56:09 | DEBUG    | shortsqueeze.data:_verify_one - NVX: No short float data from Yahoo or Finviz, dropping (unverified)
2026-07-19 12:56:10 | DEBUG    | shortsqueeze.data:_verify_one - QUCY: No short float data from Yahoo or Finviz, dropping (unverified)
2026-07-19 12:56:10 | DEBUG    | shortsqueeze.data:_verify_one - FIGR: No short float data from Yahoo or Finviz, dropping (unverified)
2026-07-19 12:56:10 | DEBUG    | shortsqueeze.data:_verify_one - INV: No short float data from Yahoo or Finviz, dropping (unverified)
2026-07-19 12:56:10 | DEBUG    | shortsqueeze.data:_verify_one - FLY: No short float data from Yahoo or Finviz, dropping (unverified)
2026-07-19 12:56:10 | DEBUG    | shortsqueeze.data:_verify_one - AUPH: No short float data from Yahoo or Finviz, dropping (unverified)
2026-07-19 12:56:10 | DEBUG    | shortsqueeze.data:_verify_one - KIROY: No short float data from Yahoo or Finviz, dropping (unverified)
2026-07-19 12:56:10 | DEBUG    | shortsqueeze.data:_verify_one - MDLK: No short float data from Yahoo or Finviz, dropping (unverified)
2026-07-19 12:56:10 | DEBUG    | shortsqueeze.data:_verify_one - NWGL: No short float data from Yahoo or Finviz, dropping (unverified)
2026-07-19 12:56:10 | DEBUG    | shortsqueeze.data:_verify_one - EWG: No short float data from Yahoo or Finviz, dropping (unverified)
2026-07-19 12:56:11 | DEBUG    | shortsqueeze.data:_verify_one - CGMXF: No short float data from Yahoo or Finviz, dropping (unverified)
2026-07-19 12:56:11 | DEBUG    | shortsqueeze.data:_verify_one - GSBD: No short float data from Yahoo or Finviz, dropping (unverified)
2026-07-19 12:56:11 | DEBUG    | shortsqueeze.data:_verify_one - BDYN: No short float data from Yahoo or Finviz, dropping (unverified)
2026-07-19 12:56:11 | DEBUG    | shortsqueeze.data:_verify_one - IHI: No short float data from Yahoo or Finviz, dropping (unverified)
2026-07-19 12:56:11 | DEBUG    | shortsqueeze.data:_verify_one - INVZ: No short float data from Yahoo or Finviz, dropping (unverified)
2026-07-19 12:56:11 | DEBUG    | shortsqueeze.data:_verify_one - LWLG: No short float data from Yahoo or Finviz, dropping (unverified)
2026-07-19 12:56:12 | DEBUG    | shortsqueeze.data:_verify_one - IBX: No short float data from Yahoo or Finviz, dropping (unverified)
2026-07-19 12:56:12 | DEBUG    | shortsqueeze.data:_verify_one - METU: No short float data from Yahoo or Finviz, dropping (unverified)
2026-07-19 12:56:12 | DEBUG    | shortsqueeze.data:_verify_one - QNT: No short float data from Yahoo or Finviz, dropping (unverified)
2026-07-19 12:56:12 | DEBUG    | shortsqueeze.data:_verify_one - KKPNY: No short float data from Yahoo or Finviz, dropping (unverified)
2026-07-19 12:56:12 | DEBUG    | shortsqueeze.data:_verify_one - LNKS: No short float data from Yahoo or Finviz, dropping (unverified)
2026-07-19 12:56:12 | DEBUG    | shortsqueeze.data:_verify_one - BEKE: No short float data from Yahoo or Finviz, dropping (unverified)
2026-07-19 12:56:12 | DEBUG    | shortsqueeze.data:_verify_one - NVDQ: No short float data from Yahoo or Finviz, dropping (unverified)
2026-07-19 12:56:12 | DEBUG    | shortsqueeze.data:_verify_one - FALN: No short float data from Yahoo or Finviz, dropping (unverified)
2026-07-19 12:56:12 | DEBUG    | shortsqueeze.data:_verify_one - RGTIW: No short float data from Yahoo or Finviz, dropping (unverified)
2026-07-19 12:56:12 | DEBUG    | shortsqueeze.data:_verify_one - PLTU: No short float data from Yahoo or Finviz, dropping (unverified)
2026-07-19 12:56:12 | DEBUG    | shortsqueeze.data:_verify_one - IHICY: No short float data from Yahoo or Finviz, dropping (unverified)
2026-07-19 12:56:12 | DEBUG    | shortsqueeze.data:_verify_one - WLDS: No short float data from Yahoo or Finviz, dropping (unverified)
2026-07-19 12:56:12 | DEBUG    | shortsqueeze.data:_verify_one - EXK: No short float data from Yahoo or Finviz, dropping (unverified)
2026-07-19 12:56:13 | DEBUG    | shortsqueeze.data:_verify_one - SOFX: No short float data from Yahoo or Finviz, dropping (unverified)
2026-07-19 12:56:13 | DEBUG    | shortsqueeze.data:_verify_one - RWM: No short float data from Yahoo or Finviz, dropping (unverified)
2026-07-19 12:56:13 | DEBUG    | shortsqueeze.data:_verify_one - EU: No short float data from Yahoo or Finviz, dropping (unverified)
2026-07-19 12:56:13 | DEBUG    | shortsqueeze.data:_verify_one - BWIN: No short float data from Yahoo or Finviz, dropping (unverified)
2026-07-19 12:56:13 | DEBUG    | shortsqueeze.data:_verify_one - NVOX: No short float data from Yahoo or Finviz, dropping (unverified)
2026-07-19 12:56:13 | DEBUG    | shortsqueeze.data:_verify_one - OILU: No short float data from Yahoo or Finviz, dropping (unverified)
2026-07-19 12:56:13 | DEBUG    | shortsqueeze.data:_verify_one - SPCL: No short float data from Yahoo or Finviz, dropping (unverified)
2026-07-19 12:56:13 | DEBUG    | shortsqueeze.data:_verify_one - GMEU: No short float data from Yahoo or Finviz, dropping (unverified)
2026-07-19 12:56:14 | DEBUG    | shortsqueeze.data:_verify_one - AHMA: No short float data from Yahoo or Finviz, dropping (unverified)
2026-07-19 12:56:14 | DEBUG    | shortsqueeze.data:_verify_one - BUR: No short float data from Yahoo or Finviz, dropping (unverified)
2026-07-19 12:56:14 | DEBUG    | shortsqueeze.data:_verify_one - FPAS: No short float data from Yahoo or Finviz, dropping (unverified)
2026-07-19 12:56:14 | DEBUG    | shortsqueeze.data:_verify_one - PLU: No short float data from Yahoo or Finviz, dropping (unverified)
2026-07-19 12:56:14 | DEBUG    | shortsqueeze.data:_verify_one - IGPK: No short float data from Yahoo or Finviz, dropping (unverified)
2026-07-19 12:56:14 | DEBUG    | shortsqueeze.data:_verify_one - IYZ: No short float data from Yahoo or Finviz, dropping (unverified)
2026-07-19 12:56:14 | DEBUG    | shortsqueeze.data:_verify_one - TGHL: No short float data from Yahoo or Finviz, dropping (unverified)
2026-07-19 12:56:14 | DEBUG    | shortsqueeze.data:_verify_one - VVOS: No short float data from Yahoo or Finviz, dropping (unverified)
2026-07-19 12:56:14 | DEBUG    | shortsqueeze.data:_verify_one - HCWB: No short float data from Yahoo or Finviz, dropping (unverified)
2026-07-19 12:56:15 | DEBUG    | shortsqueeze.data:_verify_one - XCH: No short float data from Yahoo or Finviz, dropping (unverified)
2026-07-19 12:56:15 | DEBUG    | shortsqueeze.data:_verify_one - FWRD: No short float data from Yahoo or Finviz, dropping (unverified)
2026-07-19 12:56:15 | DEBUG    | shortsqueeze.data:_verify_one - DIDIY: No short float data from Yahoo or Finviz, dropping (unverified)
2026-07-19 12:56:15 | DEBUG    | shortsqueeze.data:_verify_one - FCUV: No short float data from Yahoo or Finviz, dropping (unverified)
2026-07-19 12:56:15 | DEBUG    | shortsqueeze.data:_verify_one - SHNY: No short float data from Yahoo or Finviz, dropping (unverified)
2026-07-19 12:56:15 | DEBUG    | shortsqueeze.data:_verify_one - GDXD: No short float data from Yahoo or Finviz, dropping (unverified)
2026-07-19 12:56:15 | DEBUG    | shortsqueeze.data:_verify_one - ABR: No short float data from Yahoo or Finviz, dropping (unverified)
2026-07-19 12:56:15 | DEBUG    | shortsqueeze.data:_verify_one - STEX: No short float data from Yahoo or Finviz, dropping (unverified)
2026-07-19 12:56:16 | DEBUG    | shortsqueeze.data:_verify_one - SYGCF: No short float data from Yahoo or Finviz, dropping (unverified)
2026-07-19 12:56:16 | DEBUG    | shortsqueeze.data:_verify_one - XPEV: No short float data from Yahoo or Finviz, dropping (unverified)
2026-07-19 12:56:16 | DEBUG    | shortsqueeze.data:_verify_one - TRI: No short float data from Yahoo or Finviz, dropping (unverified)
2026-07-19 12:56:16 | DEBUG    | shortsqueeze.data:_verify_one - INIO: No short float data from Yahoo or Finviz, dropping (unverified)
2026-07-19 12:56:16 | DEBUG    | shortsqueeze.data:_verify_one - FMDE: No short float data from Yahoo or Finviz, dropping (unverified)
2026-07-19 12:56:16 | DEBUG    | shortsqueeze.data:_verify_one - CRWG: No short float data from Yahoo or Finviz, dropping (unverified)
2026-07-19 12:56:16 | DEBUG    | shortsqueeze.data:_verify_one - TMC: No short float data from Yahoo or Finviz, dropping (unverified)
2026-07-19 12:56:16 | DEBUG    | shortsqueeze.data:_verify_one - FAAR: No short float data from Yahoo or Finviz, dropping (unverified)
2026-07-19 12:56:16 | DEBUG    | shortsqueeze.data:_verify_one - BAYRY: No short float data from Yahoo or Finviz, dropping (unverified)
2026-07-19 12:56:16 | DEBUG    | shortsqueeze.data:_verify_one - SXYAY: No short float data from Yahoo or Finviz, dropping (unverified)
2026-07-19 12:56:17 | DEBUG    | shortsqueeze.data:_verify_one - STUB: No short float data from Yahoo or Finviz, dropping (unverified)
2026-07-19 12:56:17 | DEBUG    | shortsqueeze.data:_verify_one - LABD: No short float data from Yahoo or Finviz, dropping (unverified)
2026-07-19 12:56:17 | DEBUG    | shortsqueeze.data:_verify_one - DOC: No short float data from Yahoo or Finviz, dropping (unverified)
2026-07-19 12:56:17 | DEBUG    | shortsqueeze.data:_verify_one - CVNA: No short float data from Yahoo or Finviz, dropping (unverified)
2026-07-19 12:56:17 | DEBUG    | shortsqueeze.data:_verify_one - IUSB: No short float data from Yahoo or Finviz, dropping (unverified)
2026-07-19 12:56:17 | DEBUG    | shortsqueeze.data:_verify_one - SMMNY: No short float data from Yahoo or Finviz, dropping (unverified)
2026-07-19 12:56:17 | DEBUG    | shortsqueeze.data:_verify_one - BRUN: No short float data from Yahoo or Finviz, dropping (unverified)
2026-07-19 12:56:17 | DEBUG    | shortsqueeze.data:_verify_one - BTGD: No short float data from Yahoo or Finviz, dropping (unverified)
2026-07-19 12:56:17 | DEBUG    | shortsqueeze.data:_verify_one - CGMM: No short float data from Yahoo or Finviz, dropping (unverified)
2026-07-19 12:56:18 | DEBUG    | shortsqueeze.data:_verify_one - SFL: No short float data from Yahoo or Finviz, dropping (unverified)
2026-07-19 12:56:18 | DEBUG    | shortsqueeze.data:_verify_one - SATA: No short float data from Yahoo or Finviz, dropping (unverified)
2026-07-19 12:56:18 | DEBUG    | shortsqueeze.data:_verify_one - JUNW: No short float data from Yahoo or Finviz, dropping (unverified)
2026-07-19 12:56:18 | DEBUG    | shortsqueeze.data:_verify_one - BYAGF: No short float data from Yahoo or Finviz, dropping (unverified)
2026-07-19 12:56:18 | DEBUG    | shortsqueeze.data:_verify_one - PDIYF: No short float data from Yahoo or Finviz, dropping (unverified)
2026-07-19 12:56:18 | DEBUG    | shortsqueeze.data:_verify_one - AIIO: No short float data from Yahoo or Finviz, dropping (unverified)
2026-07-19 12:56:18 | DEBUG    | shortsqueeze.data:_verify_one - CORB: No short float data from Yahoo or Finviz, dropping (unverified)
2026-07-19 12:56:18 | DEBUG    | shortsqueeze.data:_verify_one - ASX: No short float data from Yahoo or Finviz, dropping (unverified)
2026-07-19 12:56:18 | DEBUG    | shortsqueeze.data:_verify_one - DB: No short float data from Yahoo or Finviz, dropping (unverified)
2026-07-19 12:56:18 | DEBUG    | shortsqueeze.data:_verify_one - IMSR: No short float data from Yahoo or Finviz, dropping (unverified)
2026-07-19 12:56:18 | DEBUG    | shortsqueeze.data:_verify_one - MSFX: No short float data from Yahoo or Finviz, dropping (unverified)
2026-07-19 12:56:18 | DEBUG    | shortsqueeze.data:_verify_one - CHLSY: No short float data from Yahoo or Finviz, dropping (unverified)
2026-07-19 12:56:19 | DEBUG    | shortsqueeze.data:_verify_one - HLP: No short float data from Yahoo or Finviz, dropping (unverified)
2026-07-19 12:56:19 | DEBUG    | shortsqueeze.data:_verify_one - ADYEY: No short float data from Yahoo or Finviz, dropping (unverified)
2026-07-19 12:56:19 | DEBUG    | shortsqueeze.data:_verify_one - CLNV: No short float data from Yahoo or Finviz, dropping (unverified)
2026-07-19 12:56:19 | DEBUG    | shortsqueeze.data:_verify_one - BIRD: No short float data from Yahoo or Finviz, dropping (unverified)
2026-07-19 12:56:19 | DEBUG    | shortsqueeze.data:_verify_one - BLSH: No short float data from Yahoo or Finviz, dropping (unverified)
2026-07-19 12:56:19 | DEBUG    | shortsqueeze.data:_verify_one - SVM: No short float data from Yahoo or Finviz, dropping (unverified)
2026-07-19 12:56:19 | DEBUG    | shortsqueeze.data:_verify_one - ZJUN: No short float data from Yahoo or Finviz, dropping (unverified)
2026-07-19 12:56:19 | DEBUG    | shortsqueeze.data:_verify_one - GSK: No short float data from Yahoo or Finviz, dropping (unverified)
2026-07-19 12:56:20 | DEBUG    | shortsqueeze.data:_verify_one - GOOGM: No short float data from Yahoo or Finviz, dropping (unverified)
2026-07-19 12:56:20 | DEBUG    | shortsqueeze.data:_verify_one - JSCP: No short float data from Yahoo or Finviz, dropping (unverified)
2026-07-19 12:56:20 | DEBUG    | shortsqueeze.data:_verify_one - AMAU: No short float data from Yahoo or Finviz, dropping (unverified)
2026-07-19 12:56:20 | DEBUG    | shortsqueeze.data:_verify_one - PPH: No short float data from Yahoo or Finviz, dropping (unverified)
2026-07-19 12:56:20 | DEBUG    | shortsqueeze.data:_verify_one - MUB: No short float data from Yahoo or Finviz, dropping (unverified)
2026-07-19 12:56:20 | DEBUG    | shortsqueeze.data:_verify_one - IREZ: No short float data from Yahoo or Finviz, dropping (unverified)
2026-07-19 12:56:20 | DEBUG    | shortsqueeze.data:_verify_one - SUNE: No short float data from Yahoo or Finviz, dropping (unverified)
2026-07-19 12:56:20 | DEBUG    | shortsqueeze.data:_verify_one - UCO: No short float data from Yahoo or Finviz, dropping (unverified)
2026-07-19 12:56:20 | DEBUG    | shortsqueeze.data:_verify_one - ELDN: No short float data from Yahoo or Finviz, dropping (unverified)
2026-07-19 12:56:21 | DEBUG    | shortsqueeze.data:_verify_one - TECH: No short float data from Yahoo or Finviz, dropping (unverified)
2026-07-19 12:56:21 | DEBUG    | shortsqueeze.data:_verify_one - ZENA: No short float data from Yahoo or Finviz, dropping (unverified)
2026-07-19 12:56:21 | DEBUG    | shortsqueeze.data:_verify_one - EPMLF: No short float data from Yahoo or Finviz, dropping (unverified)
2026-07-19 12:56:21 | DEBUG    | shortsqueeze.data:_verify_one - OTLK: No short float data from Yahoo or Finviz, dropping (unverified)
2026-07-19 12:56:21 | DEBUG    | shortsqueeze.data:_verify_one - SHAZ: No short float data from Yahoo or Finviz, dropping (unverified)
2026-07-19 12:56:21 | DEBUG    | shortsqueeze.data:_verify_one - ORCX: No short float data from Yahoo or Finviz, dropping (unverified)
2026-07-19 12:56:21 | DEBUG    | shortsqueeze.data:_verify_one - BBEU: No short float data from Yahoo or Finviz, dropping (unverified)
2026-07-19 12:56:21 | DEBUG    | shortsqueeze.data:_verify_one - JUNS: No short float data from Yahoo or Finviz, dropping (unverified)
2026-07-19 12:56:21 | DEBUG    | shortsqueeze.data:_verify_one - CAIE: No short float data from Yahoo or Finviz, dropping (unverified)
2026-07-19 12:56:22 | DEBUG    | shortsqueeze.data:_verify_one - YYGH: No short float data from Yahoo or Finviz, dropping (unverified)
2026-07-19 12:56:22 | DEBUG    | shortsqueeze.data:_verify_one - PFXF: No short float data from Yahoo or Finviz, dropping (unverified)
2026-07-19 12:56:22 | DEBUG    | shortsqueeze.data:_verify_one - SFTY: No short float data from Yahoo or Finviz, dropping (unverified)
2026-07-19 12:56:22 | DEBUG    | shortsqueeze.data:_verify_one - ASBP: No short float data from Yahoo or Finviz, dropping (unverified)
2026-07-19 12:56:22 | DEBUG    | shortsqueeze.data:_verify_one - KLAR: No short float data from Yahoo or Finviz, dropping (unverified)
2026-07-19 12:56:22 | DEBUG    | shortsqueeze.data:_verify_one - MTEN: No short float data from Yahoo or Finviz, dropping (unverified)
2026-07-19 12:56:22 | DEBUG    | shortsqueeze.data:_verify_one - TUSK: No short float data from Yahoo or Finviz, dropping (unverified)
2026-07-19 12:56:22 | DEBUG    | shortsqueeze.data:_verify_one - RITM: No short float data from Yahoo or Finviz, dropping (unverified)
2026-07-19 12:56:23 | DEBUG    | shortsqueeze.data:_verify_one - CNEY: No short float data from Yahoo or Finviz, dropping (unverified)
2026-07-19 12:56:23 | DEBUG    | shortsqueeze.data:_verify_one - SHYD: No short float data from Yahoo or Finviz, dropping (unverified)
2026-07-19 12:56:23 | DEBUG    | shortsqueeze.data:_verify_one - DFEM: No short float data from Yahoo or Finviz, dropping (unverified)
2026-07-19 12:56:23 | DEBUG    | shortsqueeze.data:_verify_one - STBFY: No short float data from Yahoo or Finviz, dropping (unverified)
2026-07-19 12:56:23 | DEBUG    | shortsqueeze.data:_verify_one - DRAL: No short float data from Yahoo or Finviz, dropping (unverified)
2026-07-19 12:56:23 | DEBUG    | shortsqueeze.data:_verify_one - LEEEF: No short float data from Yahoo or Finviz, dropping (unverified)
2026-07-19 12:56:23 | DEBUG    | shortsqueeze.data:_verify_one - JOBY: No short float data from Yahoo or Finviz, dropping (unverified)
2026-07-19 12:56:23 | DEBUG    | shortsqueeze.data:_verify_one - OBDC: No short float data from Yahoo or Finviz, dropping (unverified)
2026-07-19 12:56:23 | DEBUG    | shortsqueeze.data:_verify_one - MSDL: No short float data from Yahoo or Finviz, dropping (unverified)
2026-07-19 12:56:23 | DEBUG    | shortsqueeze.data:_verify_one - STNRF: No short float data from Yahoo or Finviz, dropping (unverified)
2026-07-19 12:56:23 | DEBUG    | shortsqueeze.data:_verify_one - WHLR: No short float data from Yahoo or Finviz, dropping (unverified)
2026-07-19 12:56:23 | DEBUG    | shortsqueeze.data:_verify_one - AURA: No short float data from Yahoo or Finviz, dropping (unverified)
2026-07-19 12:56:24 | DEBUG    | shortsqueeze.data:_verify_one - CRCD: No short float data from Yahoo or Finviz, dropping (unverified)
2026-07-19 12:56:24 | DEBUG    | shortsqueeze.data:_verify_one - CCHH: No short float data from Yahoo or Finviz, dropping (unverified)
2026-07-19 12:56:24 | DEBUG    | shortsqueeze.data:_verify_one - RAAX: No short float data from Yahoo or Finviz, dropping (unverified)
2026-07-19 12:56:24 | DEBUG    | shortsqueeze.data:_verify_one - MMS: No short float data from Yahoo or Finviz, dropping (unverified)
2026-07-19 12:56:24 | DEBUG    | shortsqueeze.data:_verify_one - TSLX: No short float data from Yahoo or Finviz, dropping (unverified)
2026-07-19 12:56:24 | DEBUG    | shortsqueeze.data:_verify_one - SAN: No short float data from Yahoo or Finviz, dropping (unverified)
2026-07-19 12:56:24 | DEBUG    | shortsqueeze.data:_verify_one - NVDY: No short float data from Yahoo or Finviz, dropping (unverified)
2026-07-19 12:56:24 | DEBUG    | shortsqueeze.data:_verify_one - REAX: No short float data from Yahoo or Finviz, dropping (unverified)
2026-07-19 12:56:25 | DEBUG    | shortsqueeze.data:_verify_one - TYG: No short float data from Yahoo or Finviz, dropping (unverified)
2026-07-19 12:56:25 | DEBUG    | shortsqueeze.data:_verify_one - VZLA: No short float data from Yahoo or Finviz, dropping (unverified)
2026-07-19 12:56:25 | DEBUG    | shortsqueeze.data:_verify_one - PJUN: No short float data from Yahoo or Finviz, dropping (unverified)
2026-07-19 12:56:25 | DEBUG    | shortsqueeze.data:_verify_one - LSPD: No short float data from Yahoo or Finviz, dropping (unverified)
2026-07-19 12:56:25 | DEBUG    | shortsqueeze.data:_verify_one - TLX: No short float data from Yahoo or Finviz, dropping (unverified)
2026-07-19 12:56:25 | DEBUG    | shortsqueeze.data:_verify_one - KGC: No short float data from Yahoo or Finviz, dropping (unverified)
2026-07-19 12:56:25 | DEBUG    | shortsqueeze.data:_verify_one - ALM: No short float data from Yahoo or Finviz, dropping (unverified)
2026-07-19 12:56:25 | DEBUG    | shortsqueeze.data:_verify_one - KIE: No short float data from Yahoo or Finviz, dropping (unverified)
2026-07-19 12:56:26 | DEBUG    | shortsqueeze.data:_verify_one - WCLD: No short float data from Yahoo or Finviz, dropping (unverified)
2026-07-19 12:56:26 | DEBUG    | shortsqueeze.data:_verify_one - ALSMY: No short float data from Yahoo or Finviz, dropping (unverified)
2026-07-19 12:56:26 | DEBUG    | shortsqueeze.data:_verify_one - GLWG: No short float data from Yahoo or Finviz, dropping (unverified)
2026-07-19 12:56:26 | DEBUG    | shortsqueeze.data:_verify_one - DKNG: No short float data from Yahoo or Finviz, dropping (unverified)
2026-07-19 12:56:26 | DEBUG    | shortsqueeze.data:_verify_one - GDXJ: No short float data from Yahoo or Finviz, dropping (unverified)
2026-07-19 12:56:26 | DEBUG    | shortsqueeze.data:_verify_one - MDA: No short float data from Yahoo or Finviz, dropping (unverified)
2026-07-19 12:56:26 | DEBUG    | shortsqueeze.data:_verify_one - AMDY: No short float data from Yahoo or Finviz, dropping (unverified)
2026-07-19 12:56:26 | DEBUG    | shortsqueeze.data:_verify_one - DFAE: No short float data from Yahoo or Finviz, dropping (unverified)
2026-07-19 12:56:26 | DEBUG    | shortsqueeze.data:_verify_one - FRVO: No short float data from Yahoo or Finviz, dropping (unverified)
2026-07-19 12:56:26 | DEBUG    | shortsqueeze.data:_verify_one - PSBD: No short float data from Yahoo or Finviz, dropping (unverified)
2026-07-19 12:56:26 | DEBUG    | shortsqueeze.data:_verify_one - FBY: No short float data from Yahoo or Finviz, dropping (unverified)
2026-07-19 12:56:26 | DEBUG    | shortsqueeze.data:_verify_one - CAE: No short float data from Yahoo or Finviz, dropping (unverified)
2026-07-19 12:56:26 | DEBUG    | shortsqueeze.data:_verify_one - FANCF: No short float data from Yahoo or Finviz, dropping (unverified)
2026-07-19 12:56:27 | DEBUG    | shortsqueeze.data:_verify_one - CGIB: No short float data from Yahoo or Finviz, dropping (unverified)
2026-07-19 12:56:27 | DEBUG    | shortsqueeze.data:_verify_one - PGF: No short float data from Yahoo or Finviz, dropping (unverified)
2026-07-19 12:56:27 | DEBUG    | shortsqueeze.data:_verify_one - MYO: No short float data from Yahoo or Finviz, dropping (unverified)
2026-07-19 12:56:27 | DEBUG    | shortsqueeze.data:_verify_one - JMIA: No short float data from Yahoo or Finviz, dropping (unverified)
2026-07-19 12:56:27 | DEBUG    | shortsqueeze.data:_verify_one - YLD: No short float data from Yahoo or Finviz, dropping (unverified)
2026-07-19 12:56:27 | DEBUG    | shortsqueeze.data:_verify_one - RCEL: No short float data from Yahoo or Finviz, dropping (unverified)
2026-07-19 12:56:27 | DEBUG    | shortsqueeze.data:_verify_one - CNQ: No short float data from Yahoo or Finviz, dropping (unverified)
2026-07-19 12:56:27 | DEBUG    | shortsqueeze.data:_verify_one - MRNA: No short float data from Yahoo or Finviz, dropping (unverified)
2026-07-19 12:56:28 | DEBUG    | shortsqueeze.data:_verify_one - CRE: No short float data from Yahoo or Finviz, dropping (unverified)
2026-07-19 12:56:28 | DEBUG    | shortsqueeze.data:_verify_one - INTR: No short float data from Yahoo or Finviz, dropping (unverified)
2026-07-19 12:56:28 | DEBUG    | shortsqueeze.data:_verify_one - CVE: No short float data from Yahoo or Finviz, dropping (unverified)
2026-07-19 12:56:28 | DEBUG    | shortsqueeze.data:_verify_one - INTW: No short float data from Yahoo or Finviz, dropping (unverified)
2026-07-19 12:56:28 | DEBUG    | shortsqueeze.data:_verify_one - DFTX: No short float data from Yahoo or Finviz, dropping (unverified)
2026-07-19 12:56:28 | DEBUG    | shortsqueeze.data:_verify_one - CUPR: No short float data from Yahoo or Finviz, dropping (unverified)
2026-07-19 12:56:28 | DEBUG    | shortsqueeze.data:_verify_one - OKLS: No short float data from Yahoo or Finviz, dropping (unverified)
2026-07-19 12:56:28 | DEBUG    | shortsqueeze.data:_verify_one - FOXF: No short float data from Yahoo or Finviz, dropping (unverified)
2026-07-19 12:56:28 | DEBUG    | shortsqueeze.data:_verify_one - COIN: No short float data from Yahoo or Finviz, dropping (unverified)
2026-07-19 12:56:28 | DEBUG    | shortsqueeze.data:_verify_one - TLTZY: No short float data from Yahoo or Finviz, dropping (unverified)
2026-07-19 12:56:28 | DEBUG    | shortsqueeze.data:_verify_one - HURA: No short float data from Yahoo or Finviz, dropping (unverified)
2026-07-19 12:56:29 | DEBUG    | shortsqueeze.data:_verify_one - NEBX: No short float data from Yahoo or Finviz, dropping (unverified)
2026-07-19 12:56:29 | DEBUG    | shortsqueeze.data:_verify_one - AXTA: No short float data from Yahoo or Finviz, dropping (unverified)
2026-07-19 12:56:29 | DEBUG    | shortsqueeze.data:_verify_one - FND: No short float data from Yahoo or Finviz, dropping (unverified)
2026-07-19 12:56:29 | DEBUG    | shortsqueeze.data:_verify_one - PRFX: No short float data from Yahoo or Finviz, dropping (unverified)
2026-07-19 12:56:29 | DEBUG    | shortsqueeze.data:_verify_one - BABU: No short float data from Yahoo or Finviz, dropping (unverified)
2026-07-19 12:56:29 | DEBUG    | shortsqueeze.data:_verify_one - GDS: No short float data from Yahoo or Finviz, dropping (unverified)
2026-07-19 12:56:29 | DEBUG    | shortsqueeze.data:_verify_one - GBDC: No short float data from Yahoo or Finviz, dropping (unverified)
2026-07-19 12:56:29 | DEBUG    | shortsqueeze.data:_verify_one - PBLS: No short float data from Yahoo or Finviz, dropping (unverified)
2026-07-19 12:56:29 | DEBUG    | shortsqueeze.data:_verify_one - BUFD: No short float data from Yahoo or Finviz, dropping (unverified)
2026-07-19 12:56:29 | DEBUG    | shortsqueeze.data:_verify_one - TNONW: No short float data from Yahoo or Finviz, dropping (unverified)
2026-07-19 12:56:29 | DEBUG    | shortsqueeze.data:_verify_one - DJUN: No short float data from Yahoo or Finviz, dropping (unverified)
2026-07-19 12:56:29 | DEBUG    | shortsqueeze.data:_verify_one - DUHP: No short float data from Yahoo or Finviz, dropping (unverified)
2026-07-19 12:56:30 | DEBUG    | shortsqueeze.data:_verify_one - HBMX: No short float data from Yahoo or Finviz, dropping (unverified)
2026-07-19 12:56:30 | DEBUG    | shortsqueeze.data:_verify_one - ALLIF: No short float data from Yahoo or Finviz, dropping (unverified)
2026-07-19 12:56:30 | DEBUG    | shortsqueeze.data:_verify_one - FUNN: No short float data from Yahoo or Finviz, dropping (unverified)
2026-07-19 12:56:30 | DEBUG    | shortsqueeze.data:_verify_one - LPL: No short float data from Yahoo or Finviz, dropping (unverified)
2026-07-19 12:56:30 | DEBUG    | shortsqueeze.data:_verify_one - DERM: No short float data from Yahoo or Finviz, dropping (unverified)
2026-07-19 12:56:30 | DEBUG    | shortsqueeze.data:_verify_one - UBXG: No short float data from Yahoo or Finviz, dropping (unverified)
2026-07-19 12:56:30 | DEBUG    | shortsqueeze.data:_verify_one - CSAN: No short float data from Yahoo or Finviz, dropping (unverified)
2026-07-19 12:56:30 | DEBUG    | shortsqueeze.data:_verify_one - JBBB: No short float data from Yahoo or Finviz, dropping (unverified)
2026-07-19 12:56:30 | DEBUG    | shortsqueeze.data:_verify_one - SLCJY: No short float data from Yahoo or Finviz, dropping (unverified)
2026-07-19 12:56:31 | DEBUG    | shortsqueeze.data:_verify_one - RSPN: No short float data from Yahoo or Finviz, dropping (unverified)
2026-07-19 12:56:31 | DEBUG    | shortsqueeze.data:_verify_one - IWB: No short float data from Yahoo or Finviz, dropping (unverified)
2026-07-19 12:56:31 | DEBUG    | shortsqueeze.data:_verify_one - EFNL: No short float data from Yahoo or Finviz, dropping (unverified)
2026-07-19 12:56:31 | DEBUG    | shortsqueeze.data:_verify_one - IQDY: No short float data from Yahoo or Finviz, dropping (unverified)
2026-07-19 12:56:31 | DEBUG    | shortsqueeze.data:_verify_one - PLTG: No short float data from Yahoo or Finviz, dropping (unverified)
2026-07-19 12:56:31 | DEBUG    | shortsqueeze.data:_verify_one - PFSA: No short float data from Yahoo or Finviz, dropping (unverified)
2026-07-19 12:56:31 | DEBUG    | shortsqueeze.data:_verify_one - DTI: No short float data from Yahoo or Finviz, dropping (unverified)
2026-07-19 12:56:31 | DEBUG    | shortsqueeze.data:_verify_one - KAOOY: No short float data from Yahoo or Finviz, dropping (unverified)
2026-07-19 12:56:31 | DEBUG    | shortsqueeze.data:_verify_one - KMRK: No short float data from Yahoo or Finviz, dropping (unverified)
2026-07-19 12:56:31 | DEBUG    | shortsqueeze.data:_verify_one - TMB: No short float data from Yahoo or Finviz, dropping (unverified)
2026-07-19 12:56:32 | DEBUG    | shortsqueeze.data:_verify_one - IBM: No short float data from Yahoo or Finviz, dropping (unverified)
2026-07-19 12:56:32 | DEBUG    | shortsqueeze.data:_verify_one - ENSC: No short float data from Yahoo or Finviz, dropping (unverified)
2026-07-19 12:56:32 | DEBUG    | shortsqueeze.data:_verify_one - PLTD: No short float data from Yahoo or Finviz, dropping (unverified)
2026-07-19 12:56:32 | DEBUG    | shortsqueeze.data:_verify_one - PRIM: No short float data from Yahoo or Finviz, dropping (unverified)
2026-07-19 12:56:32 | DEBUG    | shortsqueeze.data:_verify_one - TJUN: No short float data from Yahoo or Finviz, dropping (unverified)
2026-07-19 12:56:32 | DEBUG    | shortsqueeze.data:_verify_one - ONX: No short float data from Yahoo or Finviz, dropping (unverified)
2026-07-19 12:56:32 | DEBUG    | shortsqueeze.data:_verify_one - ATCL: No short float data from Yahoo or Finviz, dropping (unverified)
2026-07-19 12:56:32 | DEBUG    | shortsqueeze.data:_verify_one - COPX: No short float data from Yahoo or Finviz, dropping (unverified)
2026-07-19 12:56:32 | DEBUG    | shortsqueeze.data:_verify_one - KPDD: No short float data from Yahoo or Finviz, dropping (unverified)
2026-07-19 12:56:32 | DEBUG    | shortsqueeze.data:_verify_one - CGNG: No short float data from Yahoo or Finviz, dropping (unverified)
2026-07-19 12:56:32 | DEBUG    | shortsqueeze.data:_verify_one - ACB: No short float data from Yahoo or Finviz, dropping (unverified)
2026-07-19 12:56:33 | DEBUG    | shortsqueeze.data:_verify_one - PSMJ: No short float data from Yahoo or Finviz, dropping (unverified)
2026-07-19 12:56:33 | DEBUG    | shortsqueeze.data:_verify_one - ASTY: No short float data from Yahoo or Finviz, dropping (unverified)
2026-07-19 12:56:33 | DEBUG    | shortsqueeze.data:_verify_one - ENLT: No short float data from Yahoo or Finviz, dropping (unverified)
2026-07-19 12:56:33 | DEBUG    | shortsqueeze.data:_verify_one - VELL: No short float data from Yahoo or Finviz, dropping (unverified)
2026-07-19 12:56:33 | DEBUG    | shortsqueeze.data:_verify_one - BITW: No short float data from Yahoo or Finviz, dropping (unverified)
2026-07-19 12:56:33 | DEBUG    | shortsqueeze.data:_verify_one - JAVA: No short float data from Yahoo or Finviz, dropping (unverified)
2026-07-19 12:56:34 | DEBUG    | shortsqueeze.data:_verify_one - SGRP: No short float data from Yahoo or Finviz, dropping (unverified)
2026-07-19 12:56:34 | DEBUG    | shortsqueeze.data:_verify_one - DCGO: No short float data from Yahoo or Finviz, dropping (unverified)
2026-07-19 12:56:34 | DEBUG    | shortsqueeze.data:_verify_one - LXRX: No short float data from Yahoo or Finviz, dropping (unverified)
2026-07-19 12:56:34 | DEBUG    | shortsqueeze.data:_verify_one - IONL: No short float data from Yahoo or Finviz, dropping (unverified)
2026-07-19 12:56:34 | DEBUG    | shortsqueeze.data:_verify_one - GAMXF: No short float data from Yahoo or Finviz, dropping (unverified)
2026-07-19 12:56:34 | DEBUG    | shortsqueeze.data:_verify_one - SHTDY: No short float data from Yahoo or Finviz, dropping (unverified)
2026-07-19 12:56:34 | DEBUG    | shortsqueeze.data:_verify_one - WGLIF: No short float data from Yahoo or Finviz, dropping (unverified)
2026-07-19 12:56:34 | DEBUG    | shortsqueeze.data:_verify_one - FTLS: No short float data from Yahoo or Finviz, dropping (unverified)
2026-07-19 12:56:34 | DEBUG    | shortsqueeze.data:_verify_one - NVDL: No short float data from Yahoo or Finviz, dropping (unverified)
2026-07-19 12:56:34 | DEBUG    | shortsqueeze.data:_verify_one - UWM: No short float data from Yahoo or Finviz, dropping (unverified)
2026-07-19 12:56:34 | DEBUG    | shortsqueeze.data:_verify_one - UUUG: No short float data from Yahoo or Finviz, dropping (unverified)
2026-07-19 12:56:35 | DEBUG    | shortsqueeze.data:_verify_one - PTON: No short float data from Yahoo or Finviz, dropping (unverified)
2026-07-19 12:56:35 | DEBUG    | shortsqueeze.data:_verify_one - IREG: No short float data from Yahoo or Finviz, dropping (unverified)
2026-07-19 12:56:35 | DEBUG    | shortsqueeze.data:_verify_one - CAIIW: No short float data from Yahoo or Finviz, dropping (unverified)
2026-07-19 12:56:35 | DEBUG    | shortsqueeze.data:_verify_one - EEMO: No short float data from Yahoo or Finviz, dropping (unverified)
2026-07-19 12:56:35 | DEBUG    | shortsqueeze.data:_verify_one - VSEE: No short float data from Yahoo or Finviz, dropping (unverified)
2026-07-19 12:56:35 | DEBUG    | shortsqueeze.data:_verify_one - JHLN: No short float data from Yahoo or Finviz, dropping (unverified)
2026-07-19 12:56:35 | DEBUG    | shortsqueeze.data:_verify_one - WELD: No short float data from Yahoo or Finviz, dropping (unverified)
2026-07-19 12:56:35 | DEBUG    | shortsqueeze.data:_verify_one - SCCO: No short float data from Yahoo or Finviz, dropping (unverified)
2026-07-19 12:56:35 | INFO     | shortsqueeze.data:_verify_with_yahoo - Dropped 842 candidates during verification (unverified or missing price)
2026-07-19 12:56:35 | INFO     | shortsqueeze.data:get_squeeze_candidates - Final watchlist: 144 verified squeeze candidates
2026-07-19 12:56:35 | DEBUG    | shortsqueeze.universe:_apply_filters_no_price - Filtered from 144 to 117 candidates (before price split)
2026-07-19 12:56:35 | INFO     | shortsqueeze.universe:save_watchlists - Saved watchlists: 89 quality ($5+), 25 speculative (<$5)
2026-07-19 12:56:35 | INFO     | shortsqueeze.universe:refresh_watchlist - Watchlists refreshed: 89 quality ($5+), 25 speculative ($1.0-$5.0)
2026-07-19 12:56:35 | INFO     | shortsqueeze.bot:_refresh_watchlist - Watchlist refreshed: 114 candidates
2026-07-19 12:56:35 | INFO     | shortsqueeze.bot:_schedule_jobs - Jobs scheduled
2026-07-19 12:56:35 | INFO     | shortsqueeze.bot:start - Bot started. Scanning every 5 minutes during market hours.
2026-07-19 12:56:35 | INFO     | __main__:run_bot - Bot is running. Press Ctrl+C to stop.
2026-07-19 13:01:35 | DEBUG    | shortsqueeze.bot:_run_scan - Market closed, skipping scan
2026-07-19 13:06:33 | INFO     | shortsqueeze.signals:__init__ - Finnhub volume data fallback enabled
2026-07-19 13:06:33 | INFO     | shortsqueeze.bot:start - Starting Short Squeeze Trading Bot...
2026-07-19 13:06:34 | INFO     | shortsqueeze.bot:start - Connected to Alpaca - Equity: $10,168.09, Buying Power: $38,788.07
2026-07-19 13:06:34 | INFO     | shortsqueeze.bot:_refresh_watchlist - Refreshing watchlist...
2026-07-19 13:06:34 | INFO     | shortsqueeze.universe:refresh_watchlist - Refreshing watchlists from data sources...
2026-07-19 13:06:34 | INFO     | shortsqueeze.data:get_squeeze_candidates - Fetching from finvizfinance package...
2026-07-19 13:06:34 | INFO     | shortsqueeze.data:get_high_short_interest_stocks - Fetching high short interest stocks via finvizfinance...
2026-07-19 13:06:38 | INFO     | shortsqueeze.data:get_high_short_interest_stocks - finvizfinance found 75 high short interest stocks
2026-07-19 13:06:38 | INFO     | shortsqueeze.data:get_squeeze_candidates - finvizfinance found 75 candidates
2026-07-19 13:06:38 | INFO     | shortsqueeze.data:get_squeeze_candidates - Fetching from manual Finviz scraper...
2026-07-19 13:06:38 | INFO     | shortsqueeze.data:get_high_short_interest_stocks - Scraping Finviz for high short interest stocks...
2026-07-19 13:06:38 | DEBUG    | shortsqueeze.data:get_high_short_interest_stocks - Fetched page 1, status: 200
2026-07-19 13:06:38 | DEBUG    | shortsqueeze.data:get_high_short_interest_stocks - Found table with selector: {'class': 'screener_table'}
2026-07-19 13:06:38 | DEBUG    | shortsqueeze.data:get_high_short_interest_stocks - Page 1: Found 0 stocks
2026-07-19 13:06:38 | INFO     | shortsqueeze.data:get_high_short_interest_stocks - Found 0 stocks from Finviz with short float > 20%
2026-07-19 13:06:38 | INFO     | shortsqueeze.data:get_squeeze_candidates - Fetching from highshortinterest.com...
2026-07-19 13:06:38 | INFO     | shortsqueeze.data:get_high_short_interest_stocks - Scraping highshortinterest.com for high short interest stocks...
2026-07-19 13:06:39 | INFO     | shortsqueeze.data:get_high_short_interest_stocks - highshortinterest.com found 100 stocks
2026-07-19 13:06:39 | INFO     | shortsqueeze.data:get_squeeze_candidates - highshortinterest.com found 100 candidates
2026-07-19 13:06:39 | INFO     | shortsqueeze.data:get_squeeze_candidates - Fetching SEC Fail-to-Deliver data...
2026-07-19 13:06:39 | INFO     | shortsqueeze.data:get_high_ftd_stocks - Fetching SEC Fail-to-Deliver data...
2026-07-19 13:06:39 | DEBUG    | shortsqueeze.data:_download_latest_ftd - Trying SEC FTD file: cnsfails202607b.zip
2026-07-19 13:06:39 | DEBUG    | shortsqueeze.data:_download_latest_ftd - Trying SEC FTD file: cnsfails202607a.zip
2026-07-19 13:06:39 | DEBUG    | shortsqueeze.data:_download_latest_ftd - Trying SEC FTD file: cnsfails202606b.zip
2026-07-19 13:06:40 | INFO     | shortsqueeze.data:_download_latest_ftd - Downloaded SEC FTD file: cnsfails202606b.zip
2026-07-19 13:06:40 | INFO     | shortsqueeze.data:_parse_ftd_zip - Parsed 6679 FTD records from cnsfails202606b.txt
2026-07-19 13:06:40 | INFO     | shortsqueeze.data:get_high_ftd_stocks - SEC FTD data: 891 stocks with significant fail-to-deliver counts
2026-07-19 13:06:40 | INFO     | shortsqueeze.data:get_squeeze_candidates - SEC FTD data found 891 stocks with high fail-to-deliver counts
2026-07-19 13:06:40 | INFO     | shortsqueeze.data:get_squeeze_candidates - Combined 986 unique candidates from 3/4 sources
2026-07-19 13:06:43 | DEBUG    | shortsqueeze.data:get_stock_info - Error fetching stock info for AABCL: HTTP Error 404: 
2026-07-19 13:06:43 | DEBUG    | shortsqueeze.data:get_stock_info - Error fetching stock info for AABR: HTTP Error 404: 
2026-07-19 13:06:43 | DEBUG    | shortsqueeze.data:_verify_one - AABCL: No short float data from Yahoo or Finviz, dropping (unverified)
2026-07-19 13:06:43 | DEBUG    | shortsqueeze.data:_verify_one - AABR: No short float data from Yahoo or Finviz, dropping (unverified)
2026-07-19 13:06:43 | DEBUG    | shortsqueeze.data:get_stock_info - Error fetching stock info for AABEO: HTTP Error 404: 
2026-07-19 13:06:43 | DEBUG    | shortsqueeze.data:_verify_one - AABEO: No short float data from Yahoo or Finviz, dropping (unverified)
2026-07-19 13:06:43 | DEBUG    | shortsqueeze.data:get_stock_info - Error fetching stock info for AABSI: HTTP Error 404: 
2026-07-19 13:06:43 | DEBUG    | shortsqueeze.data:_verify_one - AABSI: No short float data from Yahoo or Finviz, dropping (unverified)
2026-07-19 13:06:43 | DEBUG    | shortsqueeze.data:get_stock_info - Error fetching stock info for AAESI: HTTP Error 404: 
2026-07-19 13:06:43 | DEBUG    | shortsqueeze.data:_verify_one - AAESI: No short float data from Yahoo or Finviz, dropping (unverified)
2026-07-19 13:06:43 | DEBUG    | shortsqueeze.data:get_stock_info - Error fetching stock info for AASAN: HTTP Error 404: 
2026-07-19 13:06:43 | DEBUG    | shortsqueeze.data:_verify_one - AASAN: No short float data from Yahoo or Finviz, dropping (unverified)
2026-07-19 13:06:44 | DEBUG    | shortsqueeze.data:get_stock_info - Error fetching stock info for AAVTX: HTTP Error 404: 
2026-07-19 13:06:44 | DEBUG    | shortsqueeze.data:_verify_one - AAVTX: No short float data from Yahoo or Finviz, dropping (unverified)
2026-07-19 13:06:44 | DEBUG    | shortsqueeze.data:get_stock_info - Error fetching stock info for AASST: HTTP Error 404: 
2026-07-19 13:06:44 | DEBUG    | shortsqueeze.data:_verify_one - AASST: No short float data from Yahoo or Finviz, dropping (unverified)
2026-07-19 13:06:44 | DEBUG    | shortsqueeze.data:_verify_one - AAI: No short float data from Yahoo or Finviz, dropping (unverified)
2026-07-19 13:06:44 | DEBUG    | shortsqueeze.data:_verify_one - AANNX: No short float data from Yahoo or Finviz, dropping (unverified)
2026-07-19 13:06:44 | DEBUG    | shortsqueeze.data:get_stock_info - Error fetching stock info for CCADL: HTTP Error 404: 
2026-07-19 13:06:44 | DEBUG    | shortsqueeze.data:_verify_one - CCADL: No short float data from Yahoo or Finviz, dropping (unverified)
2026-07-19 13:06:44 | DEBUG    | shortsqueeze.data:get_stock_info - Error fetching stock info for BBKKT: HTTP Error 404: 
2026-07-19 13:06:44 | DEBUG    | shortsqueeze.data:get_stock_info - Error fetching stock info for BBKSY: HTTP Error 404: 
2026-07-19 13:06:44 | DEBUG    | shortsqueeze.data:_verify_one - BBKKT: No short float data from Yahoo or Finviz, dropping (unverified)
2026-07-19 13:06:44 | DEBUG    | shortsqueeze.data:_verify_one - BBKSY: No short float data from Yahoo or Finviz, dropping (unverified)
2026-07-19 13:06:44 | DEBUG    | shortsqueeze.data:get_stock_info - Error fetching stock info for CCAPR: HTTP Error 404: 
2026-07-19 13:06:44 | DEBUG    | shortsqueeze.data:_verify_one - CCAPR: No short float data from Yahoo or Finviz, dropping (unverified)
2026-07-19 13:06:46 | DEBUG    | shortsqueeze.data:get_stock_info - Error fetching stock info for CCRMD: HTTP Error 404: 
2026-07-19 13:06:46 | DEBUG    | shortsqueeze.data:_verify_one - CCRMD: No short float data from Yahoo or Finviz, dropping (unverified)
2026-07-19 13:06:47 | DEBUG    | shortsqueeze.data:get_stock_info - Error fetching stock info for CCBRL: HTTP Error 404: 
2026-07-19 13:06:47 | DEBUG    | shortsqueeze.data:_verify_one - CCBRL: No short float data from Yahoo or Finviz, dropping (unverified)
2026-07-19 13:06:47 | DEBUG    | shortsqueeze.data:get_stock_info - Error fetching stock info for CCGEM: HTTP Error 404: 
2026-07-19 13:06:47 | DEBUG    | shortsqueeze.data:get_stock_info - Error fetching stock info for CCRSR: HTTP Error 404: 
2026-07-19 13:06:47 | DEBUG    | shortsqueeze.data:_verify_one - CCGEM: No short float data from Yahoo or Finviz, dropping (unverified)
2026-07-19 13:06:47 | DEBUG    | shortsqueeze.data:_verify_one - CCRSR: No short float data from Yahoo or Finviz, dropping (unverified)
2026-07-19 13:06:47 | DEBUG    | shortsqueeze.data:get_stock_info - Error fetching stock info for CCNXC: HTTP Error 404: 
2026-07-19 13:06:47 | DEBUG    | shortsqueeze.data:_verify_one - CCNXC: No short float data from Yahoo or Finviz, dropping (unverified)
2026-07-19 13:06:47 | DEBUG    | shortsqueeze.data:get_stock_info - Error fetching stock info for CCERT: HTTP Error 404: 
2026-07-19 13:06:47 | DEBUG    | shortsqueeze.data:_verify_one - CCERT: No short float data from Yahoo or Finviz, dropping (unverified)
2026-07-19 13:06:47 | DEBUG    | shortsqueeze.data:get_stock_info - Error fetching stock info for CCRML: HTTP Error 404: 
2026-07-19 13:06:47 | DEBUG    | shortsqueeze.data:_verify_one - CCRML: No short float data from Yahoo or Finviz, dropping (unverified)
2026-07-19 13:06:47 | DEBUG    | shortsqueeze.data:get_stock_info - Error fetching stock info for CCRVS: HTTP Error 404: 
2026-07-19 13:06:47 | DEBUG    | shortsqueeze.data:_verify_one - CCRVS: No short float data from Yahoo or Finviz, dropping (unverified)
2026-07-19 13:06:47 | DEBUG    | shortsqueeze.data:get_stock_info - Error fetching stock info for CCSIQ: HTTP Error 404: 
2026-07-19 13:06:47 | DEBUG    | shortsqueeze.data:_verify_one - CCSIQ: No short float data from Yahoo or Finviz, dropping (unverified)
2026-07-19 13:06:47 | DEBUG    | shortsqueeze.data:get_stock_info - Error fetching stock info for DDXC: HTTP Error 404: 
2026-07-19 13:06:47 | DEBUG    | shortsqueeze.data:_verify_one - DDXC: No short float data from Yahoo or Finviz, dropping (unverified)
2026-07-19 13:06:47 | DEBUG    | shortsqueeze.data:get_stock_info - Error fetching stock info for EEYE: HTTP Error 404: 
2026-07-19 13:06:47 | DEBUG    | shortsqueeze.data:_verify_one - EEYE: No short float data from Yahoo or Finviz, dropping (unverified)
2026-07-19 13:06:47 | DEBUG    | shortsqueeze.data:get_stock_info - Error fetching stock info for GGLOB: HTTP Error 404: 
2026-07-19 13:06:47 | DEBUG    | shortsqueeze.data:_verify_one - GGLOB: No short float data from Yahoo or Finviz, dropping (unverified)
2026-07-19 13:06:47 | DEBUG    | shortsqueeze.data:get_stock_info - Error fetching stock info for FFMC: HTTP Error 404: 
2026-07-19 13:06:47 | DEBUG    | shortsqueeze.data:_verify_one - FFMC: No short float data from Yahoo or Finviz, dropping (unverified)
2026-07-19 13:06:47 | DEBUG    | shortsqueeze.data:get_stock_info - Error fetching stock info for FFUBO: HTTP Error 404: 
2026-07-19 13:06:47 | DEBUG    | shortsqueeze.data:_verify_one - FFUBO: No short float data from Yahoo or Finviz, dropping (unverified)
2026-07-19 13:06:48 | DEBUG    | shortsqueeze.data:_verify_one - FFLO: No short float data from Yahoo or Finviz, dropping (unverified)
2026-07-19 13:06:48 | DEBUG    | shortsqueeze.data:_verify_one - GGO: No short float data from Yahoo or Finviz, dropping (unverified)
2026-07-19 13:06:49 | DEBUG    | shortsqueeze.data:get_stock_info - Error fetching stock info for GGRPN: HTTP Error 404: 
2026-07-19 13:06:49 | DEBUG    | shortsqueeze.data:_verify_one - GGRPN: No short float data from Yahoo or Finviz, dropping (unverified)
2026-07-19 13:06:49 | DEBUG    | shortsqueeze.data:get_stock_info - Error fetching stock info for MMNRO: HTTP Error 404: 
2026-07-19 13:06:49 | DEBUG    | shortsqueeze.data:_verify_one - MMNRO: No short float data from Yahoo or Finviz, dropping (unverified)
2026-07-19 13:06:49 | DEBUG    | shortsqueeze.data:get_stock_info - Error fetching stock info for MMETC: HTTP Error 404: 
2026-07-19 13:06:49 | DEBUG    | shortsqueeze.data:_verify_one - MMETC: No short float data from Yahoo or Finviz, dropping (unverified)
2026-07-19 13:06:49 | DEBUG    | shortsqueeze.data:get_stock_info - Error fetching stock info for MMUX: HTTP Error 404: 
2026-07-19 13:06:49 | DEBUG    | shortsqueeze.data:_verify_one - MMUX: No short float data from Yahoo or Finviz, dropping (unverified)
2026-07-19 13:06:49 | DEBUG    | shortsqueeze.data:get_stock_info - Error fetching stock info for HHYMC: HTTP Error 404: 
2026-07-19 13:06:49 | DEBUG    | shortsqueeze.data:_verify_one - HHYMC: No short float data from Yahoo or Finviz, dropping (unverified)
2026-07-19 13:06:49 | DEBUG    | shortsqueeze.data:get_stock_info - Error fetching stock info for KKSS: HTTP Error 404: 
2026-07-19 13:06:49 | DEBUG    | shortsqueeze.data:_verify_one - KKSS: No short float data from Yahoo or Finviz, dropping (unverified)
2026-07-19 13:06:51 | DEBUG    | shortsqueeze.data:get_stock_info - Error fetching stock info for NNTLA: HTTP Error 404: 
2026-07-19 13:06:51 | DEBUG    | shortsqueeze.data:_verify_one - NNN: No short float data from Yahoo or Finviz, dropping (unverified)
2026-07-19 13:06:51 | DEBUG    | shortsqueeze.data:get_stock_info - Error fetching stock info for NNNE: HTTP Error 404: 
2026-07-19 13:06:51 | DEBUG    | shortsqueeze.data:_verify_one - NNTLA: No short float data from Yahoo or Finviz, dropping (unverified)
2026-07-19 13:06:51 | DEBUG    | shortsqueeze.data:get_stock_info - Error fetching stock info for OOMER: HTTP Error 404: 
2026-07-19 13:06:51 | DEBUG    | shortsqueeze.data:_verify_one - NNNE: No short float data from Yahoo or Finviz, dropping (unverified)
2026-07-19 13:06:51 | DEBUG    | shortsqueeze.data:_verify_one - OOMER: No short float data from Yahoo or Finviz, dropping (unverified)
2026-07-19 13:06:51 | DEBUG    | shortsqueeze.data:get_stock_info - Error fetching stock info for NNVAX: HTTP Error 404: 
2026-07-19 13:06:51 | DEBUG    | shortsqueeze.data:_verify_one - NNVAX: No short float data from Yahoo or Finviz, dropping (unverified)
2026-07-19 13:06:51 | DEBUG    | shortsqueeze.data:get_stock_info - Error fetching stock info for OODD: HTTP Error 404: 
2026-07-19 13:06:51 | DEBUG    | shortsqueeze.data:_verify_one - OODD: No short float data from Yahoo or Finviz, dropping (unverified)
2026-07-19 13:06:51 | DEBUG    | shortsqueeze.data:get_stock_info - Error fetching stock info for OOMDA: HTTP Error 404: 
2026-07-19 13:06:51 | DEBUG    | shortsqueeze.data:_verify_one - OOMDA: No short float data from Yahoo or Finviz, dropping (unverified)
2026-07-19 13:06:51 | DEBUG    | shortsqueeze.data:get_stock_info - Error fetching stock info for OORIC: HTTP Error 404: 
2026-07-19 13:06:51 | DEBUG    | shortsqueeze.data:_verify_one - OORIC: No short float data from Yahoo or Finviz, dropping (unverified)
2026-07-19 13:06:51 | DEBUG    | shortsqueeze.data:get_stock_info - Error fetching stock info for RRCAT: HTTP Error 404: 
2026-07-19 13:06:51 | DEBUG    | shortsqueeze.data:_verify_one - RRCAT: No short float data from Yahoo or Finviz, dropping (unverified)
2026-07-19 13:06:52 | DEBUG    | shortsqueeze.data:get_stock_info - Error fetching stock info for PPHAT: HTTP Error 404: 
2026-07-19 13:06:52 | DEBUG    | shortsqueeze.data:_verify_one - PPHAT: No short float data from Yahoo or Finviz, dropping (unverified)
2026-07-19 13:06:52 | DEBUG    | shortsqueeze.data:get_stock_info - Error fetching stock info for PPOET: HTTP Error 404: 
2026-07-19 13:06:52 | DEBUG    | shortsqueeze.data:_verify_one - PPOET: No short float data from Yahoo or Finviz, dropping (unverified)
2026-07-19 13:06:52 | DEBUG    | shortsqueeze.data:get_stock_info - Error fetching stock info for PPLAY: HTTP Error 404: 
2026-07-19 13:06:52 | DEBUG    | shortsqueeze.data:_verify_one - PPLAY: No short float data from Yahoo or Finviz, dropping (unverified)
2026-07-19 13:06:52 | DEBUG    | shortsqueeze.data:get_stock_info - Error fetching stock info for PPAR: HTTP Error 404: 
2026-07-19 13:06:52 | DEBUG    | shortsqueeze.data:_verify_one - PPAR: No short float data from Yahoo or Finviz, dropping (unverified)
2026-07-19 13:06:52 | DEBUG    | shortsqueeze.data:get_stock_info - Error fetching stock info for QQUBT: HTTP Error 404: 
2026-07-19 13:06:52 | DEBUG    | shortsqueeze.data:_verify_one - QQUBT: No short float data from Yahoo or Finviz, dropping (unverified)
2026-07-19 13:06:52 | DEBUG    | shortsqueeze.data:get_stock_info - Error fetching stock info for PPCT: HTTP Error 404: 
2026-07-19 13:06:52 | DEBUG    | shortsqueeze.data:_verify_one - PPCT: No short float data from Yahoo or Finviz, dropping (unverified)
2026-07-19 13:06:52 | DEBUG    | shortsqueeze.data:get_stock_info - Error fetching stock info for RREPL: HTTP Error 404: 
2026-07-19 13:06:52 | DEBUG    | shortsqueeze.data:_verify_one - RREPL: No short float data from Yahoo or Finviz, dropping (unverified)
2026-07-19 13:06:52 | DEBUG    | shortsqueeze.data:get_stock_info - Error fetching stock info for SSLDB: HTTP Error 404: 
2026-07-19 13:06:52 | DEBUG    | shortsqueeze.data:_verify_one - SSLDB: No short float data from Yahoo or Finviz, dropping (unverified)
2026-07-19 13:06:52 | DEBUG    | shortsqueeze.data:get_stock_info - Error fetching stock info for SSERV: HTTP Error 404: 
2026-07-19 13:06:52 | DEBUG    | shortsqueeze.data:_verify_one - SSERV: No short float data from Yahoo or Finviz, dropping (unverified)
2026-07-19 13:06:52 | DEBUG    | shortsqueeze.data:get_stock_info - Error fetching stock info for RRGNX: HTTP Error 404: 
2026-07-19 13:06:52 | DEBUG    | shortsqueeze.data:_verify_one - RRGNX: No short float data from Yahoo or Finviz, dropping (unverified)
2026-07-19 13:06:52 | DEBUG    | shortsqueeze.data:get_stock_info - Error fetching stock info for SSBH: HTTP Error 404: 
2026-07-19 13:06:52 | DEBUG    | shortsqueeze.data:_verify_one - SSBH: No short float data from Yahoo or Finviz, dropping (unverified)
2026-07-19 13:06:54 | DEBUG    | shortsqueeze.data:get_stock_info - Error fetching stock info for SSPRY: HTTP Error 404: 
2026-07-19 13:06:54 | DEBUG    | shortsqueeze.data:_verify_one - SSPRY: No short float data from Yahoo or Finviz, dropping (unverified)
2026-07-19 13:06:54 | DEBUG    | shortsqueeze.data:get_stock_info - Error fetching stock info for SSRPT: HTTP Error 404: 
2026-07-19 13:06:54 | DEBUG    | shortsqueeze.data:_verify_one - SSRPT: No short float data from Yahoo or Finviz, dropping (unverified)
2026-07-19 13:06:54 | DEBUG    | shortsqueeze.data:get_stock_info - Error fetching stock info for SSVRA: HTTP Error 404: 
2026-07-19 13:06:54 | DEBUG    | shortsqueeze.data:_verify_one - SSVRA: No short float data from Yahoo or Finviz, dropping (unverified)
2026-07-19 13:06:54 | DEBUG    | shortsqueeze.data:_verify_one - SSG: No short float data from Yahoo or Finviz, dropping (unverified)
2026-07-19 13:06:56 | DEBUG    | shortsqueeze.data:get_stock_info - Error fetching stock info for TTRIP: HTTP Error 404: 
2026-07-19 13:06:56 | DEBUG    | shortsqueeze.data:get_stock_info - Error fetching stock info for UUAMY: HTTP Error 404: 
2026-07-19 13:06:56 | DEBUG    | shortsqueeze.data:get_stock_info - Error fetching stock info for TTNDM: HTTP Error 404: 
2026-07-19 13:06:56 | DEBUG    | shortsqueeze.data:get_stock_info - Error fetching stock info for TTROX: HTTP Error 404: 
2026-07-19 13:06:56 | DEBUG    | shortsqueeze.data:_verify_one - TTRIP: No short float data from Yahoo or Finviz, dropping (unverified)
2026-07-19 13:06:56 | DEBUG    | shortsqueeze.data:_verify_one - UUAMY: No short float data from Yahoo or Finviz, dropping (unverified)
2026-07-19 13:06:56 | DEBUG    | shortsqueeze.data:_verify_one - TTNDM: No short float data from Yahoo or Finviz, dropping (unverified)
2026-07-19 13:06:56 | DEBUG    | shortsqueeze.data:_verify_one - TTROX: No short float data from Yahoo or Finviz, dropping (unverified)
2026-07-19 13:06:56 | DEBUG    | shortsqueeze.data:_verify_one - TTE: No short float data from Yahoo or Finviz, dropping (unverified)
2026-07-19 13:06:56 | DEBUG    | shortsqueeze.data:get_stock_info - Error fetching stock info for UULCC: HTTP Error 404: 
2026-07-19 13:06:56 | DEBUG    | shortsqueeze.data:_verify_one - UULCC: No short float data from Yahoo or Finviz, dropping (unverified)
2026-07-19 13:06:56 | DEBUG    | shortsqueeze.data:get_stock_info - Error fetching stock info for UUPWK: HTTP Error 404: 
2026-07-19 13:06:56 | DEBUG    | shortsqueeze.data:_verify_one - UUPWK: No short float data from Yahoo or Finviz, dropping (unverified)
2026-07-19 13:06:56 | DEBUG    | shortsqueeze.data:get_stock_info - Error fetching stock info for VVELO: HTTP Error 404: 
2026-07-19 13:06:56 | DEBUG    | shortsqueeze.data:_verify_one - VVELO: No short float data from Yahoo or Finviz, dropping (unverified)
2026-07-19 13:06:59 | DEBUG    | shortsqueeze.data:get_stock_info - Error fetching stock info for VVITL: HTTP Error 404: 
2026-07-19 13:06:59 | DEBUG    | shortsqueeze.data:get_stock_info - Error fetching stock info for VVSTM: HTTP Error 404: 
2026-07-19 13:06:59 | DEBUG    | shortsqueeze.data:_verify_one - VVSTM: No short float data from Yahoo or Finviz, dropping (unverified)
2026-07-19 13:06:59 | DEBUG    | shortsqueeze.data:_verify_one - VVITL: No short float data from Yahoo or Finviz, dropping (unverified)
2026-07-19 13:06:59 | DEBUG    | shortsqueeze.data:get_stock_info - Error fetching stock info for VVOYG: HTTP Error 404: 
2026-07-19 13:06:59 | DEBUG    | shortsqueeze.data:_verify_one - VVOYG: No short float data from Yahoo or Finviz, dropping (unverified)
2026-07-19 13:06:59 | DEBUG    | shortsqueeze.data:get_stock_info - Error fetching stock info for WWYFI: HTTP Error 404: 
2026-07-19 13:06:59 | DEBUG    | shortsqueeze.data:_verify_one - WWYFI: No short float data from Yahoo or Finviz, dropping (unverified)
2026-07-19 13:06:59 | DEBUG    | shortsqueeze.data:get_stock_info - Error fetching stock info for WWOLF: HTTP Error 404: 
2026-07-19 13:06:59 | DEBUG    | shortsqueeze.data:_verify_one - WWOLF: No short float data from Yahoo or Finviz, dropping (unverified)
2026-07-19 13:06:59 | DEBUG    | shortsqueeze.data:get_stock_info - Error fetching stock info for WWGS: HTTP Error 404: 
2026-07-19 13:06:59 | DEBUG    | shortsqueeze.data:_verify_one - WWGS: No short float data from Yahoo or Finviz, dropping (unverified)
2026-07-19 13:06:59 | DEBUG    | shortsqueeze.data:_verify_one - WWEN: No short float data from Yahoo or Finviz, dropping (unverified)
2026-07-19 13:07:00 | DEBUG    | shortsqueeze.data:_verify_one - GOOGL: No short float data from Yahoo or Finviz, dropping (unverified)
2026-07-19 13:07:00 | DEBUG    | shortsqueeze.data:_verify_one - GOOG: No short float data from Yahoo or Finviz, dropping (unverified)
2026-07-19 13:07:00 | DEBUG    | shortsqueeze.data:_verify_one - AMD: No short float data from Yahoo or Finviz, dropping (unverified)
2026-07-19 13:07:00 | DEBUG    | shortsqueeze.data:_verify_one - AEP: No short float data from Yahoo or Finviz, dropping (unverified)
2026-07-19 13:07:01 | DEBUG    | shortsqueeze.data:_verify_one - CCL: No short float data from Yahoo or Finviz, dropping (unverified)
2026-07-19 13:07:01 | DEBUG    | shortsqueeze.data:_verify_one - IONZ: No short float data from Yahoo or Finviz, dropping (unverified)
2026-07-19 13:07:01 | DEBUG    | shortsqueeze.data:_verify_one - MSTU: No short float data from Yahoo or Finviz, dropping (unverified)
2026-07-19 13:07:01 | DEBUG    | shortsqueeze.data:_verify_one - SRXH: No short float data from Yahoo or Finviz, dropping (unverified)
2026-07-19 13:07:01 | DEBUG    | shortsqueeze.data:_verify_one - RWAX: No short float data from Yahoo or Finviz, dropping (unverified)
2026-07-19 13:07:01 | DEBUG    | shortsqueeze.data:_verify_one - RECS: No short float data from Yahoo or Finviz, dropping (unverified)
2026-07-19 13:07:01 | DEBUG    | shortsqueeze.data:_verify_one - RZLV: No short float data from Yahoo or Finviz, dropping (unverified)
2026-07-19 13:07:01 | DEBUG    | shortsqueeze.data:_verify_one - SPCH: No short float data from Yahoo or Finviz, dropping (unverified)
2026-07-19 13:07:01 | DEBUG    | shortsqueeze.data:_verify_one - RGTZ: No short float data from Yahoo or Finviz, dropping (unverified)
2026-07-19 13:07:01 | DEBUG    | shortsqueeze.data:_verify_one - NCRA: No short float data from Yahoo or Finviz, dropping (unverified)
2026-07-19 13:07:01 | DEBUG    | shortsqueeze.data:_verify_one - RAM: No short float data from Yahoo or Finviz, dropping (unverified)
2026-07-19 13:07:01 | DEBUG    | shortsqueeze.data:_verify_one - BMNU: No short float data from Yahoo or Finviz, dropping (unverified)
2026-07-19 13:07:01 | DEBUG    | shortsqueeze.data:_verify_one - QTEX: No short float data from Yahoo or Finviz, dropping (unverified)
2026-07-19 13:07:01 | DEBUG    | shortsqueeze.data:_verify_one - SNDQ: No short float data from Yahoo or Finviz, dropping (unverified)
2026-07-19 13:07:01 | DEBUG    | shortsqueeze.data:_verify_one - CYDY: No short float data from Yahoo or Finviz, dropping (unverified)
2026-07-19 13:07:01 | DEBUG    | shortsqueeze.data:_verify_one - GETY: No short float data from Yahoo or Finviz, dropping (unverified)
2026-07-19 13:07:01 | DEBUG    | shortsqueeze.data:_verify_one - COSM: No short float data from Yahoo or Finviz, dropping (unverified)
2026-07-19 13:07:01 | DEBUG    | shortsqueeze.data:_verify_one - NXXT: No short float data from Yahoo or Finviz, dropping (unverified)
2026-07-19 13:07:01 | DEBUG    | shortsqueeze.data:_verify_one - SSPC: No short float data from Yahoo or Finviz, dropping (unverified)
2026-07-19 13:07:01 | DEBUG    | shortsqueeze.data:_verify_one - HL: No short float data from Yahoo or Finviz, dropping (unverified)
2026-07-19 13:07:01 | DEBUG    | shortsqueeze.data:_verify_one - MSTX: No short float data from Yahoo or Finviz, dropping (unverified)
2026-07-19 13:07:01 | DEBUG    | shortsqueeze.data:_verify_one - XLK: No short float data from Yahoo or Finviz, dropping (unverified)
2026-07-19 13:07:01 | DEBUG    | shortsqueeze.data:_verify_one - MSTZ: No short float data from Yahoo or Finviz, dropping (unverified)
2026-07-19 13:07:01 | DEBUG    | shortsqueeze.data:_verify_one - QBTZ: No short float data from Yahoo or Finviz, dropping (unverified)
2026-07-19 13:07:01 | DEBUG    | shortsqueeze.data:_verify_one - WIT: No short float data from Yahoo or Finviz, dropping (unverified)
2026-07-19 13:07:01 | DEBUG    | shortsqueeze.data:_verify_one - PFF: No short float data from Yahoo or Finviz, dropping (unverified)
2026-07-19 13:07:01 | DEBUG    | shortsqueeze.data:_verify_one - BURU: No short float data from Yahoo or Finviz, dropping (unverified)
2026-07-19 13:07:01 | DEBUG    | shortsqueeze.data:_verify_one - SPDN: No short float data from Yahoo or Finviz, dropping (unverified)
2026-07-19 13:07:02 | DEBUG    | shortsqueeze.data:_verify_one - SAFX: No short float data from Yahoo or Finviz, dropping (unverified)
2026-07-19 13:07:02 | DEBUG    | shortsqueeze.data:_verify_one - ASTN: No short float data from Yahoo or Finviz, dropping (unverified)
2026-07-19 13:07:02 | DEBUG    | shortsqueeze.data:_verify_one - LAES: No short float data from Yahoo or Finviz, dropping (unverified)
2026-07-19 13:07:02 | DEBUG    | shortsqueeze.data:_verify_one - AZTR: No short float data from Yahoo or Finviz, dropping (unverified)
2026-07-19 13:07:02 | DEBUG    | shortsqueeze.data:_verify_one - RCT: No short float data from Yahoo or Finviz, dropping (unverified)
2026-07-19 13:07:02 | DEBUG    | shortsqueeze.data:_verify_one - NOWL: No short float data from Yahoo or Finviz, dropping (unverified)
2026-07-19 13:07:02 | DEBUG    | shortsqueeze.data:_verify_one - VWO: No short float data from Yahoo or Finviz, dropping (unverified)
2026-07-19 13:07:02 | DEBUG    | shortsqueeze.data:_verify_one - ACHR: No short float data from Yahoo or Finviz, dropping (unverified)
2026-07-19 13:07:02 | DEBUG    | shortsqueeze.data:_verify_one - ALGM: No short float data from Yahoo or Finviz, dropping (unverified)
2026-07-19 13:07:02 | DEBUG    | shortsqueeze.data:_verify_one - TZA: No short float data from Yahoo or Finviz, dropping (unverified)
2026-07-19 13:07:02 | DEBUG    | shortsqueeze.data:_verify_one - HXGBY: No short float data from Yahoo or Finviz, dropping (unverified)
2026-07-19 13:07:02 | DEBUG    | shortsqueeze.data:_verify_one - STLA: No short float data from Yahoo or Finviz, dropping (unverified)
2026-07-19 13:07:02 | DEBUG    | shortsqueeze.data:_verify_one - SNXX: No short float data from Yahoo or Finviz, dropping (unverified)
2026-07-19 13:07:02 | DEBUG    | shortsqueeze.data:_verify_one - SPWR: No short float data from Yahoo or Finviz, dropping (unverified)
2026-07-19 13:07:02 | DEBUG    | shortsqueeze.data:_verify_one - RKLZ: No short float data from Yahoo or Finviz, dropping (unverified)
2026-07-19 13:07:02 | DEBUG    | shortsqueeze.data:_verify_one - VXUS: No short float data from Yahoo or Finviz, dropping (unverified)
2026-07-19 13:07:02 | DEBUG    | shortsqueeze.data:_verify_one - CGAC: No short float data from Yahoo or Finviz, dropping (unverified)
2026-07-19 13:07:02 | DEBUG    | shortsqueeze.data:_verify_one - INFQ: No short float data from Yahoo or Finviz, dropping (unverified)
2026-07-19 13:07:02 | DEBUG    | shortsqueeze.data:_verify_one - STEK: No short float data from Yahoo or Finviz, dropping (unverified)
2026-07-19 13:07:02 | DEBUG    | shortsqueeze.data:_verify_one - IRE: No short float data from Yahoo or Finviz, dropping (unverified)
2026-07-19 13:07:02 | DEBUG    | shortsqueeze.data:_verify_one - SPY: No short float data from Yahoo or Finviz, dropping (unverified)
2026-07-19 13:07:02 | DEBUG    | shortsqueeze.data:_verify_one - SMH: No short float data from Yahoo or Finviz, dropping (unverified)
2026-07-19 13:07:02 | DEBUG    | shortsqueeze.data:_verify_one - DTCR: No short float data from Yahoo or Finviz, dropping (unverified)
2026-07-19 13:07:02 | DEBUG    | shortsqueeze.data:_verify_one - FENI: No short float data from Yahoo or Finviz, dropping (unverified)
2026-07-19 13:07:02 | DEBUG    | shortsqueeze.data:_verify_one - KEEL: No short float data from Yahoo or Finviz, dropping (unverified)
2026-07-19 13:07:02 | DEBUG    | shortsqueeze.data:_verify_one - PFE: No short float data from Yahoo or Finviz, dropping (unverified)
2026-07-19 13:07:02 | DEBUG    | shortsqueeze.data:_verify_one - IWM: No short float data from Yahoo or Finviz, dropping (unverified)
2026-07-19 13:07:02 | DEBUG    | shortsqueeze.data:_verify_one - ATAI: No short float data from Yahoo or Finviz, dropping (unverified)
2026-07-19 13:07:02 | DEBUG    | shortsqueeze.data:_verify_one - OKLL: No short float data from Yahoo or Finviz, dropping (unverified)
2026-07-19 13:07:02 | DEBUG    | shortsqueeze.data:_verify_one - FTGC: No short float data from Yahoo or Finviz, dropping (unverified)
2026-07-19 13:07:03 | DEBUG    | shortsqueeze.data:_verify_one - RGBP: No short float data from Yahoo or Finviz, dropping (unverified)
2026-07-19 13:07:03 | DEBUG    | shortsqueeze.data:_verify_one - CAST: No short float data from Yahoo or Finviz, dropping (unverified)
2026-07-19 13:07:03 | DEBUG    | shortsqueeze.data:_verify_one - SMCX: No short float data from Yahoo or Finviz, dropping (unverified)
2026-07-19 13:07:03 | DEBUG    | shortsqueeze.data:_verify_one - CHKMF: No short float data from Yahoo or Finviz, dropping (unverified)
2026-07-19 13:07:03 | DEBUG    | shortsqueeze.data:_verify_one - NVD: No short float data from Yahoo or Finviz, dropping (unverified)
2026-07-19 13:07:03 | DEBUG    | shortsqueeze.data:_verify_one - QQQ: No short float data from Yahoo or Finviz, dropping (unverified)
2026-07-19 13:07:03 | DEBUG    | shortsqueeze.data:_verify_one - CTM: No short float data from Yahoo or Finviz, dropping (unverified)
2026-07-19 13:07:03 | DEBUG    | shortsqueeze.data:_verify_one - INND: No short float data from Yahoo or Finviz, dropping (unverified)
2026-07-19 13:07:03 | DEBUG    | shortsqueeze.data:_verify_one - KDK: No short float data from Yahoo or Finviz, dropping (unverified)
2026-07-19 13:07:03 | DEBUG    | shortsqueeze.data:_verify_one - YMT: No short float data from Yahoo or Finviz, dropping (unverified)
2026-07-19 13:07:03 | DEBUG    | shortsqueeze.data:_verify_one - SES: No short float data from Yahoo or Finviz, dropping (unverified)
2026-07-19 13:07:03 | DEBUG    | shortsqueeze.data:_verify_one - DVLT: No short float data from Yahoo or Finviz, dropping (unverified)
2026-07-19 13:07:03 | DEBUG    | shortsqueeze.data:_verify_one - SOXS: No short float data from Yahoo or Finviz, dropping (unverified)
2026-07-19 13:07:03 | DEBUG    | shortsqueeze.data:_verify_one - SMCZ: No short float data from Yahoo or Finviz, dropping (unverified)
2026-07-19 13:07:03 | DEBUG    | shortsqueeze.data:_verify_one - NTSK: No short float data from Yahoo or Finviz, dropping (unverified)
2026-07-19 13:07:03 | DEBUG    | shortsqueeze.data:_verify_one - GOCOQ: No short float data from Yahoo or Finviz, dropping (unverified)
2026-07-19 13:07:03 | DEBUG    | shortsqueeze.data:_verify_one - SPCQ: No short float data from Yahoo or Finviz, dropping (unverified)
2026-07-19 13:07:03 | DEBUG    | shortsqueeze.data:_verify_one - KRE: No short float data from Yahoo or Finviz, dropping (unverified)
2026-07-19 13:07:03 | DEBUG    | shortsqueeze.data:_verify_one - ARKK: No short float data from Yahoo or Finviz, dropping (unverified)
2026-07-19 13:07:03 | DEBUG    | shortsqueeze.data:_verify_one - MNTS: No short float data from Yahoo or Finviz, dropping (unverified)
2026-07-19 13:07:03 | DEBUG    | shortsqueeze.data:_verify_one - XLE: No short float data from Yahoo or Finviz, dropping (unverified)
2026-07-19 13:07:03 | DEBUG    | shortsqueeze.data:_verify_one - UMAV: No short float data from Yahoo or Finviz, dropping (unverified)
2026-07-19 13:07:03 | DEBUG    | shortsqueeze.data:_verify_one - CGC: No short float data from Yahoo or Finviz, dropping (unverified)
2026-07-19 13:07:03 | DEBUG    | shortsqueeze.data:_verify_one - CXAI: No short float data from Yahoo or Finviz, dropping (unverified)
2026-07-19 13:07:03 | DEBUG    | shortsqueeze.data:_verify_one - SPCU: No short float data from Yahoo or Finviz, dropping (unverified)
2026-07-19 13:07:03 | DEBUG    | shortsqueeze.data:_verify_one - URG: No short float data from Yahoo or Finviz, dropping (unverified)
2026-07-19 13:07:03 | DEBUG    | shortsqueeze.data:_verify_one - HYG: No short float data from Yahoo or Finviz, dropping (unverified)
2026-07-19 13:07:03 | DEBUG    | shortsqueeze.data:_verify_one - SLV: No short float data from Yahoo or Finviz, dropping (unverified)
2026-07-19 13:07:03 | DEBUG    | shortsqueeze.data:_verify_one - TRAW: No short float data from Yahoo or Finviz, dropping (unverified)
2026-07-19 13:07:04 | DEBUG    | shortsqueeze.data:_verify_one - CBRG: No short float data from Yahoo or Finviz, dropping (unverified)
2026-07-19 13:07:04 | DEBUG    | shortsqueeze.data:_verify_one - SCAG: No short float data from Yahoo or Finviz, dropping (unverified)
2026-07-19 13:07:04 | DEBUG    | shortsqueeze.data:_verify_one - AVXL: No short float data from Yahoo or Finviz, dropping (unverified)
2026-07-19 13:07:04 | DEBUG    | shortsqueeze.data:_verify_one - SPCX: No short float data from Yahoo or Finviz, dropping (unverified)
2026-07-19 13:07:04 | DEBUG    | shortsqueeze.data:_verify_one - SPAL: No short float data from Yahoo or Finviz, dropping (unverified)
2026-07-19 13:07:04 | DEBUG    | shortsqueeze.data:_verify_one - XLF: No short float data from Yahoo or Finviz, dropping (unverified)
2026-07-19 13:07:04 | DEBUG    | shortsqueeze.data:_verify_one - AVAT: No short float data from Yahoo or Finviz, dropping (unverified)
2026-07-19 13:07:04 | DEBUG    | shortsqueeze.data:_verify_one - SBET: No short float data from Yahoo or Finviz, dropping (unverified)
2026-07-19 13:07:04 | DEBUG    | shortsqueeze.data:_verify_one - AZI: No short float data from Yahoo or Finviz, dropping (unverified)
2026-07-19 13:07:04 | DEBUG    | shortsqueeze.data:_verify_one - XLP: No short float data from Yahoo or Finviz, dropping (unverified)
2026-07-19 13:07:04 | DEBUG    | shortsqueeze.data:_verify_one - FFAI: No short float data from Yahoo or Finviz, dropping (unverified)
2026-07-19 13:07:04 | DEBUG    | shortsqueeze.data:_verify_one - AGNC: No short float data from Yahoo or Finviz, dropping (unverified)
2026-07-19 13:07:04 | DEBUG    | shortsqueeze.data:_verify_one - UVIX: No short float data from Yahoo or Finviz, dropping (unverified)
2026-07-19 13:07:04 | DEBUG    | shortsqueeze.data:_verify_one - BFLX: No short float data from Yahoo or Finviz, dropping (unverified)
2026-07-19 13:07:04 | DEBUG    | shortsqueeze.data:_verify_one - OBAI: No short float data from Yahoo or Finviz, dropping (unverified)
2026-07-19 13:07:04 | DEBUG    | shortsqueeze.data:_verify_one - HIVE: No short float data from Yahoo or Finviz, dropping (unverified)
2026-07-19 13:07:04 | DEBUG    | shortsqueeze.data:_verify_one - WKSP: No short float data from Yahoo or Finviz, dropping (unverified)
2026-07-19 13:07:04 | DEBUG    | shortsqueeze.data:_verify_one - BULZ: No short float data from Yahoo or Finviz, dropping (unverified)
2026-07-19 13:07:04 | DEBUG    | shortsqueeze.data:_verify_one - ERIC: No short float data from Yahoo or Finviz, dropping (unverified)
2026-07-19 13:07:04 | DEBUG    | shortsqueeze.data:_verify_one - ASTX: No short float data from Yahoo or Finviz, dropping (unverified)
2026-07-19 13:07:04 | DEBUG    | shortsqueeze.data:_verify_one - COTY: No short float data from Yahoo or Finviz, dropping (unverified)
2026-07-19 13:07:04 | DEBUG    | shortsqueeze.data:_verify_one - SNK: No short float data from Yahoo or Finviz, dropping (unverified)
2026-07-19 13:07:04 | DEBUG    | shortsqueeze.data:_verify_one - VUG: No short float data from Yahoo or Finviz, dropping (unverified)
2026-07-19 13:07:04 | DEBUG    | shortsqueeze.data:_verify_one - GOSS: No short float data from Yahoo or Finviz, dropping (unverified)
2026-07-19 13:07:04 | DEBUG    | shortsqueeze.data:_verify_one - SCHR: No short float data from Yahoo or Finviz, dropping (unverified)
2026-07-19 13:07:05 | DEBUG    | shortsqueeze.data:_verify_one - CRVO: No short float data from Yahoo or Finviz, dropping (unverified)
2026-07-19 13:07:05 | DEBUG    | shortsqueeze.data:_verify_one - INFY: No short float data from Yahoo or Finviz, dropping (unverified)
2026-07-19 13:07:05 | DEBUG    | shortsqueeze.data:_verify_one - AAOX: No short float data from Yahoo or Finviz, dropping (unverified)
2026-07-19 13:07:05 | DEBUG    | shortsqueeze.data:_verify_one - WBI: No short float data from Yahoo or Finviz, dropping (unverified)
2026-07-19 13:07:05 | DEBUG    | shortsqueeze.data:_verify_one - CRMG: No short float data from Yahoo or Finviz, dropping (unverified)
2026-07-19 13:07:05 | DEBUG    | shortsqueeze.data:_verify_one - FXI: No short float data from Yahoo or Finviz, dropping (unverified)
2026-07-19 13:07:05 | DEBUG    | shortsqueeze.data:_verify_one - ADBG: No short float data from Yahoo or Finviz, dropping (unverified)
2026-07-19 13:07:05 | DEBUG    | shortsqueeze.data:_verify_one - SRFM: No short float data from Yahoo or Finviz, dropping (unverified)
2026-07-19 13:07:05 | DEBUG    | shortsqueeze.data:_verify_one - ELTX: No short float data from Yahoo or Finviz, dropping (unverified)
2026-07-19 13:07:05 | DEBUG    | shortsqueeze.data:_verify_one - KULR: No short float data from Yahoo or Finviz, dropping (unverified)
2026-07-19 13:07:05 | DEBUG    | shortsqueeze.data:_verify_one - XLV: No short float data from Yahoo or Finviz, dropping (unverified)
2026-07-19 13:07:05 | DEBUG    | shortsqueeze.data:_verify_one - SUNB: No short float data from Yahoo or Finviz, dropping (unverified)
2026-07-19 13:07:05 | DEBUG    | shortsqueeze.data:_verify_one - ONDL: No short float data from Yahoo or Finviz, dropping (unverified)
2026-07-19 13:07:05 | DEBUG    | shortsqueeze.data:_verify_one - ATLN: No short float data from Yahoo or Finviz, dropping (unverified)
2026-07-19 13:07:05 | DEBUG    | shortsqueeze.data:_verify_one - TSLL: No short float data from Yahoo or Finviz, dropping (unverified)
2026-07-19 13:07:05 | DEBUG    | shortsqueeze.data:_verify_one - CIFR: No short float data from Yahoo or Finviz, dropping (unverified)
2026-07-19 13:07:05 | DEBUG    | shortsqueeze.data:_verify_one - EEM: No short float data from Yahoo or Finviz, dropping (unverified)
2026-07-19 13:07:05 | DEBUG    | shortsqueeze.data:_verify_one - BTBT: No short float data from Yahoo or Finviz, dropping (unverified)
2026-07-19 13:07:05 | DEBUG    | shortsqueeze.data:_verify_one - SOXL: No short float data from Yahoo or Finviz, dropping (unverified)
2026-07-19 13:07:05 | DEBUG    | shortsqueeze.data:_verify_one - SQQQ: No short float data from Yahoo or Finviz, dropping (unverified)
2026-07-19 13:07:05 | DEBUG    | shortsqueeze.data:_verify_one - AREC: No short float data from Yahoo or Finviz, dropping (unverified)
2026-07-19 13:07:05 | DEBUG    | shortsqueeze.data:_verify_one - HLN: No short float data from Yahoo or Finviz, dropping (unverified)
2026-07-19 13:07:05 | DEBUG    | shortsqueeze.data:_verify_one - SPXS: No short float data from Yahoo or Finviz, dropping (unverified)
2026-07-19 13:07:05 | DEBUG    | shortsqueeze.data:_verify_one - XOP: No short float data from Yahoo or Finviz, dropping (unverified)
2026-07-19 13:07:05 | DEBUG    | shortsqueeze.data:_verify_one - KWEB: No short float data from Yahoo or Finviz, dropping (unverified)
2026-07-19 13:07:05 | DEBUG    | shortsqueeze.data:_verify_one - DRIP: No short float data from Yahoo or Finviz, dropping (unverified)
2026-07-19 13:07:05 | DEBUG    | shortsqueeze.data:_verify_one - ALOY: No short float data from Yahoo or Finviz, dropping (unverified)
2026-07-19 13:07:05 | DEBUG    | shortsqueeze.data:_verify_one - MUZ: No short float data from Yahoo or Finviz, dropping (unverified)
2026-07-19 13:07:05 | DEBUG    | shortsqueeze.data:_verify_one - IONQ: No short float data from Yahoo or Finviz, dropping (unverified)
2026-07-19 13:07:06 | DEBUG    | shortsqueeze.data:_verify_one - CIIT: No short float data from Yahoo or Finviz, dropping (unverified)
2026-07-19 13:07:06 | DEBUG    | shortsqueeze.data:_verify_one - CONL: No short float data from Yahoo or Finviz, dropping (unverified)
2026-07-19 13:07:06 | DEBUG    | shortsqueeze.data:_verify_one - LGCL: No short float data from Yahoo or Finviz, dropping (unverified)
2026-07-19 13:07:06 | DEBUG    | shortsqueeze.data:_verify_one - XBI: No short float data from Yahoo or Finviz, dropping (unverified)
2026-07-19 13:07:06 | DEBUG    | shortsqueeze.data:_verify_one - CBIH: No short float data from Yahoo or Finviz, dropping (unverified)
2026-07-19 13:07:06 | DEBUG    | shortsqueeze.data:_verify_one - VIVK: No short float data from Yahoo or Finviz, dropping (unverified)
2026-07-19 13:07:06 | DEBUG    | shortsqueeze.data:_verify_one - PPLT: No short float data from Yahoo or Finviz, dropping (unverified)
2026-07-19 13:07:06 | DEBUG    | shortsqueeze.data:_verify_one - ARKG: No short float data from Yahoo or Finviz, dropping (unverified)
2026-07-19 13:07:06 | DEBUG    | shortsqueeze.data:_verify_one - HUMA: No short float data from Yahoo or Finviz, dropping (unverified)
2026-07-19 13:07:06 | DEBUG    | shortsqueeze.data:_verify_one - ACHV: No short float data from Yahoo or Finviz, dropping (unverified)
2026-07-19 13:07:06 | DEBUG    | shortsqueeze.data:_verify_one - BTCZ: No short float data from Yahoo or Finviz, dropping (unverified)
2026-07-19 13:07:06 | DEBUG    | shortsqueeze.data:_verify_one - WALD: No short float data from Yahoo or Finviz, dropping (unverified)
2026-07-19 13:07:06 | DEBUG    | shortsqueeze.data:_verify_one - REKR: No short float data from Yahoo or Finviz, dropping (unverified)
2026-07-19 13:07:06 | DEBUG    | shortsqueeze.data:_verify_one - SUGP: No short float data from Yahoo or Finviz, dropping (unverified)
2026-07-19 13:07:06 | DEBUG    | shortsqueeze.data:_verify_one - RUM: No short float data from Yahoo or Finviz, dropping (unverified)
2026-07-19 13:07:06 | DEBUG    | shortsqueeze.data:_verify_one - MVIS: No short float data from Yahoo or Finviz, dropping (unverified)
2026-07-19 13:07:06 | DEBUG    | shortsqueeze.data:_verify_one - VTEB: No short float data from Yahoo or Finviz, dropping (unverified)
2026-07-19 13:07:06 | DEBUG    | shortsqueeze.data:_verify_one - CRDF: No short float data from Yahoo or Finviz, dropping (unverified)
2026-07-19 13:07:06 | DEBUG    | shortsqueeze.data:_verify_one - IQST: No short float data from Yahoo or Finviz, dropping (unverified)
2026-07-19 13:07:06 | DEBUG    | shortsqueeze.data:_verify_one - BDRFY: No short float data from Yahoo or Finviz, dropping (unverified)
2026-07-19 13:07:06 | DEBUG    | shortsqueeze.data:_verify_one - EHGO: No short float data from Yahoo or Finviz, dropping (unverified)
2026-07-19 13:07:06 | DEBUG    | shortsqueeze.data:_verify_one - OKLO: No short float data from Yahoo or Finviz, dropping (unverified)
2026-07-19 13:07:06 | DEBUG    | shortsqueeze.data:_verify_one - XMAX: No short float data from Yahoo or Finviz, dropping (unverified)
2026-07-19 13:07:06 | DEBUG    | shortsqueeze.data:_verify_one - SPAX: No short float data from Yahoo or Finviz, dropping (unverified)
2026-07-19 13:07:06 | DEBUG    | shortsqueeze.data:_verify_one - HUBC: No short float data from Yahoo or Finviz, dropping (unverified)
2026-07-19 13:07:06 | DEBUG    | shortsqueeze.data:_verify_one - DXF: No short float data from Yahoo or Finviz, dropping (unverified)
2026-07-19 13:07:07 | DEBUG    | shortsqueeze.data:_verify_one - CGDV: No short float data from Yahoo or Finviz, dropping (unverified)
2026-07-19 13:07:07 | DEBUG    | shortsqueeze.data:_verify_one - CGUS: No short float data from Yahoo or Finviz, dropping (unverified)
2026-07-19 13:07:07 | DEBUG    | shortsqueeze.data:_verify_one - SSO: No short float data from Yahoo or Finviz, dropping (unverified)
2026-07-19 13:07:07 | DEBUG    | shortsqueeze.data:_verify_one - BTQ: No short float data from Yahoo or Finviz, dropping (unverified)
2026-07-19 13:07:07 | DEBUG    | shortsqueeze.data:_verify_one - DFNS: No short float data from Yahoo or Finviz, dropping (unverified)
2026-07-19 13:07:07 | DEBUG    | shortsqueeze.data:_verify_one - SOAR: No short float data from Yahoo or Finviz, dropping (unverified)
2026-07-19 13:07:07 | DEBUG    | shortsqueeze.data:_verify_one - SLBT: No short float data from Yahoo or Finviz, dropping (unverified)
2026-07-19 13:07:07 | DEBUG    | shortsqueeze.data:_verify_one - VTAK: No short float data from Yahoo or Finviz, dropping (unverified)
2026-07-19 13:07:07 | DEBUG    | shortsqueeze.data:_verify_one - CORD: No short float data from Yahoo or Finviz, dropping (unverified)
2026-07-19 13:07:07 | DEBUG    | shortsqueeze.data:_verify_one - BEEM: No short float data from Yahoo or Finviz, dropping (unverified)
2026-07-19 13:07:07 | DEBUG    | shortsqueeze.data:_verify_one - XXRP: No short float data from Yahoo or Finviz, dropping (unverified)
2026-07-19 13:07:07 | DEBUG    | shortsqueeze.data:_verify_one - EWZ: No short float data from Yahoo or Finviz, dropping (unverified)
2026-07-19 13:07:07 | DEBUG    | shortsqueeze.data:_verify_one - ILLR: No short float data from Yahoo or Finviz, dropping (unverified)
2026-07-19 13:07:07 | DEBUG    | shortsqueeze.data:_verify_one - AUR: No short float data from Yahoo or Finviz, dropping (unverified)
2026-07-19 13:07:07 | DEBUG    | shortsqueeze.data:_verify_one - USAR: No short float data from Yahoo or Finviz, dropping (unverified)
2026-07-19 13:07:07 | DEBUG    | shortsqueeze.data:_verify_one - GLD: No short float data from Yahoo or Finviz, dropping (unverified)
2026-07-19 13:07:07 | DEBUG    | shortsqueeze.data:_verify_one - PAVS: No short float data from Yahoo or Finviz, dropping (unverified)
2026-07-19 13:07:07 | DEBUG    | shortsqueeze.data:_verify_one - AMDD: No short float data from Yahoo or Finviz, dropping (unverified)
2026-07-19 13:07:07 | DEBUG    | shortsqueeze.data:_verify_one - JHX: No short float data from Yahoo or Finviz, dropping (unverified)
2026-07-19 13:07:07 | DEBUG    | shortsqueeze.data:_verify_one - DAMD: No short float data from Yahoo or Finviz, dropping (unverified)
2026-07-19 13:07:07 | DEBUG    | shortsqueeze.data:_verify_one - TLT: No short float data from Yahoo or Finviz, dropping (unverified)
2026-07-19 13:07:07 | DEBUG    | shortsqueeze.data:_verify_one - LLKKF: No short float data from Yahoo or Finviz, dropping (unverified)
2026-07-19 13:07:07 | DEBUG    | shortsqueeze.data:_verify_one - HYZN: No short float data from Yahoo or Finviz, dropping (unverified)
2026-07-19 13:07:07 | DEBUG    | shortsqueeze.data:_verify_one - UGIZ: No short float data from Yahoo or Finviz, dropping (unverified)
2026-07-19 13:07:07 | DEBUG    | shortsqueeze.data:_verify_one - LOFF: No short float data from Yahoo or Finviz, dropping (unverified)
2026-07-19 13:07:07 | DEBUG    | shortsqueeze.data:_verify_one - RGTI: No short float data from Yahoo or Finviz, dropping (unverified)
2026-07-19 13:07:07 | DEBUG    | shortsqueeze.data:_verify_one - XRT: No short float data from Yahoo or Finviz, dropping (unverified)
2026-07-19 13:07:08 | DEBUG    | shortsqueeze.data:get_stock_info - Error fetching stock info for RQIRT: HTTP Error 404: 
2026-07-19 13:07:08 | DEBUG    | shortsqueeze.data:_verify_one - RQIRT: No short float data from Yahoo or Finviz, dropping (unverified)
2026-07-19 13:07:08 | DEBUG    | shortsqueeze.data:_verify_one - GGB: No short float data from Yahoo or Finviz, dropping (unverified)
2026-07-19 13:07:08 | DEBUG    | shortsqueeze.data:_verify_one - TSDD: No short float data from Yahoo or Finviz, dropping (unverified)
2026-07-19 13:07:08 | DEBUG    | shortsqueeze.data:_verify_one - ADCT: No short float data from Yahoo or Finviz, dropping (unverified)
2026-07-19 13:07:08 | DEBUG    | shortsqueeze.data:_verify_one - ANTX: No short float data from Yahoo or Finviz, dropping (unverified)
2026-07-19 13:07:08 | DEBUG    | shortsqueeze.data:_verify_one - SPCG: No short float data from Yahoo or Finviz, dropping (unverified)
2026-07-19 13:07:08 | DEBUG    | shortsqueeze.data:_verify_one - PGY: No short float data from Yahoo or Finviz, dropping (unverified)
2026-07-19 13:07:08 | DEBUG    | shortsqueeze.data:_verify_one - XLI: No short float data from Yahoo or Finviz, dropping (unverified)
2026-07-19 13:07:09 | DEBUG    | shortsqueeze.data:_verify_one - RDY: No short float data from Yahoo or Finviz, dropping (unverified)
2026-07-19 13:07:09 | DEBUG    | shortsqueeze.data:_verify_one - BTAL: No short float data from Yahoo or Finviz, dropping (unverified)
2026-07-19 13:07:09 | DEBUG    | shortsqueeze.data:_verify_one - ENHA: No short float data from Yahoo or Finviz, dropping (unverified)
2026-07-19 13:07:09 | DEBUG    | shortsqueeze.data:_verify_one - HSQVY: No short float data from Yahoo or Finviz, dropping (unverified)
2026-07-19 13:07:09 | DEBUG    | shortsqueeze.data:_verify_one - ASHR: No short float data from Yahoo or Finviz, dropping (unverified)
2026-07-19 13:07:09 | DEBUG    | shortsqueeze.data:_verify_one - XHB: No short float data from Yahoo or Finviz, dropping (unverified)
2026-07-19 13:07:09 | DEBUG    | shortsqueeze.data:_verify_one - USHY: No short float data from Yahoo or Finviz, dropping (unverified)
2026-07-19 13:07:09 | DEBUG    | shortsqueeze.data:_verify_one - ITB: No short float data from Yahoo or Finviz, dropping (unverified)
2026-07-19 13:07:09 | DEBUG    | shortsqueeze.data:_verify_one - QBTS: No short float data from Yahoo or Finviz, dropping (unverified)
2026-07-19 13:07:10 | DEBUG    | shortsqueeze.data:_verify_one - RLMD: No short float data from Yahoo or Finviz, dropping (unverified)
2026-07-19 13:07:10 | DEBUG    | shortsqueeze.data:_verify_one - SOFI: No short float data from Yahoo or Finviz, dropping (unverified)
2026-07-19 13:07:10 | DEBUG    | shortsqueeze.data:_verify_one - BMNG: No short float data from Yahoo or Finviz, dropping (unverified)
2026-07-19 13:07:10 | DEBUG    | shortsqueeze.data:_verify_one - WSRIF: No short float data from Yahoo or Finviz, dropping (unverified)
2026-07-19 13:07:10 | DEBUG    | shortsqueeze.data:_verify_one - TURB: No short float data from Yahoo or Finviz, dropping (unverified)
2026-07-19 13:07:10 | DEBUG    | shortsqueeze.data:_verify_one - NNOX: No short float data from Yahoo or Finviz, dropping (unverified)
2026-07-19 13:07:10 | DEBUG    | shortsqueeze.data:_verify_one - VERI: No short float data from Yahoo or Finviz, dropping (unverified)
2026-07-19 13:07:10 | DEBUG    | shortsqueeze.data:_verify_one - CNTN: No short float data from Yahoo or Finviz, dropping (unverified)
2026-07-19 13:07:10 | DEBUG    | shortsqueeze.data:_verify_one - CDE: No short float data from Yahoo or Finviz, dropping (unverified)
2026-07-19 13:07:10 | DEBUG    | shortsqueeze.data:_verify_one - DOCN: No short float data from Yahoo or Finviz, dropping (unverified)
2026-07-19 13:07:11 | DEBUG    | shortsqueeze.data:_verify_one - SUZ: No short float data from Yahoo or Finviz, dropping (unverified)
2026-07-19 13:07:11 | DEBUG    | shortsqueeze.data:_verify_one - DNN: No short float data from Yahoo or Finviz, dropping (unverified)
2026-07-19 13:07:11 | DEBUG    | shortsqueeze.data:_verify_one - XLY: No short float data from Yahoo or Finviz, dropping (unverified)
2026-07-19 13:07:11 | DEBUG    | shortsqueeze.data:_verify_one - HYSA: No short float data from Yahoo or Finviz, dropping (unverified)
2026-07-19 13:07:11 | DEBUG    | shortsqueeze.data:_verify_one - CTOS: No short float data from Yahoo or Finviz, dropping (unverified)
2026-07-19 13:07:11 | DEBUG    | shortsqueeze.data:_verify_one - UEC: No short float data from Yahoo or Finviz, dropping (unverified)
2026-07-19 13:07:11 | DEBUG    | shortsqueeze.data:_verify_one - UUUU: No short float data from Yahoo or Finviz, dropping (unverified)
2026-07-19 13:07:11 | DEBUG    | shortsqueeze.data:_verify_one - UNVGY: No short float data from Yahoo or Finviz, dropping (unverified)
2026-07-19 13:07:12 | DEBUG    | shortsqueeze.data:_verify_one - LFS: No short float data from Yahoo or Finviz, dropping (unverified)
2026-07-19 13:07:12 | DEBUG    | shortsqueeze.data:_verify_one - BMNR: No short float data from Yahoo or Finviz, dropping (unverified)
2026-07-19 13:07:12 | DEBUG    | shortsqueeze.data:_verify_one - NRDY: No short float data from Yahoo or Finviz, dropping (unverified)
2026-07-19 13:07:12 | DEBUG    | shortsqueeze.data:_verify_one - ARI: No short float data from Yahoo or Finviz, dropping (unverified)
2026-07-19 13:07:12 | DEBUG    | shortsqueeze.data:_verify_one - ZSQR: No short float data from Yahoo or Finviz, dropping (unverified)
2026-07-19 13:07:12 | DEBUG    | shortsqueeze.data:_verify_one - KIDZ: No short float data from Yahoo or Finviz, dropping (unverified)
2026-07-19 13:07:12 | DEBUG    | shortsqueeze.data:_verify_one - ICCM: No short float data from Yahoo or Finviz, dropping (unverified)
2026-07-19 13:07:12 | DEBUG    | shortsqueeze.data:_verify_one - TISC: No short float data from Yahoo or Finviz, dropping (unverified)
2026-07-19 13:07:12 | DEBUG    | shortsqueeze.data:_verify_one - ALXO: No short float data from Yahoo or Finviz, dropping (unverified)
2026-07-19 13:07:12 | DEBUG    | shortsqueeze.data:_verify_one - SNDU: No short float data from Yahoo or Finviz, dropping (unverified)
2026-07-19 13:07:13 | DEBUG    | shortsqueeze.data:_verify_one - IVDA: No short float data from Yahoo or Finviz, dropping (unverified)
2026-07-19 13:07:13 | DEBUG    | shortsqueeze.data:_verify_one - ZONE: No short float data from Yahoo or Finviz, dropping (unverified)
2026-07-19 13:07:13 | DEBUG    | shortsqueeze.data:_verify_one - AMTX: No short float data from Yahoo or Finviz, dropping (unverified)
2026-07-19 13:07:13 | DEBUG    | shortsqueeze.data:_verify_one - INLF: No short float data from Yahoo or Finviz, dropping (unverified)
2026-07-19 13:07:13 | DEBUG    | shortsqueeze.data:_verify_one - BITO: No short float data from Yahoo or Finviz, dropping (unverified)
2026-07-19 13:07:13 | DEBUG    | shortsqueeze.data:_verify_one - AVAV: No short float data from Yahoo or Finviz, dropping (unverified)
2026-07-19 13:07:13 | DEBUG    | shortsqueeze.data:_verify_one - ETHU: No short float data from Yahoo or Finviz, dropping (unverified)
2026-07-19 13:07:13 | DEBUG    | shortsqueeze.data:_verify_one - CQQQ: No short float data from Yahoo or Finviz, dropping (unverified)
2026-07-19 13:07:13 | DEBUG    | shortsqueeze.data:_verify_one - RKLX: No short float data from Yahoo or Finviz, dropping (unverified)
2026-07-19 13:07:13 | DEBUG    | shortsqueeze.data:_verify_one - UMC: No short float data from Yahoo or Finviz, dropping (unverified)
2026-07-19 13:07:13 | DEBUG    | shortsqueeze.data:_verify_one - XE: No short float data from Yahoo or Finviz, dropping (unverified)
2026-07-19 13:07:14 | DEBUG    | shortsqueeze.data:_verify_one - TSLG: No short float data from Yahoo or Finviz, dropping (unverified)
2026-07-19 13:07:14 | DEBUG    | shortsqueeze.data:_verify_one - TU: No short float data from Yahoo or Finviz, dropping (unverified)
2026-07-19 13:07:14 | DEBUG    | shortsqueeze.data:_verify_one - TSLQ: No short float data from Yahoo or Finviz, dropping (unverified)
2026-07-19 13:07:14 | DEBUG    | shortsqueeze.data:_verify_one - PDBC: No short float data from Yahoo or Finviz, dropping (unverified)
2026-07-19 13:07:14 | DEBUG    | shortsqueeze.data:_verify_one - RCAX: No short float data from Yahoo or Finviz, dropping (unverified)
2026-07-19 13:07:14 | DEBUG    | shortsqueeze.data:_verify_one - SPCF: No short float data from Yahoo or Finviz, dropping (unverified)
2026-07-19 13:07:14 | DEBUG    | shortsqueeze.data:_verify_one - RGTX: No short float data from Yahoo or Finviz, dropping (unverified)
2026-07-19 13:07:14 | DEBUG    | shortsqueeze.data:_verify_one - PBK: No short float data from Yahoo or Finviz, dropping (unverified)
2026-07-19 13:07:15 | DEBUG    | shortsqueeze.data:_verify_one - EWJ: No short float data from Yahoo or Finviz, dropping (unverified)
2026-07-19 13:07:15 | DEBUG    | shortsqueeze.data:_verify_one - YSS: No short float data from Yahoo or Finviz, dropping (unverified)
2026-07-19 13:07:15 | DEBUG    | shortsqueeze.data:_verify_one - SKYQ: No short float data from Yahoo or Finviz, dropping (unverified)
2026-07-19 13:07:15 | DEBUG    | shortsqueeze.data:_verify_one - TECS: No short float data from Yahoo or Finviz, dropping (unverified)
2026-07-19 13:07:15 | DEBUG    | shortsqueeze.data:_verify_one - HQ: No short float data from Yahoo or Finviz, dropping (unverified)
2026-07-19 13:07:15 | DEBUG    | shortsqueeze.data:_verify_one - MDLN: No short float data from Yahoo or Finviz, dropping (unverified)
2026-07-19 13:07:15 | DEBUG    | shortsqueeze.data:_verify_one - CNBX: No short float data from Yahoo or Finviz, dropping (unverified)
2026-07-19 13:07:15 | DEBUG    | shortsqueeze.data:_verify_one - POET: No short float data from Yahoo or Finviz, dropping (unverified)
2026-07-19 13:07:15 | DEBUG    | shortsqueeze.data:_verify_one - CPOP: No short float data from Yahoo or Finviz, dropping (unverified)
2026-07-19 13:07:15 | DEBUG    | shortsqueeze.data:_verify_one - LPRO: No short float data from Yahoo or Finviz, dropping (unverified)
2026-07-19 13:07:15 | DEBUG    | shortsqueeze.data:_verify_one - SAGT: No short float data from Yahoo or Finviz, dropping (unverified)
2026-07-19 13:07:16 | DEBUG    | shortsqueeze.data:_verify_one - VEU: No short float data from Yahoo or Finviz, dropping (unverified)
2026-07-19 13:07:16 | DEBUG    | shortsqueeze.data:_verify_one - OXSQ: No short float data from Yahoo or Finviz, dropping (unverified)
2026-07-19 13:07:16 | DEBUG    | shortsqueeze.data:_verify_one - SCHY: No short float data from Yahoo or Finviz, dropping (unverified)
2026-07-19 13:07:16 | DEBUG    | shortsqueeze.data:_verify_one - BILI: No short float data from Yahoo or Finviz, dropping (unverified)
2026-07-19 13:07:16 | DEBUG    | shortsqueeze.data:_verify_one - TQQQ: No short float data from Yahoo or Finviz, dropping (unverified)
2026-07-19 13:07:16 | DEBUG    | shortsqueeze.data:_verify_one - LI: No short float data from Yahoo or Finviz, dropping (unverified)
2026-07-19 13:07:16 | DEBUG    | shortsqueeze.data:_verify_one - TMF: No short float data from Yahoo or Finviz, dropping (unverified)
2026-07-19 13:07:16 | DEBUG    | shortsqueeze.data:_verify_one - ONMD: No short float data from Yahoo or Finviz, dropping (unverified)
2026-07-19 13:07:16 | DEBUG    | shortsqueeze.data:_verify_one - IBIT: No short float data from Yahoo or Finviz, dropping (unverified)
2026-07-19 13:07:16 | DEBUG    | shortsqueeze.data:_verify_one - XEL: No short float data from Yahoo or Finviz, dropping (unverified)
2026-07-19 13:07:16 | DEBUG    | shortsqueeze.data:_verify_one - SPYU: No short float data from Yahoo or Finviz, dropping (unverified)
2026-07-19 13:07:17 | DEBUG    | shortsqueeze.data:_verify_one - YMAT: No short float data from Yahoo or Finviz, dropping (unverified)
2026-07-19 13:07:17 | DEBUG    | shortsqueeze.data:_verify_one - SMIN: No short float data from Yahoo or Finviz, dropping (unverified)
2026-07-19 13:07:17 | DEBUG    | shortsqueeze.data:_verify_one - PSIG: No short float data from Yahoo or Finviz, dropping (unverified)
2026-07-19 13:07:17 | DEBUG    | shortsqueeze.data:_verify_one - WU: No short float data from Yahoo or Finviz, dropping (unverified)
2026-07-19 13:07:17 | DEBUG    | shortsqueeze.data:_verify_one - SNDG: No short float data from Yahoo or Finviz, dropping (unverified)
2026-07-19 13:07:17 | DEBUG    | shortsqueeze.data:_verify_one - AIM: No short float data from Yahoo or Finviz, dropping (unverified)
2026-07-19 13:07:17 | DEBUG    | shortsqueeze.data:_verify_one - SNAP: No short float data from Yahoo or Finviz, dropping (unverified)
2026-07-19 13:07:17 | DEBUG    | shortsqueeze.data:_verify_one - PACB: No short float data from Yahoo or Finviz, dropping (unverified)
2026-07-19 13:07:18 | DEBUG    | shortsqueeze.data:_verify_one - SPLB: No short float data from Yahoo or Finviz, dropping (unverified)
2026-07-19 13:07:18 | DEBUG    | shortsqueeze.data:_verify_one - GTM: No short float data from Yahoo or Finviz, dropping (unverified)
2026-07-19 13:07:18 | DEBUG    | shortsqueeze.data:_verify_one - EPP: No short float data from Yahoo or Finviz, dropping (unverified)
2026-07-19 13:07:18 | DEBUG    | shortsqueeze.data:_verify_one - AISP: No short float data from Yahoo or Finviz, dropping (unverified)
2026-07-19 13:07:18 | DEBUG    | shortsqueeze.data:_verify_one - NIO: No short float data from Yahoo or Finviz, dropping (unverified)
2026-07-19 13:07:18 | DEBUG    | shortsqueeze.data:_verify_one - CDT: No short float data from Yahoo or Finviz, dropping (unverified)
2026-07-19 13:07:18 | DEBUG    | shortsqueeze.data:_verify_one - BOIL: No short float data from Yahoo or Finviz, dropping (unverified)
2026-07-19 13:07:18 | DEBUG    | shortsqueeze.data:_verify_one - GNS: No short float data from Yahoo or Finviz, dropping (unverified)
2026-07-19 13:07:19 | DEBUG    | shortsqueeze.data:_verify_one - FPXI: No short float data from Yahoo or Finviz, dropping (unverified)
2026-07-19 13:07:19 | DEBUG    | shortsqueeze.data:_verify_one - NVDX: No short float data from Yahoo or Finviz, dropping (unverified)
2026-07-19 13:07:19 | DEBUG    | shortsqueeze.data:_verify_one - LITX: No short float data from Yahoo or Finviz, dropping (unverified)
2026-07-19 13:07:19 | DEBUG    | shortsqueeze.data:_verify_one - MUD: No short float data from Yahoo or Finviz, dropping (unverified)
2026-07-19 13:07:19 | DEBUG    | shortsqueeze.data:_verify_one - NRGV: No short float data from Yahoo or Finviz, dropping (unverified)
2026-07-19 13:07:19 | DEBUG    | shortsqueeze.data:_verify_one - LGHL: No short float data from Yahoo or Finviz, dropping (unverified)
2026-07-19 13:07:19 | DEBUG    | shortsqueeze.data:_verify_one - BXSL: No short float data from Yahoo or Finviz, dropping (unverified)
2026-07-19 13:07:19 | DEBUG    | shortsqueeze.data:_verify_one - IVR: No short float data from Yahoo or Finviz, dropping (unverified)
2026-07-19 13:07:19 | DEBUG    | shortsqueeze.data:_verify_one - NUCLW: No short float data from Yahoo or Finviz, dropping (unverified)
2026-07-19 13:07:19 | DEBUG    | shortsqueeze.data:_verify_one - HON: No short float data from Yahoo or Finviz, dropping (unverified)
2026-07-19 13:07:19 | DEBUG    | shortsqueeze.data:_verify_one - CGIC: No short float data from Yahoo or Finviz, dropping (unverified)
2026-07-19 13:07:20 | DEBUG    | shortsqueeze.data:_verify_one - MSTR: No short float data from Yahoo or Finviz, dropping (unverified)
2026-07-19 13:07:20 | DEBUG    | shortsqueeze.data:_verify_one - USO: No short float data from Yahoo or Finviz, dropping (unverified)
2026-07-19 13:07:20 | DEBUG    | shortsqueeze.data:_verify_one - BB: No short float data from Yahoo or Finviz, dropping (unverified)
2026-07-19 13:07:20 | DEBUG    | shortsqueeze.data:_verify_one - KWM: No short float data from Yahoo or Finviz, dropping (unverified)
2026-07-19 13:07:20 | DEBUG    | shortsqueeze.data:_verify_one - QSI: No short float data from Yahoo or Finviz, dropping (unverified)
2026-07-19 13:07:20 | DEBUG    | shortsqueeze.data:_verify_one - QS: No short float data from Yahoo or Finviz, dropping (unverified)
2026-07-19 13:07:20 | DEBUG    | shortsqueeze.data:_verify_one - BITA: No short float data from Yahoo or Finviz, dropping (unverified)
2026-07-19 13:07:20 | DEBUG    | shortsqueeze.data:_verify_one - ARRNF: No short float data from Yahoo or Finviz, dropping (unverified)
2026-07-19 13:07:20 | DEBUG    | shortsqueeze.data:_verify_one - ARCC: No short float data from Yahoo or Finviz, dropping (unverified)
2026-07-19 13:07:20 | DEBUG    | shortsqueeze.data:_verify_one - NNDM: No short float data from Yahoo or Finviz, dropping (unverified)
2026-07-19 13:07:21 | DEBUG    | shortsqueeze.data:_verify_one - LICN: No short float data from Yahoo or Finviz, dropping (unverified)
2026-07-19 13:07:21 | DEBUG    | shortsqueeze.data:_verify_one - GBBFF: No short float data from Yahoo or Finviz, dropping (unverified)
2026-07-19 13:07:21 | DEBUG    | shortsqueeze.data:_verify_one - BTTC: No short float data from Yahoo or Finviz, dropping (unverified)
2026-07-19 13:07:21 | DEBUG    | shortsqueeze.data:_verify_one - AREB: No short float data from Yahoo or Finviz, dropping (unverified)
2026-07-19 13:07:21 | DEBUG    | shortsqueeze.data:_verify_one - EWU: No short float data from Yahoo or Finviz, dropping (unverified)
2026-07-19 13:07:21 | DEBUG    | shortsqueeze.data:_verify_one - GGLS: No short float data from Yahoo or Finviz, dropping (unverified)
2026-07-19 13:07:21 | DEBUG    | shortsqueeze.data:_verify_one - CRWU: No short float data from Yahoo or Finviz, dropping (unverified)
2026-07-19 13:07:21 | DEBUG    | shortsqueeze.data:_verify_one - NIXX: No short float data from Yahoo or Finviz, dropping (unverified)
2026-07-19 13:07:21 | DEBUG    | shortsqueeze.data:_verify_one - KVUE: No short float data from Yahoo or Finviz, dropping (unverified)
2026-07-19 13:07:22 | DEBUG    | shortsqueeze.data:_verify_one - MVST: No short float data from Yahoo or Finviz, dropping (unverified)
2026-07-19 13:07:22 | DEBUG    | shortsqueeze.data:_verify_one - QCML: No short float data from Yahoo or Finviz, dropping (unverified)
2026-07-19 13:07:22 | DEBUG    | shortsqueeze.data:_verify_one - IGV: No short float data from Yahoo or Finviz, dropping (unverified)
2026-07-19 13:07:22 | DEBUG    | shortsqueeze.data:_verify_one - VIA: No short float data from Yahoo or Finviz, dropping (unverified)
2026-07-19 13:07:22 | DEBUG    | shortsqueeze.data:_verify_one - KBE: No short float data from Yahoo or Finviz, dropping (unverified)
2026-07-19 13:07:22 | DEBUG    | shortsqueeze.data:_verify_one - CGXU: No short float data from Yahoo or Finviz, dropping (unverified)
2026-07-19 13:07:22 | DEBUG    | shortsqueeze.data:_verify_one - CCUP: No short float data from Yahoo or Finviz, dropping (unverified)
2026-07-19 13:07:22 | DEBUG    | shortsqueeze.data:_verify_one - BMNZ: No short float data from Yahoo or Finviz, dropping (unverified)
2026-07-19 13:07:23 | DEBUG    | shortsqueeze.data:_verify_one - EWY: No short float data from Yahoo or Finviz, dropping (unverified)
2026-07-19 13:07:23 | DEBUG    | shortsqueeze.data:_verify_one - BKLN: No short float data from Yahoo or Finviz, dropping (unverified)
2026-07-19 13:07:23 | DEBUG    | shortsqueeze.data:_verify_one - BIRK: No short float data from Yahoo or Finviz, dropping (unverified)
2026-07-19 13:07:23 | DEBUG    | shortsqueeze.data:_verify_one - RUBI: No short float data from Yahoo or Finviz, dropping (unverified)
2026-07-19 13:07:23 | DEBUG    | shortsqueeze.data:_verify_one - VGK: No short float data from Yahoo or Finviz, dropping (unverified)
2026-07-19 13:07:23 | DEBUG    | shortsqueeze.data:_verify_one - SBS: No short float data from Yahoo or Finviz, dropping (unverified)
2026-07-19 13:07:23 | DEBUG    | shortsqueeze.data:_verify_one - FPEI: No short float data from Yahoo or Finviz, dropping (unverified)
2026-07-19 13:07:23 | DEBUG    | shortsqueeze.data:_verify_one - KSTR: No short float data from Yahoo or Finviz, dropping (unverified)
2026-07-19 13:07:23 | DEBUG    | shortsqueeze.data:_verify_one - EQPT: No short float data from Yahoo or Finviz, dropping (unverified)
2026-07-19 13:07:23 | DEBUG    | shortsqueeze.data:_verify_one - ABTC: No short float data from Yahoo or Finviz, dropping (unverified)
2026-07-19 13:07:23 | DEBUG    | shortsqueeze.data:_verify_one - KMB: No short float data from Yahoo or Finviz, dropping (unverified)
2026-07-19 13:07:23 | DEBUG    | shortsqueeze.data:_verify_one - ABEV: No short float data from Yahoo or Finviz, dropping (unverified)
2026-07-19 13:07:23 | DEBUG    | shortsqueeze.data:_verify_one - BIZD: No short float data from Yahoo or Finviz, dropping (unverified)
2026-07-19 13:07:24 | DEBUG    | shortsqueeze.data:_verify_one - SPCM: No short float data from Yahoo or Finviz, dropping (unverified)
2026-07-19 13:07:24 | DEBUG    | shortsqueeze.data:_verify_one - POEL: No short float data from Yahoo or Finviz, dropping (unverified)
2026-07-19 13:07:24 | DEBUG    | shortsqueeze.data:_verify_one - BYAH: No short float data from Yahoo or Finviz, dropping (unverified)
2026-07-19 13:07:24 | DEBUG    | shortsqueeze.data:_verify_one - CTLHF: No short float data from Yahoo or Finviz, dropping (unverified)
2026-07-19 13:07:24 | DEBUG    | shortsqueeze.data:_verify_one - IONX: No short float data from Yahoo or Finviz, dropping (unverified)
2026-07-19 13:07:24 | DEBUG    | shortsqueeze.data:_verify_one - FCBM: No short float data from Yahoo or Finviz, dropping (unverified)
2026-07-19 13:07:24 | DEBUG    | shortsqueeze.data:_verify_one - WELL: No short float data from Yahoo or Finviz, dropping (unverified)
2026-07-19 13:07:24 | DEBUG    | shortsqueeze.data:_verify_one - BELR: No short float data from Yahoo or Finviz, dropping (unverified)
2026-07-19 13:07:25 | DEBUG    | shortsqueeze.data:_verify_one - GLL: No short float data from Yahoo or Finviz, dropping (unverified)
2026-07-19 13:07:25 | DEBUG    | shortsqueeze.data:_verify_one - FNGU: No short float data from Yahoo or Finviz, dropping (unverified)
2026-07-19 13:07:25 | DEBUG    | shortsqueeze.data:_verify_one - WPRT: No short float data from Yahoo or Finviz, dropping (unverified)
2026-07-19 13:07:25 | DEBUG    | shortsqueeze.data:_verify_one - GLPEY: No short float data from Yahoo or Finviz, dropping (unverified)
2026-07-19 13:07:25 | DEBUG    | shortsqueeze.data:_verify_one - SBSW: No short float data from Yahoo or Finviz, dropping (unverified)
2026-07-19 13:07:25 | DEBUG    | shortsqueeze.data:_verify_one - FSK: No short float data from Yahoo or Finviz, dropping (unverified)
2026-07-19 13:07:25 | DEBUG    | shortsqueeze.data:_verify_one - PMT: No short float data from Yahoo or Finviz, dropping (unverified)
2026-07-19 13:07:25 | DEBUG    | shortsqueeze.data:_verify_one - SHEL: No short float data from Yahoo or Finviz, dropping (unverified)
2026-07-19 13:07:26 | DEBUG    | shortsqueeze.data:_verify_one - CBRS: No short float data from Yahoo or Finviz, dropping (unverified)
2026-07-19 13:07:26 | DEBUG    | shortsqueeze.data:_verify_one - RSP: No short float data from Yahoo or Finviz, dropping (unverified)
2026-07-19 13:07:26 | DEBUG    | shortsqueeze.data:_verify_one - CLLNY: No short float data from Yahoo or Finviz, dropping (unverified)
2026-07-19 13:07:26 | DEBUG    | shortsqueeze.data:_verify_one - ELVR: No short float data from Yahoo or Finviz, dropping (unverified)
2026-07-19 13:07:26 | DEBUG    | shortsqueeze.data:_verify_one - AXTU: No short float data from Yahoo or Finviz, dropping (unverified)
2026-07-19 13:07:26 | DEBUG    | shortsqueeze.data:_verify_one - QBTX: No short float data from Yahoo or Finviz, dropping (unverified)
2026-07-19 13:07:26 | DEBUG    | shortsqueeze.data:_verify_one - NFLU: No short float data from Yahoo or Finviz, dropping (unverified)
2026-07-19 13:07:26 | DEBUG    | shortsqueeze.data:_verify_one - FNDF: No short float data from Yahoo or Finviz, dropping (unverified)
2026-07-19 13:07:26 | DEBUG    | shortsqueeze.data:_verify_one - FFMGF: No short float data from Yahoo or Finviz, dropping (unverified)
2026-07-19 13:07:26 | DEBUG    | shortsqueeze.data:_verify_one - SMU: No short float data from Yahoo or Finviz, dropping (unverified)
2026-07-19 13:07:26 | DEBUG    | shortsqueeze.data:_verify_one - TTDU: No short float data from Yahoo or Finviz, dropping (unverified)
2026-07-19 13:07:26 | DEBUG    | shortsqueeze.data:_verify_one - EXFY: No short float data from Yahoo or Finviz, dropping (unverified)
2026-07-19 13:07:27 | DEBUG    | shortsqueeze.data:_verify_one - RGNT: No short float data from Yahoo or Finviz, dropping (unverified)
2026-07-19 13:07:27 | DEBUG    | shortsqueeze.data:_verify_one - CLOU: No short float data from Yahoo or Finviz, dropping (unverified)
2026-07-19 13:07:27 | DEBUG    | shortsqueeze.data:_verify_one - GGOV: No short float data from Yahoo or Finviz, dropping (unverified)
2026-07-19 13:07:27 | DEBUG    | shortsqueeze.data:_verify_one - ACYN: No short float data from Yahoo or Finviz, dropping (unverified)
2026-07-19 13:07:27 | DEBUG    | shortsqueeze.data:_verify_one - ONFO: No short float data from Yahoo or Finviz, dropping (unverified)
2026-07-19 13:07:27 | DEBUG    | shortsqueeze.data:_verify_one - PROP: No short float data from Yahoo or Finviz, dropping (unverified)
2026-07-19 13:07:27 | DEBUG    | shortsqueeze.data:_verify_one - SMUP: No short float data from Yahoo or Finviz, dropping (unverified)
2026-07-19 13:07:27 | DEBUG    | shortsqueeze.data:_verify_one - SBEV: No short float data from Yahoo or Finviz, dropping (unverified)
2026-07-19 13:07:27 | DEBUG    | shortsqueeze.data:_verify_one - IALT: No short float data from Yahoo or Finviz, dropping (unverified)
2026-07-19 13:07:28 | DEBUG    | shortsqueeze.data:_verify_one - SIRI: No short float data from Yahoo or Finviz, dropping (unverified)
2026-07-19 13:07:28 | DEBUG    | shortsqueeze.data:_verify_one - AAOI: No short float data from Yahoo or Finviz, dropping (unverified)
2026-07-19 13:07:28 | DEBUG    | shortsqueeze.data:_verify_one - BITU: No short float data from Yahoo or Finviz, dropping (unverified)
2026-07-19 13:07:28 | DEBUG    | shortsqueeze.data:_verify_one - HKIT: No short float data from Yahoo or Finviz, dropping (unverified)
2026-07-19 13:07:28 | DEBUG    | shortsqueeze.data:_verify_one - MFG: No short float data from Yahoo or Finviz, dropping (unverified)
2026-07-19 13:07:28 | DEBUG    | shortsqueeze.data:_verify_one - WOLF: No short float data from Yahoo or Finviz, dropping (unverified)
2026-07-19 13:07:28 | DEBUG    | shortsqueeze.data:_verify_one - HOWL: No short float data from Yahoo or Finviz, dropping (unverified)
2026-07-19 13:07:28 | DEBUG    | shortsqueeze.data:_verify_one - IRD: No short float data from Yahoo or Finviz, dropping (unverified)
2026-07-19 13:07:29 | DEBUG    | shortsqueeze.data:_verify_one - FRTT: No short float data from Yahoo or Finviz, dropping (unverified)
2026-07-19 13:07:29 | DEBUG    | shortsqueeze.data:_verify_one - NBIZ: No short float data from Yahoo or Finviz, dropping (unverified)
2026-07-19 13:07:29 | DEBUG    | shortsqueeze.data:_verify_one - TSLR: No short float data from Yahoo or Finviz, dropping (unverified)
2026-07-19 13:07:29 | DEBUG    | shortsqueeze.data:_verify_one - GRML: No short float data from Yahoo or Finviz, dropping (unverified)
2026-07-19 13:07:29 | DEBUG    | shortsqueeze.data:_verify_one - BCI: No short float data from Yahoo or Finviz, dropping (unverified)
2026-07-19 13:07:29 | DEBUG    | shortsqueeze.data:_verify_one - NIVF: No short float data from Yahoo or Finviz, dropping (unverified)
2026-07-19 13:07:29 | DEBUG    | shortsqueeze.data:_verify_one - MSBT: No short float data from Yahoo or Finviz, dropping (unverified)
2026-07-19 13:07:29 | DEBUG    | shortsqueeze.data:_verify_one - AXTX: No short float data from Yahoo or Finviz, dropping (unverified)
2026-07-19 13:07:29 | DEBUG    | shortsqueeze.data:_verify_one - NUCL: No short float data from Yahoo or Finviz, dropping (unverified)
2026-07-19 13:07:29 | DEBUG    | shortsqueeze.data:_verify_one - TUR: No short float data from Yahoo or Finviz, dropping (unverified)
2026-07-19 13:07:29 | DEBUG    | shortsqueeze.data:_verify_one - BSBR: No short float data from Yahoo or Finviz, dropping (unverified)
2026-07-19 13:07:29 | DEBUG    | shortsqueeze.data:_verify_one - FROG: No short float data from Yahoo or Finviz, dropping (unverified)
2026-07-19 13:07:30 | DEBUG    | shortsqueeze.data:_verify_one - BCDS: No short float data from Yahoo or Finviz, dropping (unverified)
2026-07-19 13:07:30 | DEBUG    | shortsqueeze.data:_verify_one - EQX: No short float data from Yahoo or Finviz, dropping (unverified)
2026-07-19 13:07:30 | DEBUG    | shortsqueeze.data:_verify_one - VEEA: No short float data from Yahoo or Finviz, dropping (unverified)
2026-07-19 13:07:30 | DEBUG    | shortsqueeze.data:_verify_one - FWDI: No short float data from Yahoo or Finviz, dropping (unverified)
2026-07-19 13:07:30 | DEBUG    | shortsqueeze.data:_verify_one - FJET: No short float data from Yahoo or Finviz, dropping (unverified)
2026-07-19 13:07:30 | DEBUG    | shortsqueeze.data:_verify_one - BTE: No short float data from Yahoo or Finviz, dropping (unverified)
2026-07-19 13:07:30 | DEBUG    | shortsqueeze.data:_verify_one - ACN: No short float data from Yahoo or Finviz, dropping (unverified)
2026-07-19 13:07:30 | DEBUG    | shortsqueeze.data:_verify_one - PSEC: No short float data from Yahoo or Finviz, dropping (unverified)
2026-07-19 13:07:31 | DEBUG    | shortsqueeze.data:_verify_one - AAPD: No short float data from Yahoo or Finviz, dropping (unverified)
2026-07-19 13:07:31 | DEBUG    | shortsqueeze.data:_verify_one - ICL: No short float data from Yahoo or Finviz, dropping (unverified)
2026-07-19 13:07:31 | DEBUG    | shortsqueeze.data:_verify_one - GEVO: No short float data from Yahoo or Finviz, dropping (unverified)
2026-07-19 13:07:31 | DEBUG    | shortsqueeze.data:_verify_one - PBA: No short float data from Yahoo or Finviz, dropping (unverified)
2026-07-19 13:07:31 | DEBUG    | shortsqueeze.data:_verify_one - FRMI: No short float data from Yahoo or Finviz, dropping (unverified)
2026-07-19 13:07:31 | DEBUG    | shortsqueeze.data:_verify_one - FPE: No short float data from Yahoo or Finviz, dropping (unverified)
2026-07-19 13:07:31 | DEBUG    | shortsqueeze.data:_verify_one - GLXY: No short float data from Yahoo or Finviz, dropping (unverified)
2026-07-19 13:07:31 | DEBUG    | shortsqueeze.data:_verify_one - JZ: No short float data from Yahoo or Finviz, dropping (unverified)
2026-07-19 13:07:32 | DEBUG    | shortsqueeze.data:_verify_one - XOVR: No short float data from Yahoo or Finviz, dropping (unverified)
2026-07-19 13:07:32 | DEBUG    | shortsqueeze.data:_verify_one - USAS: No short float data from Yahoo or Finviz, dropping (unverified)
2026-07-19 13:07:32 | DEBUG    | shortsqueeze.data:_verify_one - WDCX: No short float data from Yahoo or Finviz, dropping (unverified)
2026-07-19 13:07:32 | DEBUG    | shortsqueeze.data:_verify_one - VXX: No short float data from Yahoo or Finviz, dropping (unverified)
2026-07-19 13:07:32 | DEBUG    | shortsqueeze.data:_verify_one - SMTK: No short float data from Yahoo or Finviz, dropping (unverified)
2026-07-19 13:07:32 | DEBUG    | shortsqueeze.data:_verify_one - FNICF: No short float data from Yahoo or Finviz, dropping (unverified)
2026-07-19 13:07:32 | DEBUG    | shortsqueeze.data:_verify_one - ORC: No short float data from Yahoo or Finviz, dropping (unverified)
2026-07-19 13:07:32 | DEBUG    | shortsqueeze.data:_verify_one - KLAC: No short float data from Yahoo or Finviz, dropping (unverified)
2026-07-19 13:07:32 | DEBUG    | shortsqueeze.data:_verify_one - BHP: No short float data from Yahoo or Finviz, dropping (unverified)
2026-07-19 13:07:32 | DEBUG    | shortsqueeze.data:_verify_one - CSWC: No short float data from Yahoo or Finviz, dropping (unverified)
2026-07-19 13:07:33 | DEBUG    | shortsqueeze.data:_verify_one - GDC: No short float data from Yahoo or Finviz, dropping (unverified)
2026-07-19 13:07:33 | DEBUG    | shortsqueeze.data:_verify_one - GIL: No short float data from Yahoo or Finviz, dropping (unverified)
2026-07-19 13:07:33 | DEBUG    | shortsqueeze.data:_verify_one - HSCS: No short float data from Yahoo or Finviz, dropping (unverified)
2026-07-19 13:07:33 | DEBUG    | shortsqueeze.data:_verify_one - SH: No short float data from Yahoo or Finviz, dropping (unverified)
2026-07-19 13:07:33 | DEBUG    | shortsqueeze.data:_verify_one - TNA: No short float data from Yahoo or Finviz, dropping (unverified)
2026-07-19 13:07:33 | DEBUG    | shortsqueeze.data:_verify_one - BKDV: No short float data from Yahoo or Finviz, dropping (unverified)
2026-07-19 13:07:33 | DEBUG    | shortsqueeze.data:_verify_one - NEXT: No short float data from Yahoo or Finviz, dropping (unverified)
2026-07-19 13:07:34 | DEBUG    | shortsqueeze.data:_verify_one - LUNL: No short float data from Yahoo or Finviz, dropping (unverified)
2026-07-19 13:07:34 | DEBUG    | shortsqueeze.data:_verify_one - GITS: No short float data from Yahoo or Finviz, dropping (unverified)
2026-07-19 13:07:34 | DEBUG    | shortsqueeze.data:_verify_one - FNDE: No short float data from Yahoo or Finviz, dropping (unverified)
2026-07-19 13:07:34 | DEBUG    | shortsqueeze.data:_verify_one - INFH: No short float data from Yahoo or Finviz, dropping (unverified)
2026-07-19 13:07:34 | DEBUG    | shortsqueeze.data:_verify_one - ARMG: No short float data from Yahoo or Finviz, dropping (unverified)
2026-07-19 13:07:34 | DEBUG    | shortsqueeze.data:_verify_one - FFGX: No short float data from Yahoo or Finviz, dropping (unverified)
2026-07-19 13:07:34 | DEBUG    | shortsqueeze.data:_verify_one - GDXY: No short float data from Yahoo or Finviz, dropping (unverified)
2026-07-19 13:07:34 | DEBUG    | shortsqueeze.data:_verify_one - AVS: No short float data from Yahoo or Finviz, dropping (unverified)
2026-07-19 13:07:34 | DEBUG    | shortsqueeze.data:_verify_one - LNAI: No short float data from Yahoo or Finviz, dropping (unverified)
2026-07-19 13:07:34 | DEBUG    | shortsqueeze.data:_verify_one - DJTU: No short float data from Yahoo or Finviz, dropping (unverified)
2026-07-19 13:07:34 | DEBUG    | shortsqueeze.data:_verify_one - TMSL: No short float data from Yahoo or Finviz, dropping (unverified)
2026-07-19 13:07:34 | DEBUG    | shortsqueeze.data:_verify_one - XTAIF: No short float data from Yahoo or Finviz, dropping (unverified)
2026-07-19 13:07:35 | DEBUG    | shortsqueeze.data:_verify_one - PHGE: No short float data from Yahoo or Finviz, dropping (unverified)
2026-07-19 13:07:35 | DEBUG    | shortsqueeze.data:_verify_one - LGRDY: No short float data from Yahoo or Finviz, dropping (unverified)
2026-07-19 13:07:35 | DEBUG    | shortsqueeze.data:_verify_one - TRIB: No short float data from Yahoo or Finviz, dropping (unverified)
2026-07-19 13:07:35 | DEBUG    | shortsqueeze.data:_verify_one - ONDG: No short float data from Yahoo or Finviz, dropping (unverified)
2026-07-19 13:07:35 | DEBUG    | shortsqueeze.data:_verify_one - PDYN: No short float data from Yahoo or Finviz, dropping (unverified)
2026-07-19 13:07:35 | DEBUG    | shortsqueeze.data:_verify_one - TSLT: No short float data from Yahoo or Finviz, dropping (unverified)
2026-07-19 13:07:35 | DEBUG    | shortsqueeze.data:_verify_one - DJT: No short float data from Yahoo or Finviz, dropping (unverified)
2026-07-19 13:07:35 | DEBUG    | shortsqueeze.data:_verify_one - JEPI: No short float data from Yahoo or Finviz, dropping (unverified)
2026-07-19 13:07:35 | DEBUG    | shortsqueeze.data:_verify_one - BETZ: No short float data from Yahoo or Finviz, dropping (unverified)
2026-07-19 13:07:35 | DEBUG    | shortsqueeze.data:_verify_one - IBB: No short float data from Yahoo or Finviz, dropping (unverified)
2026-07-19 13:07:35 | DEBUG    | shortsqueeze.data:_verify_one - BBAR: No short float data from Yahoo or Finviz, dropping (unverified)
2026-07-19 13:07:36 | DEBUG    | shortsqueeze.data:_verify_one - PURR: No short float data from Yahoo or Finviz, dropping (unverified)
2026-07-19 13:07:36 | DEBUG    | shortsqueeze.data:_verify_one - MMTIF: No short float data from Yahoo or Finviz, dropping (unverified)
2026-07-19 13:07:36 | DEBUG    | shortsqueeze.data:_verify_one - SID: No short float data from Yahoo or Finviz, dropping (unverified)
2026-07-19 13:07:36 | DEBUG    | shortsqueeze.data:_verify_one - SMFG: No short float data from Yahoo or Finviz, dropping (unverified)
2026-07-19 13:07:36 | DEBUG    | shortsqueeze.data:_verify_one - ECX: No short float data from Yahoo or Finviz, dropping (unverified)
2026-07-19 13:07:36 | DEBUG    | shortsqueeze.data:_verify_one - CIEG: No short float data from Yahoo or Finviz, dropping (unverified)
2026-07-19 13:07:36 | DEBUG    | shortsqueeze.data:_verify_one - SMST: No short float data from Yahoo or Finviz, dropping (unverified)
2026-07-19 13:07:36 | DEBUG    | shortsqueeze.data:_verify_one - BGS: No short float data from Yahoo or Finviz, dropping (unverified)
2026-07-19 13:07:36 | DEBUG    | shortsqueeze.data:_verify_one - FJUN: No short float data from Yahoo or Finviz, dropping (unverified)
2026-07-19 13:07:36 | DEBUG    | shortsqueeze.data:_verify_one - TFSL: No short float data from Yahoo or Finviz, dropping (unverified)
2026-07-19 13:07:37 | DEBUG    | shortsqueeze.data:_verify_one - PATN: No short float data from Yahoo or Finviz, dropping (unverified)
2026-07-19 13:07:37 | DEBUG    | shortsqueeze.data:_verify_one - GGT: No short float data from Yahoo or Finviz, dropping (unverified)
2026-07-19 13:07:37 | DEBUG    | shortsqueeze.data:_verify_one - SNN: No short float data from Yahoo or Finviz, dropping (unverified)
2026-07-19 13:07:37 | DEBUG    | shortsqueeze.data:_verify_one - LASE: No short float data from Yahoo or Finviz, dropping (unverified)
2026-07-19 13:07:37 | DEBUG    | shortsqueeze.data:_verify_one - RKT: No short float data from Yahoo or Finviz, dropping (unverified)
2026-07-19 13:07:37 | DEBUG    | shortsqueeze.data:_verify_one - SCZ: No short float data from Yahoo or Finviz, dropping (unverified)
2026-07-19 13:07:37 | DEBUG    | shortsqueeze.data:_verify_one - RKTO: No short float data from Yahoo or Finviz, dropping (unverified)
2026-07-19 13:07:37 | DEBUG    | shortsqueeze.data:_verify_one - SPIR: No short float data from Yahoo or Finviz, dropping (unverified)
2026-07-19 13:07:37 | DEBUG    | shortsqueeze.data:_verify_one - AAOG: No short float data from Yahoo or Finviz, dropping (unverified)
2026-07-19 13:07:37 | DEBUG    | shortsqueeze.data:_verify_one - LWAY: No short float data from Yahoo or Finviz, dropping (unverified)
2026-07-19 13:07:37 | DEBUG    | shortsqueeze.data:_verify_one - CGDG: No short float data from Yahoo or Finviz, dropping (unverified)
2026-07-19 13:07:37 | DEBUG    | shortsqueeze.data:_verify_one - KYMR: No short float data from Yahoo or Finviz, dropping (unverified)
2026-07-19 13:07:38 | DEBUG    | shortsqueeze.data:_verify_one - ACYS: No short float data from Yahoo or Finviz, dropping (unverified)
2026-07-19 13:07:38 | DEBUG    | shortsqueeze.data:_verify_one - MGRX: No short float data from Yahoo or Finviz, dropping (unverified)
2026-07-19 13:07:38 | DEBUG    | shortsqueeze.data:_verify_one - FTHI: No short float data from Yahoo or Finviz, dropping (unverified)
2026-07-19 13:07:38 | DEBUG    | shortsqueeze.data:_verify_one - NVTS: No short float data from Yahoo or Finviz, dropping (unverified)
2026-07-19 13:07:38 | DEBUG    | shortsqueeze.data:_verify_one - XLB: No short float data from Yahoo or Finviz, dropping (unverified)
2026-07-19 13:07:38 | DEBUG    | shortsqueeze.data:_verify_one - DDFZ: No short float data from Yahoo or Finviz, dropping (unverified)
2026-07-19 13:07:38 | DEBUG    | shortsqueeze.data:_verify_one - QNC: No short float data from Yahoo or Finviz, dropping (unverified)
2026-07-19 13:07:38 | DEBUG    | shortsqueeze.data:_verify_one - FGMC: No short float data from Yahoo or Finviz, dropping (unverified)
2026-07-19 13:07:38 | DEBUG    | shortsqueeze.data:_verify_one - DEFT: No short float data from Yahoo or Finviz, dropping (unverified)
2026-07-19 13:07:38 | DEBUG    | shortsqueeze.data:_verify_one - PZA: No short float data from Yahoo or Finviz, dropping (unverified)
2026-07-19 13:07:39 | DEBUG    | shortsqueeze.data:_verify_one - NLST: No short float data from Yahoo or Finviz, dropping (unverified)
2026-07-19 13:07:39 | DEBUG    | shortsqueeze.data:_verify_one - DBGI: No short float data from Yahoo or Finviz, dropping (unverified)
2026-07-19 13:07:39 | DEBUG    | shortsqueeze.data:_verify_one - BIYA: No short float data from Yahoo or Finviz, dropping (unverified)
2026-07-19 13:07:39 | DEBUG    | shortsqueeze.data:_verify_one - HBM: No short float data from Yahoo or Finviz, dropping (unverified)
2026-07-19 13:07:39 | DEBUG    | shortsqueeze.data:_verify_one - ADBE: No short float data from Yahoo or Finviz, dropping (unverified)
2026-07-19 13:07:39 | DEBUG    | shortsqueeze.data:_verify_one - JNK: No short float data from Yahoo or Finviz, dropping (unverified)
2026-07-19 13:07:39 | DEBUG    | shortsqueeze.data:_verify_one - AMPU: No short float data from Yahoo or Finviz, dropping (unverified)
2026-07-19 13:07:39 | DEBUG    | shortsqueeze.data:_verify_one - MICC: No short float data from Yahoo or Finviz, dropping (unverified)
2026-07-19 13:07:39 | DEBUG    | shortsqueeze.data:_verify_one - INDA: No short float data from Yahoo or Finviz, dropping (unverified)
2026-07-19 13:07:40 | DEBUG    | shortsqueeze.data:_verify_one - SPLV: No short float data from Yahoo or Finviz, dropping (unverified)
2026-07-19 13:07:40 | DEBUG    | shortsqueeze.data:_verify_one - BYDDY: No short float data from Yahoo or Finviz, dropping (unverified)
2026-07-19 13:07:40 | DEBUG    | shortsqueeze.data:_verify_one - JROOF: No short float data from Yahoo or Finviz, dropping (unverified)
2026-07-19 13:07:40 | DEBUG    | shortsqueeze.data:_verify_one - AMDL: No short float data from Yahoo or Finviz, dropping (unverified)
2026-07-19 13:07:40 | DEBUG    | shortsqueeze.data:_verify_one - GDXU: No short float data from Yahoo or Finviz, dropping (unverified)
2026-07-19 13:07:40 | DEBUG    | shortsqueeze.data:_verify_one - SPXU: No short float data from Yahoo or Finviz, dropping (unverified)
2026-07-19 13:07:40 | DEBUG    | shortsqueeze.data:_verify_one - KBLB: No short float data from Yahoo or Finviz, dropping (unverified)
2026-07-19 13:07:40 | DEBUG    | shortsqueeze.data:_verify_one - RDWU: No short float data from Yahoo or Finviz, dropping (unverified)
2026-07-19 13:07:40 | DEBUG    | shortsqueeze.data:_verify_one - FNMAS: No short float data from Yahoo or Finviz, dropping (unverified)
2026-07-19 13:07:40 | DEBUG    | shortsqueeze.data:_verify_one - PLSM: No short float data from Yahoo or Finviz, dropping (unverified)
2026-07-19 13:07:41 | DEBUG    | shortsqueeze.data:_verify_one - EVTV: No short float data from Yahoo or Finviz, dropping (unverified)
2026-07-19 13:07:41 | DEBUG    | shortsqueeze.data:_verify_one - MRNO: No short float data from Yahoo or Finviz, dropping (unverified)
2026-07-19 13:07:41 | DEBUG    | shortsqueeze.data:_verify_one - SW: No short float data from Yahoo or Finviz, dropping (unverified)
2026-07-19 13:07:41 | DEBUG    | shortsqueeze.data:_verify_one - TGSGY: No short float data from Yahoo or Finviz, dropping (unverified)
2026-07-19 13:07:41 | DEBUG    | shortsqueeze.data:_verify_one - VTWO: No short float data from Yahoo or Finviz, dropping (unverified)
2026-07-19 13:07:41 | DEBUG    | shortsqueeze.data:_verify_one - NVX: No short float data from Yahoo or Finviz, dropping (unverified)
2026-07-19 13:07:41 | DEBUG    | shortsqueeze.data:_verify_one - SPBO: No short float data from Yahoo or Finviz, dropping (unverified)
2026-07-19 13:07:41 | DEBUG    | shortsqueeze.data:_verify_one - QUCY: No short float data from Yahoo or Finviz, dropping (unverified)
2026-07-19 13:07:41 | DEBUG    | shortsqueeze.data:_verify_one - FLY: No short float data from Yahoo or Finviz, dropping (unverified)
2026-07-19 13:07:41 | DEBUG    | shortsqueeze.data:_verify_one - FIGR: No short float data from Yahoo or Finviz, dropping (unverified)
2026-07-19 13:07:42 | DEBUG    | shortsqueeze.data:_verify_one - INV: No short float data from Yahoo or Finviz, dropping (unverified)
2026-07-19 13:07:42 | DEBUG    | shortsqueeze.data:_verify_one - AUPH: No short float data from Yahoo or Finviz, dropping (unverified)
2026-07-19 13:07:42 | DEBUG    | shortsqueeze.data:_verify_one - MDLK: No short float data from Yahoo or Finviz, dropping (unverified)
2026-07-19 13:07:42 | DEBUG    | shortsqueeze.data:_verify_one - KIROY: No short float data from Yahoo or Finviz, dropping (unverified)
2026-07-19 13:07:42 | DEBUG    | shortsqueeze.data:_verify_one - NWGL: No short float data from Yahoo or Finviz, dropping (unverified)
2026-07-19 13:07:42 | DEBUG    | shortsqueeze.data:_verify_one - CGMXF: No short float data from Yahoo or Finviz, dropping (unverified)
2026-07-19 13:07:42 | DEBUG    | shortsqueeze.data:_verify_one - EWG: No short float data from Yahoo or Finviz, dropping (unverified)
2026-07-19 13:07:42 | DEBUG    | shortsqueeze.data:_verify_one - BDYN: No short float data from Yahoo or Finviz, dropping (unverified)
2026-07-19 13:07:42 | DEBUG    | shortsqueeze.data:_verify_one - GSBD: No short float data from Yahoo or Finviz, dropping (unverified)
2026-07-19 13:07:43 | DEBUG    | shortsqueeze.data:_verify_one - INVZ: No short float data from Yahoo or Finviz, dropping (unverified)
2026-07-19 13:07:43 | DEBUG    | shortsqueeze.data:_verify_one - IHI: No short float data from Yahoo or Finviz, dropping (unverified)
2026-07-19 13:07:43 | DEBUG    | shortsqueeze.data:_verify_one - LWLG: No short float data from Yahoo or Finviz, dropping (unverified)
2026-07-19 13:07:43 | DEBUG    | shortsqueeze.data:_verify_one - IBX: No short float data from Yahoo or Finviz, dropping (unverified)
2026-07-19 13:07:43 | DEBUG    | shortsqueeze.data:_verify_one - METU: No short float data from Yahoo or Finviz, dropping (unverified)
2026-07-19 13:07:43 | DEBUG    | shortsqueeze.data:_verify_one - QNT: No short float data from Yahoo or Finviz, dropping (unverified)
2026-07-19 13:07:43 | DEBUG    | shortsqueeze.data:_verify_one - KKPNY: No short float data from Yahoo or Finviz, dropping (unverified)
2026-07-19 13:07:43 | DEBUG    | shortsqueeze.data:_verify_one - BEKE: No short float data from Yahoo or Finviz, dropping (unverified)
2026-07-19 13:07:44 | DEBUG    | shortsqueeze.data:_verify_one - LNKS: No short float data from Yahoo or Finviz, dropping (unverified)
2026-07-19 13:07:44 | DEBUG    | shortsqueeze.data:_verify_one - FALN: No short float data from Yahoo or Finviz, dropping (unverified)
2026-07-19 13:07:44 | DEBUG    | shortsqueeze.data:_verify_one - NVDQ: No short float data from Yahoo or Finviz, dropping (unverified)
2026-07-19 13:07:44 | DEBUG    | shortsqueeze.data:_verify_one - RGTIW: No short float data from Yahoo or Finviz, dropping (unverified)
2026-07-19 13:07:44 | DEBUG    | shortsqueeze.data:_verify_one - IHICY: No short float data from Yahoo or Finviz, dropping (unverified)
2026-07-19 13:07:44 | DEBUG    | shortsqueeze.data:_verify_one - PLTU: No short float data from Yahoo or Finviz, dropping (unverified)
2026-07-19 13:07:44 | DEBUG    | shortsqueeze.data:_verify_one - EXK: No short float data from Yahoo or Finviz, dropping (unverified)
2026-07-19 13:07:44 | DEBUG    | shortsqueeze.data:_verify_one - WLDS: No short float data from Yahoo or Finviz, dropping (unverified)
2026-07-19 13:07:44 | DEBUG    | shortsqueeze.data:_verify_one - SOFX: No short float data from Yahoo or Finviz, dropping (unverified)
2026-07-19 13:07:44 | DEBUG    | shortsqueeze.data:_verify_one - RWM: No short float data from Yahoo or Finviz, dropping (unverified)
2026-07-19 13:07:44 | DEBUG    | shortsqueeze.data:_verify_one - EU: No short float data from Yahoo or Finviz, dropping (unverified)
2026-07-19 13:07:45 | DEBUG    | shortsqueeze.data:_verify_one - BWIN: No short float data from Yahoo or Finviz, dropping (unverified)
2026-07-19 13:07:45 | DEBUG    | shortsqueeze.data:_verify_one - OILU: No short float data from Yahoo or Finviz, dropping (unverified)
2026-07-19 13:07:45 | DEBUG    | shortsqueeze.data:_verify_one - NVOX: No short float data from Yahoo or Finviz, dropping (unverified)
2026-07-19 13:07:45 | DEBUG    | shortsqueeze.data:_verify_one - SPCL: No short float data from Yahoo or Finviz, dropping (unverified)
2026-07-19 13:07:45 | DEBUG    | shortsqueeze.data:_verify_one - GMEU: No short float data from Yahoo or Finviz, dropping (unverified)
2026-07-19 13:07:45 | DEBUG    | shortsqueeze.data:_verify_one - AHMA: No short float data from Yahoo or Finviz, dropping (unverified)
2026-07-19 13:07:45 | DEBUG    | shortsqueeze.data:_verify_one - BUR: No short float data from Yahoo or Finviz, dropping (unverified)
2026-07-19 13:07:45 | DEBUG    | shortsqueeze.data:_verify_one - FPAS: No short float data from Yahoo or Finviz, dropping (unverified)
2026-07-19 13:07:45 | DEBUG    | shortsqueeze.data:_verify_one - PLU: No short float data from Yahoo or Finviz, dropping (unverified)
2026-07-19 13:07:46 | DEBUG    | shortsqueeze.data:_verify_one - IGPK: No short float data from Yahoo or Finviz, dropping (unverified)
2026-07-19 13:07:46 | DEBUG    | shortsqueeze.data:_verify_one - IYZ: No short float data from Yahoo or Finviz, dropping (unverified)
2026-07-19 13:07:46 | DEBUG    | shortsqueeze.data:_verify_one - TGHL: No short float data from Yahoo or Finviz, dropping (unverified)
2026-07-19 13:07:46 | DEBUG    | shortsqueeze.data:_verify_one - HCWB: No short float data from Yahoo or Finviz, dropping (unverified)
2026-07-19 13:07:46 | DEBUG    | shortsqueeze.data:_verify_one - VVOS: No short float data from Yahoo or Finviz, dropping (unverified)
2026-07-19 13:07:46 | DEBUG    | shortsqueeze.data:_verify_one - XCH: No short float data from Yahoo or Finviz, dropping (unverified)
2026-07-19 13:07:46 | DEBUG    | shortsqueeze.data:_verify_one - FWRD: No short float data from Yahoo or Finviz, dropping (unverified)
2026-07-19 13:07:46 | DEBUG    | shortsqueeze.data:_verify_one - DIDIY: No short float data from Yahoo or Finviz, dropping (unverified)
2026-07-19 13:07:46 | DEBUG    | shortsqueeze.data:_verify_one - FCUV: No short float data from Yahoo or Finviz, dropping (unverified)
2026-07-19 13:07:47 | DEBUG    | shortsqueeze.data:_verify_one - SHNY: No short float data from Yahoo or Finviz, dropping (unverified)
2026-07-19 13:07:47 | DEBUG    | shortsqueeze.data:_verify_one - GDXD: No short float data from Yahoo or Finviz, dropping (unverified)
2026-07-19 13:07:47 | DEBUG    | shortsqueeze.data:_verify_one - ABR: No short float data from Yahoo or Finviz, dropping (unverified)
2026-07-19 13:07:47 | DEBUG    | shortsqueeze.data:_verify_one - STEX: No short float data from Yahoo or Finviz, dropping (unverified)
2026-07-19 13:07:47 | DEBUG    | shortsqueeze.data:_verify_one - SYGCF: No short float data from Yahoo or Finviz, dropping (unverified)
2026-07-19 13:07:47 | DEBUG    | shortsqueeze.data:_verify_one - TRI: No short float data from Yahoo or Finviz, dropping (unverified)
2026-07-19 13:07:47 | DEBUG    | shortsqueeze.data:_verify_one - XPEV: No short float data from Yahoo or Finviz, dropping (unverified)
2026-07-19 13:07:47 | DEBUG    | shortsqueeze.data:_verify_one - FMDE: No short float data from Yahoo or Finviz, dropping (unverified)
2026-07-19 13:07:47 | DEBUG    | shortsqueeze.data:_verify_one - INIO: No short float data from Yahoo or Finviz, dropping (unverified)
2026-07-19 13:07:48 | DEBUG    | shortsqueeze.data:_verify_one - CRWG: No short float data from Yahoo or Finviz, dropping (unverified)
2026-07-19 13:07:48 | DEBUG    | shortsqueeze.data:_verify_one - TMC: No short float data from Yahoo or Finviz, dropping (unverified)
2026-07-19 13:07:48 | DEBUG    | shortsqueeze.data:_verify_one - FAAR: No short float data from Yahoo or Finviz, dropping (unverified)
2026-07-19 13:07:48 | DEBUG    | shortsqueeze.data:_verify_one - BAYRY: No short float data from Yahoo or Finviz, dropping (unverified)
2026-07-19 13:07:48 | DEBUG    | shortsqueeze.data:_verify_one - SXYAY: No short float data from Yahoo or Finviz, dropping (unverified)
2026-07-19 13:07:48 | DEBUG    | shortsqueeze.data:_verify_one - LABD: No short float data from Yahoo or Finviz, dropping (unverified)
2026-07-19 13:07:48 | DEBUG    | shortsqueeze.data:_verify_one - STUB: No short float data from Yahoo or Finviz, dropping (unverified)
2026-07-19 13:07:48 | DEBUG    | shortsqueeze.data:_verify_one - DOC: No short float data from Yahoo or Finviz, dropping (unverified)
2026-07-19 13:07:48 | DEBUG    | shortsqueeze.data:_verify_one - CVNA: No short float data from Yahoo or Finviz, dropping (unverified)
2026-07-19 13:07:48 | DEBUG    | shortsqueeze.data:_verify_one - IUSB: No short float data from Yahoo or Finviz, dropping (unverified)
2026-07-19 13:07:49 | DEBUG    | shortsqueeze.data:_verify_one - SMMNY: No short float data from Yahoo or Finviz, dropping (unverified)
2026-07-19 13:07:49 | DEBUG    | shortsqueeze.data:_verify_one - BRUN: No short float data from Yahoo or Finviz, dropping (unverified)
2026-07-19 13:07:49 | DEBUG    | shortsqueeze.data:_verify_one - BTGD: No short float data from Yahoo or Finviz, dropping (unverified)
2026-07-19 13:07:49 | DEBUG    | shortsqueeze.data:_verify_one - CGMM: No short float data from Yahoo or Finviz, dropping (unverified)
2026-07-19 13:07:49 | DEBUG    | shortsqueeze.data:_verify_one - SATA: No short float data from Yahoo or Finviz, dropping (unverified)
2026-07-19 13:07:49 | DEBUG    | shortsqueeze.data:_verify_one - SFL: No short float data from Yahoo or Finviz, dropping (unverified)
2026-07-19 13:07:49 | DEBUG    | shortsqueeze.data:_verify_one - BYAGF: No short float data from Yahoo or Finviz, dropping (unverified)
2026-07-19 13:07:49 | DEBUG    | shortsqueeze.data:_verify_one - JUNW: No short float data from Yahoo or Finviz, dropping (unverified)
2026-07-19 13:07:49 | DEBUG    | shortsqueeze.data:_verify_one - PDIYF: No short float data from Yahoo or Finviz, dropping (unverified)
2026-07-19 13:07:49 | DEBUG    | shortsqueeze.data:_verify_one - AIIO: No short float data from Yahoo or Finviz, dropping (unverified)
2026-07-19 13:07:49 | DEBUG    | shortsqueeze.data:_verify_one - CORB: No short float data from Yahoo or Finviz, dropping (unverified)
2026-07-19 13:07:50 | DEBUG    | shortsqueeze.data:_verify_one - ASX: No short float data from Yahoo or Finviz, dropping (unverified)
2026-07-19 13:07:50 | DEBUG    | shortsqueeze.data:_verify_one - DB: No short float data from Yahoo or Finviz, dropping (unverified)
2026-07-19 13:07:50 | DEBUG    | shortsqueeze.data:_verify_one - IMSR: No short float data from Yahoo or Finviz, dropping (unverified)
2026-07-19 13:07:50 | DEBUG    | shortsqueeze.data:_verify_one - MSFX: No short float data from Yahoo or Finviz, dropping (unverified)
2026-07-19 13:07:50 | DEBUG    | shortsqueeze.data:_verify_one - CHLSY: No short float data from Yahoo or Finviz, dropping (unverified)
2026-07-19 13:07:50 | DEBUG    | shortsqueeze.data:_verify_one - HLP: No short float data from Yahoo or Finviz, dropping (unverified)
2026-07-19 13:07:50 | DEBUG    | shortsqueeze.data:_verify_one - ADYEY: No short float data from Yahoo or Finviz, dropping (unverified)
2026-07-19 13:07:50 | DEBUG    | shortsqueeze.data:_verify_one - CLNV: No short float data from Yahoo or Finviz, dropping (unverified)
2026-07-19 13:07:50 | DEBUG    | shortsqueeze.data:_verify_one - BLSH: No short float data from Yahoo or Finviz, dropping (unverified)
2026-07-19 13:07:51 | DEBUG    | shortsqueeze.data:_verify_one - BIRD: No short float data from Yahoo or Finviz, dropping (unverified)
2026-07-19 13:07:51 | DEBUG    | shortsqueeze.data:_verify_one - SVM: No short float data from Yahoo or Finviz, dropping (unverified)
2026-07-19 13:07:51 | DEBUG    | shortsqueeze.data:_verify_one - ZJUN: No short float data from Yahoo or Finviz, dropping (unverified)
2026-07-19 13:07:51 | DEBUG    | shortsqueeze.data:_verify_one - GSK: No short float data from Yahoo or Finviz, dropping (unverified)
2026-07-19 13:07:51 | DEBUG    | shortsqueeze.data:_verify_one - JSCP: No short float data from Yahoo or Finviz, dropping (unverified)
2026-07-19 13:07:51 | DEBUG    | shortsqueeze.data:_verify_one - GOOGM: No short float data from Yahoo or Finviz, dropping (unverified)
2026-07-19 13:07:51 | DEBUG    | shortsqueeze.data:_verify_one - AMAU: No short float data from Yahoo or Finviz, dropping (unverified)
2026-07-19 13:07:51 | DEBUG    | shortsqueeze.data:_verify_one - IREZ: No short float data from Yahoo or Finviz, dropping (unverified)
2026-07-19 13:07:51 | DEBUG    | shortsqueeze.data:_verify_one - PPH: No short float data from Yahoo or Finviz, dropping (unverified)
2026-07-19 13:07:52 | DEBUG    | shortsqueeze.data:_verify_one - MUB: No short float data from Yahoo or Finviz, dropping (unverified)
2026-07-19 13:07:52 | DEBUG    | shortsqueeze.data:_verify_one - UCO: No short float data from Yahoo or Finviz, dropping (unverified)
2026-07-19 13:07:52 | DEBUG    | shortsqueeze.data:_verify_one - SUNE: No short float data from Yahoo or Finviz, dropping (unverified)
2026-07-19 13:07:52 | DEBUG    | shortsqueeze.data:_verify_one - ELDN: No short float data from Yahoo or Finviz, dropping (unverified)
2026-07-19 13:07:52 | DEBUG    | shortsqueeze.data:_verify_one - ZENA: No short float data from Yahoo or Finviz, dropping (unverified)
2026-07-19 13:07:52 | DEBUG    | shortsqueeze.data:_verify_one - TECH: No short float data from Yahoo or Finviz, dropping (unverified)
2026-07-19 13:07:52 | DEBUG    | shortsqueeze.data:_verify_one - EPMLF: No short float data from Yahoo or Finviz, dropping (unverified)
2026-07-19 13:07:53 | DEBUG    | shortsqueeze.data:_verify_one - OTLK: No short float data from Yahoo or Finviz, dropping (unverified)
2026-07-19 13:07:53 | DEBUG    | shortsqueeze.data:_verify_one - SHAZ: No short float data from Yahoo or Finviz, dropping (unverified)
2026-07-19 13:07:53 | DEBUG    | shortsqueeze.data:_verify_one - ORCX: No short float data from Yahoo or Finviz, dropping (unverified)
2026-07-19 13:07:53 | DEBUG    | shortsqueeze.data:_verify_one - BBEU: No short float data from Yahoo or Finviz, dropping (unverified)
2026-07-19 13:07:53 | DEBUG    | shortsqueeze.data:_verify_one - JUNS: No short float data from Yahoo or Finviz, dropping (unverified)
2026-07-19 13:07:54 | DEBUG    | shortsqueeze.data:_verify_one - CAIE: No short float data from Yahoo or Finviz, dropping (unverified)
2026-07-19 13:07:54 | DEBUG    | shortsqueeze.data:_verify_one - YYGH: No short float data from Yahoo or Finviz, dropping (unverified)
2026-07-19 13:07:54 | DEBUG    | shortsqueeze.data:_verify_one - ASBP: No short float data from Yahoo or Finviz, dropping (unverified)
2026-07-19 13:07:54 | DEBUG    | shortsqueeze.data:_verify_one - PFXF: No short float data from Yahoo or Finviz, dropping (unverified)
2026-07-19 13:07:54 | DEBUG    | shortsqueeze.data:_verify_one - SFTY: No short float data from Yahoo or Finviz, dropping (unverified)
2026-07-19 13:07:54 | DEBUG    | shortsqueeze.data:_verify_one - KLAR: No short float data from Yahoo or Finviz, dropping (unverified)
2026-07-19 13:07:55 | DEBUG    | shortsqueeze.data:_verify_one - MTEN: No short float data from Yahoo or Finviz, dropping (unverified)
2026-07-19 13:07:55 | DEBUG    | shortsqueeze.data:_verify_one - TUSK: No short float data from Yahoo or Finviz, dropping (unverified)
2026-07-19 13:07:55 | DEBUG    | shortsqueeze.data:_verify_one - RITM: No short float data from Yahoo or Finviz, dropping (unverified)
2026-07-19 13:07:56 | DEBUG    | shortsqueeze.data:_verify_one - SHYD: No short float data from Yahoo or Finviz, dropping (unverified)
2026-07-19 13:07:56 | DEBUG    | shortsqueeze.data:_verify_one - DFEM: No short float data from Yahoo or Finviz, dropping (unverified)
2026-07-19 13:07:56 | DEBUG    | shortsqueeze.data:_verify_one - CNEY: No short float data from Yahoo or Finviz, dropping (unverified)
2026-07-19 13:07:56 | DEBUG    | shortsqueeze.data:_verify_one - STBFY: No short float data from Yahoo or Finviz, dropping (unverified)
2026-07-19 13:07:56 | DEBUG    | shortsqueeze.data:_verify_one - JOBY: No short float data from Yahoo or Finviz, dropping (unverified)
2026-07-19 13:07:56 | DEBUG    | shortsqueeze.data:_verify_one - DRAL: No short float data from Yahoo or Finviz, dropping (unverified)
2026-07-19 13:07:56 | DEBUG    | shortsqueeze.data:_verify_one - LEEEF: No short float data from Yahoo or Finviz, dropping (unverified)
2026-07-19 13:07:56 | DEBUG    | shortsqueeze.data:_verify_one - OBDC: No short float data from Yahoo or Finviz, dropping (unverified)
2026-07-19 13:07:56 | DEBUG    | shortsqueeze.data:_verify_one - MSDL: No short float data from Yahoo or Finviz, dropping (unverified)
2026-07-19 13:07:56 | DEBUG    | shortsqueeze.data:_verify_one - STNRF: No short float data from Yahoo or Finviz, dropping (unverified)
2026-07-19 13:07:57 | DEBUG    | shortsqueeze.data:_verify_one - WHLR: No short float data from Yahoo or Finviz, dropping (unverified)
2026-07-19 13:07:57 | DEBUG    | shortsqueeze.data:_verify_one - AURA: No short float data from Yahoo or Finviz, dropping (unverified)
2026-07-19 13:07:57 | DEBUG    | shortsqueeze.data:_verify_one - CRCD: No short float data from Yahoo or Finviz, dropping (unverified)
2026-07-19 13:07:57 | DEBUG    | shortsqueeze.data:_verify_one - CCHH: No short float data from Yahoo or Finviz, dropping (unverified)
2026-07-19 13:07:57 | DEBUG    | shortsqueeze.data:_verify_one - RAAX: No short float data from Yahoo or Finviz, dropping (unverified)
2026-07-19 13:07:57 | DEBUG    | shortsqueeze.data:_verify_one - MMS: No short float data from Yahoo or Finviz, dropping (unverified)
2026-07-19 13:07:57 | DEBUG    | shortsqueeze.data:_verify_one - NVDY: No short float data from Yahoo or Finviz, dropping (unverified)
2026-07-19 13:07:57 | DEBUG    | shortsqueeze.data:_verify_one - TSLX: No short float data from Yahoo or Finviz, dropping (unverified)
2026-07-19 13:07:57 | DEBUG    | shortsqueeze.data:_verify_one - SAN: No short float data from Yahoo or Finviz, dropping (unverified)
2026-07-19 13:07:57 | DEBUG    | shortsqueeze.data:_verify_one - REAX: No short float data from Yahoo or Finviz, dropping (unverified)
2026-07-19 13:07:58 | DEBUG    | shortsqueeze.data:_verify_one - TYG: No short float data from Yahoo or Finviz, dropping (unverified)
2026-07-19 13:07:58 | DEBUG    | shortsqueeze.data:_verify_one - VZLA: No short float data from Yahoo or Finviz, dropping (unverified)
2026-07-19 13:07:58 | DEBUG    | shortsqueeze.data:_verify_one - PJUN: No short float data from Yahoo or Finviz, dropping (unverified)
2026-07-19 13:07:58 | DEBUG    | shortsqueeze.data:_verify_one - TLX: No short float data from Yahoo or Finviz, dropping (unverified)
2026-07-19 13:07:58 | DEBUG    | shortsqueeze.data:_verify_one - LSPD: No short float data from Yahoo or Finviz, dropping (unverified)
2026-07-19 13:07:58 | DEBUG    | shortsqueeze.data:_verify_one - KGC: No short float data from Yahoo or Finviz, dropping (unverified)
2026-07-19 13:07:58 | DEBUG    | shortsqueeze.data:_verify_one - ALM: No short float data from Yahoo or Finviz, dropping (unverified)
2026-07-19 13:07:58 | DEBUG    | shortsqueeze.data:_verify_one - KIE: No short float data from Yahoo or Finviz, dropping (unverified)
2026-07-19 13:07:58 | DEBUG    | shortsqueeze.data:_verify_one - WCLD: No short float data from Yahoo or Finviz, dropping (unverified)
2026-07-19 13:07:58 | DEBUG    | shortsqueeze.data:_verify_one - ALSMY: No short float data from Yahoo or Finviz, dropping (unverified)
2026-07-19 13:07:58 | DEBUG    | shortsqueeze.data:_verify_one - GLWG: No short float data from Yahoo or Finviz, dropping (unverified)
2026-07-19 13:07:59 | DEBUG    | shortsqueeze.data:_verify_one - DKNG: No short float data from Yahoo or Finviz, dropping (unverified)
2026-07-19 13:07:59 | DEBUG    | shortsqueeze.data:_verify_one - MDA: No short float data from Yahoo or Finviz, dropping (unverified)
2026-07-19 13:07:59 | DEBUG    | shortsqueeze.data:_verify_one - GDXJ: No short float data from Yahoo or Finviz, dropping (unverified)
2026-07-19 13:07:59 | DEBUG    | shortsqueeze.data:_verify_one - AMDY: No short float data from Yahoo or Finviz, dropping (unverified)
2026-07-19 13:07:59 | DEBUG    | shortsqueeze.data:_verify_one - DFAE: No short float data from Yahoo or Finviz, dropping (unverified)
2026-07-19 13:07:59 | DEBUG    | shortsqueeze.data:_verify_one - FBY: No short float data from Yahoo or Finviz, dropping (unverified)
2026-07-19 13:07:59 | DEBUG    | shortsqueeze.data:_verify_one - FRVO: No short float data from Yahoo or Finviz, dropping (unverified)
2026-07-19 13:07:59 | DEBUG    | shortsqueeze.data:_verify_one - PSBD: No short float data from Yahoo or Finviz, dropping (unverified)
2026-07-19 13:08:00 | DEBUG    | shortsqueeze.data:_verify_one - CAE: No short float data from Yahoo or Finviz, dropping (unverified)
2026-07-19 13:08:00 | DEBUG    | shortsqueeze.data:_verify_one - FANCF: No short float data from Yahoo or Finviz, dropping (unverified)
2026-07-19 13:08:00 | DEBUG    | shortsqueeze.data:_verify_one - CGIB: No short float data from Yahoo or Finviz, dropping (unverified)
2026-07-19 13:08:00 | DEBUG    | shortsqueeze.data:_verify_one - MYO: No short float data from Yahoo or Finviz, dropping (unverified)
2026-07-19 13:08:00 | DEBUG    | shortsqueeze.data:_verify_one - PGF: No short float data from Yahoo or Finviz, dropping (unverified)
2026-07-19 13:08:00 | DEBUG    | shortsqueeze.data:_verify_one - JMIA: No short float data from Yahoo or Finviz, dropping (unverified)
2026-07-19 13:08:00 | DEBUG    | shortsqueeze.data:_verify_one - YLD: No short float data from Yahoo or Finviz, dropping (unverified)
2026-07-19 13:08:00 | DEBUG    | shortsqueeze.data:_verify_one - RCEL: No short float data from Yahoo or Finviz, dropping (unverified)
2026-07-19 13:08:00 | DEBUG    | shortsqueeze.data:_verify_one - MRNA: No short float data from Yahoo or Finviz, dropping (unverified)
2026-07-19 13:08:00 | DEBUG    | shortsqueeze.data:_verify_one - CNQ: No short float data from Yahoo or Finviz, dropping (unverified)
2026-07-19 13:08:00 | DEBUG    | shortsqueeze.data:_verify_one - CRE: No short float data from Yahoo or Finviz, dropping (unverified)
2026-07-19 13:08:01 | DEBUG    | shortsqueeze.data:_verify_one - INTR: No short float data from Yahoo or Finviz, dropping (unverified)
2026-07-19 13:08:01 | DEBUG    | shortsqueeze.data:_verify_one - CVE: No short float data from Yahoo or Finviz, dropping (unverified)
2026-07-19 13:08:01 | DEBUG    | shortsqueeze.data:_verify_one - INTW: No short float data from Yahoo or Finviz, dropping (unverified)
2026-07-19 13:08:01 | DEBUG    | shortsqueeze.data:_verify_one - FOXF: No short float data from Yahoo or Finviz, dropping (unverified)
2026-07-19 13:08:01 | DEBUG    | shortsqueeze.data:_verify_one - DFTX: No short float data from Yahoo or Finviz, dropping (unverified)
2026-07-19 13:08:01 | DEBUG    | shortsqueeze.data:_verify_one - CUPR: No short float data from Yahoo or Finviz, dropping (unverified)
2026-07-19 13:08:01 | DEBUG    | shortsqueeze.data:_verify_one - OKLS: No short float data from Yahoo or Finviz, dropping (unverified)
2026-07-19 13:08:01 | DEBUG    | shortsqueeze.data:_verify_one - COIN: No short float data from Yahoo or Finviz, dropping (unverified)
2026-07-19 13:08:01 | DEBUG    | shortsqueeze.data:_verify_one - TLTZY: No short float data from Yahoo or Finviz, dropping (unverified)
2026-07-19 13:08:02 | DEBUG    | shortsqueeze.data:_verify_one - HURA: No short float data from Yahoo or Finviz, dropping (unverified)
2026-07-19 13:08:02 | DEBUG    | shortsqueeze.data:_verify_one - NEBX: No short float data from Yahoo or Finviz, dropping (unverified)
2026-07-19 13:08:02 | DEBUG    | shortsqueeze.data:_verify_one - FND: No short float data from Yahoo or Finviz, dropping (unverified)
2026-07-19 13:08:02 | DEBUG    | shortsqueeze.data:_verify_one - AXTA: No short float data from Yahoo or Finviz, dropping (unverified)
2026-07-19 13:08:02 | DEBUG    | shortsqueeze.data:_verify_one - BABU: No short float data from Yahoo or Finviz, dropping (unverified)
2026-07-19 13:08:02 | DEBUG    | shortsqueeze.data:_verify_one - PRFX: No short float data from Yahoo or Finviz, dropping (unverified)
2026-07-19 13:08:02 | DEBUG    | shortsqueeze.data:_verify_one - GDS: No short float data from Yahoo or Finviz, dropping (unverified)
2026-07-19 13:08:02 | DEBUG    | shortsqueeze.data:_verify_one - GBDC: No short float data from Yahoo or Finviz, dropping (unverified)
2026-07-19 13:08:02 | DEBUG    | shortsqueeze.data:_verify_one - PBLS: No short float data from Yahoo or Finviz, dropping (unverified)
2026-07-19 13:08:02 | DEBUG    | shortsqueeze.data:_verify_one - TNONW: No short float data from Yahoo or Finviz, dropping (unverified)
2026-07-19 13:08:02 | DEBUG    | shortsqueeze.data:_verify_one - BUFD: No short float data from Yahoo or Finviz, dropping (unverified)
2026-07-19 13:08:02 | DEBUG    | shortsqueeze.data:_verify_one - DJUN: No short float data from Yahoo or Finviz, dropping (unverified)
2026-07-19 13:08:03 | DEBUG    | shortsqueeze.data:_verify_one - DUHP: No short float data from Yahoo or Finviz, dropping (unverified)
2026-07-19 13:08:03 | DEBUG    | shortsqueeze.data:_verify_one - HBMX: No short float data from Yahoo or Finviz, dropping (unverified)
2026-07-19 13:08:03 | DEBUG    | shortsqueeze.data:_verify_one - ALLIF: No short float data from Yahoo or Finviz, dropping (unverified)
2026-07-19 13:08:03 | DEBUG    | shortsqueeze.data:_verify_one - FUNN: No short float data from Yahoo or Finviz, dropping (unverified)
2026-07-19 13:08:03 | DEBUG    | shortsqueeze.data:_verify_one - LPL: No short float data from Yahoo or Finviz, dropping (unverified)
2026-07-19 13:08:03 | DEBUG    | shortsqueeze.data:_verify_one - CSAN: No short float data from Yahoo or Finviz, dropping (unverified)
2026-07-19 13:08:03 | DEBUG    | shortsqueeze.data:_verify_one - DERM: No short float data from Yahoo or Finviz, dropping (unverified)
2026-07-19 13:08:03 | DEBUG    | shortsqueeze.data:_verify_one - UBXG: No short float data from Yahoo or Finviz, dropping (unverified)
2026-07-19 13:08:03 | DEBUG    | shortsqueeze.data:_verify_one - JBBB: No short float data from Yahoo or Finviz, dropping (unverified)
2026-07-19 13:08:03 | DEBUG    | shortsqueeze.data:_verify_one - SLCJY: No short float data from Yahoo or Finviz, dropping (unverified)
2026-07-19 13:08:03 | DEBUG    | shortsqueeze.data:_verify_one - RSPN: No short float data from Yahoo or Finviz, dropping (unverified)
2026-07-19 13:08:04 | DEBUG    | shortsqueeze.data:_verify_one - EFNL: No short float data from Yahoo or Finviz, dropping (unverified)
2026-07-19 13:08:04 | DEBUG    | shortsqueeze.data:_verify_one - IWB: No short float data from Yahoo or Finviz, dropping (unverified)
2026-07-19 13:08:04 | DEBUG    | shortsqueeze.data:_verify_one - IQDY: No short float data from Yahoo or Finviz, dropping (unverified)
2026-07-19 13:08:04 | DEBUG    | shortsqueeze.data:_verify_one - PFSA: No short float data from Yahoo or Finviz, dropping (unverified)
2026-07-19 13:08:04 | DEBUG    | shortsqueeze.data:_verify_one - PLTG: No short float data from Yahoo or Finviz, dropping (unverified)
2026-07-19 13:08:04 | DEBUG    | shortsqueeze.data:_verify_one - DTI: No short float data from Yahoo or Finviz, dropping (unverified)
2026-07-19 13:08:04 | DEBUG    | shortsqueeze.data:_verify_one - KAOOY: No short float data from Yahoo or Finviz, dropping (unverified)
2026-07-19 13:08:04 | DEBUG    | shortsqueeze.data:_verify_one - KMRK: No short float data from Yahoo or Finviz, dropping (unverified)
2026-07-19 13:08:04 | DEBUG    | shortsqueeze.data:_verify_one - TMB: No short float data from Yahoo or Finviz, dropping (unverified)
2026-07-19 13:08:04 | DEBUG    | shortsqueeze.data:_verify_one - IBM: No short float data from Yahoo or Finviz, dropping (unverified)
2026-07-19 13:08:05 | DEBUG    | shortsqueeze.data:_verify_one - ENSC: No short float data from Yahoo or Finviz, dropping (unverified)
2026-07-19 13:08:05 | DEBUG    | shortsqueeze.data:_verify_one - PLTD: No short float data from Yahoo or Finviz, dropping (unverified)
2026-07-19 13:08:05 | DEBUG    | shortsqueeze.data:_verify_one - PRIM: No short float data from Yahoo or Finviz, dropping (unverified)
2026-07-19 13:08:05 | DEBUG    | shortsqueeze.data:_verify_one - TJUN: No short float data from Yahoo or Finviz, dropping (unverified)
2026-07-19 13:08:05 | DEBUG    | shortsqueeze.data:_verify_one - ONX: No short float data from Yahoo or Finviz, dropping (unverified)
2026-07-19 13:08:05 | DEBUG    | shortsqueeze.data:_verify_one - ATCL: No short float data from Yahoo or Finviz, dropping (unverified)
2026-07-19 13:08:05 | DEBUG    | shortsqueeze.data:_verify_one - COPX: No short float data from Yahoo or Finviz, dropping (unverified)
2026-07-19 13:08:05 | DEBUG    | shortsqueeze.data:_verify_one - KPDD: No short float data from Yahoo or Finviz, dropping (unverified)
2026-07-19 13:08:05 | DEBUG    | shortsqueeze.data:_verify_one - CGNG: No short float data from Yahoo or Finviz, dropping (unverified)
2026-07-19 13:08:06 | DEBUG    | shortsqueeze.data:_verify_one - PSMJ: No short float data from Yahoo or Finviz, dropping (unverified)
2026-07-19 13:08:06 | DEBUG    | shortsqueeze.data:_verify_one - ACB: No short float data from Yahoo or Finviz, dropping (unverified)
2026-07-19 13:08:06 | DEBUG    | shortsqueeze.data:_verify_one - ASTY: No short float data from Yahoo or Finviz, dropping (unverified)
2026-07-19 13:08:06 | DEBUG    | shortsqueeze.data:_verify_one - VELL: No short float data from Yahoo or Finviz, dropping (unverified)
2026-07-19 13:08:06 | DEBUG    | shortsqueeze.data:_verify_one - ENLT: No short float data from Yahoo or Finviz, dropping (unverified)
2026-07-19 13:08:06 | DEBUG    | shortsqueeze.data:_verify_one - BITW: No short float data from Yahoo or Finviz, dropping (unverified)
2026-07-19 13:08:06 | DEBUG    | shortsqueeze.data:_verify_one - JAVA: No short float data from Yahoo or Finviz, dropping (unverified)
2026-07-19 13:08:06 | DEBUG    | shortsqueeze.data:_verify_one - SGRP: No short float data from Yahoo or Finviz, dropping (unverified)
2026-07-19 13:08:06 | DEBUG    | shortsqueeze.data:_verify_one - DCGO: No short float data from Yahoo or Finviz, dropping (unverified)
2026-07-19 13:08:07 | DEBUG    | shortsqueeze.data:_verify_one - LXRX: No short float data from Yahoo or Finviz, dropping (unverified)
2026-07-19 13:08:07 | DEBUG    | shortsqueeze.data:_verify_one - GAMXF: No short float data from Yahoo or Finviz, dropping (unverified)
2026-07-19 13:08:07 | DEBUG    | shortsqueeze.data:_verify_one - IONL: No short float data from Yahoo or Finviz, dropping (unverified)
2026-07-19 13:08:07 | DEBUG    | shortsqueeze.data:_verify_one - SHTDY: No short float data from Yahoo or Finviz, dropping (unverified)
2026-07-19 13:08:07 | DEBUG    | shortsqueeze.data:_verify_one - WGLIF: No short float data from Yahoo or Finviz, dropping (unverified)
2026-07-19 13:08:07 | DEBUG    | shortsqueeze.data:_verify_one - FTLS: No short float data from Yahoo or Finviz, dropping (unverified)
2026-07-19 13:08:07 | DEBUG    | shortsqueeze.data:_verify_one - UWM: No short float data from Yahoo or Finviz, dropping (unverified)
2026-07-19 13:08:07 | DEBUG    | shortsqueeze.data:_verify_one - NVDL: No short float data from Yahoo or Finviz, dropping (unverified)
2026-07-19 13:08:07 | DEBUG    | shortsqueeze.data:_verify_one - PTON: No short float data from Yahoo or Finviz, dropping (unverified)
2026-07-19 13:08:07 | DEBUG    | shortsqueeze.data:_verify_one - UUUG: No short float data from Yahoo or Finviz, dropping (unverified)
2026-07-19 13:08:07 | DEBUG    | shortsqueeze.data:_verify_one - CAIIW: No short float data from Yahoo or Finviz, dropping (unverified)
2026-07-19 13:08:08 | DEBUG    | shortsqueeze.data:_verify_one - IREG: No short float data from Yahoo or Finviz, dropping (unverified)
2026-07-19 13:08:08 | DEBUG    | shortsqueeze.data:_verify_one - EEMO: No short float data from Yahoo or Finviz, dropping (unverified)
2026-07-19 13:08:08 | DEBUG    | shortsqueeze.data:_verify_one - VSEE: No short float data from Yahoo or Finviz, dropping (unverified)
2026-07-19 13:08:08 | DEBUG    | shortsqueeze.data:_verify_one - JHLN: No short float data from Yahoo or Finviz, dropping (unverified)
2026-07-19 13:08:08 | DEBUG    | shortsqueeze.data:_verify_one - WELD: No short float data from Yahoo or Finviz, dropping (unverified)
2026-07-19 13:08:08 | DEBUG    | shortsqueeze.data:_verify_one - SCCO: No short float data from Yahoo or Finviz, dropping (unverified)
2026-07-19 13:08:08 | INFO     | shortsqueeze.data:_verify_with_yahoo - Dropped 842 candidates during verification (unverified or missing price)
2026-07-19 13:08:08 | INFO     | shortsqueeze.data:get_squeeze_candidates - Final watchlist: 144 verified squeeze candidates
2026-07-19 13:08:08 | DEBUG    | shortsqueeze.universe:_apply_filters_no_price - Filtered from 144 to 117 candidates (before price split)
2026-07-19 13:08:08 | INFO     | shortsqueeze.universe:save_watchlists - Saved watchlists: 89 quality ($5+), 25 speculative (<$5)
2026-07-19 13:08:08 | INFO     | shortsqueeze.universe:refresh_watchlist - Watchlists refreshed: 89 quality ($5+), 25 speculative ($1.0-$5.0)
2026-07-19 13:08:08 | INFO     | shortsqueeze.bot:_refresh_watchlist - Watchlist refreshed: 114 candidates
2026-07-19 13:08:08 | INFO     | shortsqueeze.bot:_schedule_jobs - Jobs scheduled
2026-07-19 13:08:08 | INFO     | shortsqueeze.bot:start - Bot started. Scanning every 5 minutes during market hours.
2026-07-19 13:08:08 | INFO     | __main__:run_bot - Bot is running. Press Ctrl+C to stop.
2026-07-19 13:13:08 | DEBUG    | shortsqueeze.bot:_run_scan - Market closed, skipping scan
