2026-07-07 13:15:00 | INFO     | shortsqueeze.log_manager:rotate_daily_log - Rotated daily log -> bot_2026-07-07.log
2026-07-07 13:19:44 | DEBUG    | shortsqueeze.bot:_run_scan - Market closed, skipping scan
2026-07-07 13:24:44 | DEBUG    | shortsqueeze.bot:_run_scan - Market closed, skipping scan
2026-07-07 13:29:44 | DEBUG    | shortsqueeze.bot:_run_scan - Market closed, skipping scan
2026-07-07 13:34:44 | DEBUG    | shortsqueeze.bot:_run_scan - Market closed, skipping scan
2026-07-07 13:39:44 | DEBUG    | shortsqueeze.bot:_run_scan - Market closed, skipping scan
2026-07-07 13:44:44 | DEBUG    | shortsqueeze.bot:_run_scan - Market closed, skipping scan
2026-07-07 13:49:44 | DEBUG    | shortsqueeze.bot:_run_scan - Market closed, skipping scan
2026-07-07 13:54:44 | DEBUG    | shortsqueeze.bot:_run_scan - Market closed, skipping scan
2026-07-07 13:59:44 | DEBUG    | shortsqueeze.bot:_run_scan - Market closed, skipping scan
2026-07-07 14:04:44 | DEBUG    | shortsqueeze.bot:_run_scan - Market closed, skipping scan
2026-07-07 14:09:44 | DEBUG    | shortsqueeze.bot:_run_scan - Market closed, skipping scan
2026-07-07 14:14:44 | DEBUG    | shortsqueeze.bot:_run_scan - Market closed, skipping scan
2026-07-07 14:19:44 | DEBUG    | shortsqueeze.bot:_run_scan - Market closed, skipping scan
2026-07-07 14:24:44 | DEBUG    | shortsqueeze.bot:_run_scan - Market closed, skipping scan
2026-07-07 14:29:44 | DEBUG    | shortsqueeze.bot:_run_scan - Market closed, skipping scan
2026-07-07 14:34:44 | DEBUG    | shortsqueeze.bot:_run_scan - Market closed, skipping scan
2026-07-07 14:39:44 | DEBUG    | shortsqueeze.bot:_run_scan - Market closed, skipping scan
2026-07-07 14:44:44 | DEBUG    | shortsqueeze.bot:_run_scan - Market closed, skipping scan
2026-07-07 14:49:44 | DEBUG    | shortsqueeze.bot:_run_scan - Market closed, skipping scan
2026-07-07 14:54:44 | DEBUG    | shortsqueeze.bot:_run_scan - Market closed, skipping scan
2026-07-07 14:59:44 | DEBUG    | shortsqueeze.bot:_run_scan - Market closed, skipping scan
2026-07-07 15:04:44 | DEBUG    | shortsqueeze.bot:_run_scan - Market closed, skipping scan
2026-07-07 15:09:44 | DEBUG    | shortsqueeze.bot:_run_scan - Market closed, skipping scan
2026-07-07 15:14:44 | DEBUG    | shortsqueeze.bot:_run_scan - Market closed, skipping scan
2026-07-07 15:19:44 | DEBUG    | shortsqueeze.bot:_run_scan - Market closed, skipping scan
2026-07-07 15:24:44 | DEBUG    | shortsqueeze.bot:_run_scan - Market closed, skipping scan
2026-07-07 15:29:44 | DEBUG    | shortsqueeze.bot:_run_scan - Market closed, skipping scan
2026-07-07 15:34:44 | DEBUG    | shortsqueeze.bot:_run_scan - Market closed, skipping scan
2026-07-07 15:39:44 | DEBUG    | shortsqueeze.bot:_run_scan - Market closed, skipping scan
2026-07-07 15:44:44 | DEBUG    | shortsqueeze.bot:_run_scan - Market closed, skipping scan
2026-07-07 15:49:44 | DEBUG    | shortsqueeze.bot:_run_scan - Market closed, skipping scan
2026-07-07 15:54:44 | DEBUG    | shortsqueeze.bot:_run_scan - Market closed, skipping scan
2026-07-07 15:59:44 | DEBUG    | shortsqueeze.bot:_run_scan - Market closed, skipping scan
2026-07-07 16:04:44 | DEBUG    | shortsqueeze.bot:_run_scan - Market closed, skipping scan
2026-07-07 16:09:44 | DEBUG    | shortsqueeze.bot:_run_scan - Market closed, skipping scan
2026-07-07 16:14:44 | DEBUG    | shortsqueeze.bot:_run_scan - Market closed, skipping scan
2026-07-07 16:19:44 | DEBUG    | shortsqueeze.bot:_run_scan - Market closed, skipping scan
2026-07-07 16:24:44 | DEBUG    | shortsqueeze.bot:_run_scan - Market closed, skipping scan
2026-07-07 16:29:44 | DEBUG    | shortsqueeze.bot:_run_scan - Market closed, skipping scan
2026-07-07 16:34:44 | DEBUG    | shortsqueeze.bot:_run_scan - Market closed, skipping scan
2026-07-07 16:39:44 | DEBUG    | shortsqueeze.bot:_run_scan - Market closed, skipping scan
2026-07-07 16:44:44 | DEBUG    | shortsqueeze.bot:_run_scan - Market closed, skipping scan
2026-07-07 16:49:44 | DEBUG    | shortsqueeze.bot:_run_scan - Market closed, skipping scan
2026-07-07 16:54:44 | DEBUG    | shortsqueeze.bot:_run_scan - Market closed, skipping scan
2026-07-07 16:59:44 | DEBUG    | shortsqueeze.bot:_run_scan - Market closed, skipping scan
2026-07-07 17:04:44 | DEBUG    | shortsqueeze.bot:_run_scan - Market closed, skipping scan
2026-07-07 17:09:44 | DEBUG    | shortsqueeze.bot:_run_scan - Market closed, skipping scan
2026-07-07 17:14:44 | DEBUG    | shortsqueeze.bot:_run_scan - Market closed, skipping scan
2026-07-07 17:19:44 | DEBUG    | shortsqueeze.bot:_run_scan - Market closed, skipping scan
2026-07-07 17:24:44 | DEBUG    | shortsqueeze.bot:_run_scan - Market closed, skipping scan
2026-07-07 17:29:44 | DEBUG    | shortsqueeze.bot:_run_scan - Market closed, skipping scan
2026-07-07 17:34:44 | DEBUG    | shortsqueeze.bot:_run_scan - Market closed, skipping scan
2026-07-07 17:39:44 | DEBUG    | shortsqueeze.bot:_run_scan - Market closed, skipping scan
2026-07-07 17:44:44 | DEBUG    | shortsqueeze.bot:_run_scan - Market closed, skipping scan
2026-07-07 17:49:44 | DEBUG    | shortsqueeze.bot:_run_scan - Market closed, skipping scan
2026-07-07 17:54:44 | DEBUG    | shortsqueeze.bot:_run_scan - Market closed, skipping scan
2026-07-07 17:59:44 | DEBUG    | shortsqueeze.bot:_run_scan - Market closed, skipping scan
2026-07-07 18:04:44 | DEBUG    | shortsqueeze.bot:_run_scan - Market closed, skipping scan
2026-07-07 18:09:44 | DEBUG    | shortsqueeze.bot:_run_scan - Market closed, skipping scan
2026-07-07 18:14:44 | DEBUG    | shortsqueeze.bot:_run_scan - Market closed, skipping scan
2026-07-07 18:19:44 | DEBUG    | shortsqueeze.bot:_run_scan - Market closed, skipping scan
2026-07-07 18:24:44 | DEBUG    | shortsqueeze.bot:_run_scan - Market closed, skipping scan
2026-07-07 18:29:44 | DEBUG    | shortsqueeze.bot:_run_scan - Market closed, skipping scan
2026-07-07 18:34:44 | DEBUG    | shortsqueeze.bot:_run_scan - Market closed, skipping scan
2026-07-07 18:39:44 | DEBUG    | shortsqueeze.bot:_run_scan - Market closed, skipping scan
2026-07-07 18:44:44 | DEBUG    | shortsqueeze.bot:_run_scan - Market closed, skipping scan
2026-07-07 18:49:44 | DEBUG    | shortsqueeze.bot:_run_scan - Market closed, skipping scan
2026-07-07 18:54:44 | DEBUG    | shortsqueeze.bot:_run_scan - Market closed, skipping scan
2026-07-07 18:59:44 | DEBUG    | shortsqueeze.bot:_run_scan - Market closed, skipping scan
2026-07-07 19:04:44 | DEBUG    | shortsqueeze.bot:_run_scan - Market closed, skipping scan
2026-07-07 19:09:44 | DEBUG    | shortsqueeze.bot:_run_scan - Market closed, skipping scan
2026-07-07 19:14:44 | DEBUG    | shortsqueeze.bot:_run_scan - Market closed, skipping scan
2026-07-07 19:19:44 | DEBUG    | shortsqueeze.bot:_run_scan - Market closed, skipping scan
2026-07-07 19:24:44 | DEBUG    | shortsqueeze.bot:_run_scan - Market closed, skipping scan
2026-07-07 19:29:44 | DEBUG    | shortsqueeze.bot:_run_scan - Market closed, skipping scan
2026-07-07 19:34:44 | DEBUG    | shortsqueeze.bot:_run_scan - Market closed, skipping scan
2026-07-07 19:39:44 | DEBUG    | shortsqueeze.bot:_run_scan - Market closed, skipping scan
2026-07-07 19:44:44 | DEBUG    | shortsqueeze.bot:_run_scan - Market closed, skipping scan
2026-07-07 19:49:44 | DEBUG    | shortsqueeze.bot:_run_scan - Market closed, skipping scan
2026-07-07 19:54:44 | DEBUG    | shortsqueeze.bot:_run_scan - Market closed, skipping scan
2026-07-07 19:59:44 | DEBUG    | shortsqueeze.bot:_run_scan - Market closed, skipping scan
2026-07-07 20:04:44 | DEBUG    | shortsqueeze.bot:_run_scan - Market closed, skipping scan
2026-07-07 20:09:44 | DEBUG    | shortsqueeze.bot:_run_scan - Market closed, skipping scan
2026-07-07 20:14:44 | DEBUG    | shortsqueeze.bot:_run_scan - Market closed, skipping scan
2026-07-07 20:19:44 | DEBUG    | shortsqueeze.bot:_run_scan - Market closed, skipping scan
2026-07-07 20:24:44 | DEBUG    | shortsqueeze.bot:_run_scan - Market closed, skipping scan
2026-07-07 20:29:44 | DEBUG    | shortsqueeze.bot:_run_scan - Market closed, skipping scan
2026-07-07 20:34:44 | DEBUG    | shortsqueeze.bot:_run_scan - Market closed, skipping scan
2026-07-07 20:39:44 | DEBUG    | shortsqueeze.bot:_run_scan - Market closed, skipping scan
2026-07-07 20:44:44 | DEBUG    | shortsqueeze.bot:_run_scan - Market closed, skipping scan
2026-07-07 20:49:44 | DEBUG    | shortsqueeze.bot:_run_scan - Market closed, skipping scan
2026-07-07 20:54:44 | DEBUG    | shortsqueeze.bot:_run_scan - Market closed, skipping scan
2026-07-07 20:59:44 | DEBUG    | shortsqueeze.bot:_run_scan - Market closed, skipping scan
2026-07-07 21:04:44 | DEBUG    | shortsqueeze.bot:_run_scan - Market closed, skipping scan
2026-07-07 21:09:44 | DEBUG    | shortsqueeze.bot:_run_scan - Market closed, skipping scan
2026-07-07 21:14:44 | DEBUG    | shortsqueeze.bot:_run_scan - Market closed, skipping scan
2026-07-07 21:19:44 | DEBUG    | shortsqueeze.bot:_run_scan - Market closed, skipping scan
2026-07-07 21:24:44 | DEBUG    | shortsqueeze.bot:_run_scan - Market closed, skipping scan
2026-07-07 21:29:44 | DEBUG    | shortsqueeze.bot:_run_scan - Market closed, skipping scan
2026-07-07 21:34:44 | DEBUG    | shortsqueeze.bot:_run_scan - Market closed, skipping scan
2026-07-07 21:39:44 | DEBUG    | shortsqueeze.bot:_run_scan - Market closed, skipping scan
2026-07-07 21:44:44 | DEBUG    | shortsqueeze.bot:_run_scan - Market closed, skipping scan
2026-07-07 21:49:44 | DEBUG    | shortsqueeze.bot:_run_scan - Market closed, skipping scan
2026-07-07 21:54:44 | DEBUG    | shortsqueeze.bot:_run_scan - Market closed, skipping scan
2026-07-07 21:59:44 | DEBUG    | shortsqueeze.bot:_run_scan - Market closed, skipping scan
2026-07-07 22:04:44 | DEBUG    | shortsqueeze.bot:_run_scan - Market closed, skipping scan
2026-07-07 22:09:44 | DEBUG    | shortsqueeze.bot:_run_scan - Market closed, skipping scan
2026-07-07 22:14:44 | DEBUG    | shortsqueeze.bot:_run_scan - Market closed, skipping scan
2026-07-07 22:19:44 | DEBUG    | shortsqueeze.bot:_run_scan - Market closed, skipping scan
2026-07-07 22:24:44 | DEBUG    | shortsqueeze.bot:_run_scan - Market closed, skipping scan
2026-07-07 22:29:44 | DEBUG    | shortsqueeze.bot:_run_scan - Market closed, skipping scan
2026-07-07 22:34:44 | DEBUG    | shortsqueeze.bot:_run_scan - Market closed, skipping scan
2026-07-07 22:39:44 | DEBUG    | shortsqueeze.bot:_run_scan - Market closed, skipping scan
2026-07-07 22:44:44 | DEBUG    | shortsqueeze.bot:_run_scan - Market closed, skipping scan
2026-07-07 22:49:44 | DEBUG    | shortsqueeze.bot:_run_scan - Market closed, skipping scan
2026-07-07 22:54:44 | DEBUG    | shortsqueeze.bot:_run_scan - Market closed, skipping scan
2026-07-07 22:59:44 | DEBUG    | shortsqueeze.bot:_run_scan - Market closed, skipping scan
2026-07-07 23:04:44 | DEBUG    | shortsqueeze.bot:_run_scan - Market closed, skipping scan
2026-07-07 23:09:44 | DEBUG    | shortsqueeze.bot:_run_scan - Market closed, skipping scan
2026-07-07 23:14:44 | DEBUG    | shortsqueeze.bot:_run_scan - Market closed, skipping scan
2026-07-07 23:19:44 | DEBUG    | shortsqueeze.bot:_run_scan - Market closed, skipping scan
2026-07-07 23:24:44 | DEBUG    | shortsqueeze.bot:_run_scan - Market closed, skipping scan
2026-07-07 23:29:44 | DEBUG    | shortsqueeze.bot:_run_scan - Market closed, skipping scan
2026-07-07 23:34:44 | DEBUG    | shortsqueeze.bot:_run_scan - Market closed, skipping scan
2026-07-07 23:39:44 | DEBUG    | shortsqueeze.bot:_run_scan - Market closed, skipping scan
2026-07-07 23:44:44 | DEBUG    | shortsqueeze.bot:_run_scan - Market closed, skipping scan
2026-07-07 23:49:44 | DEBUG    | shortsqueeze.bot:_run_scan - Market closed, skipping scan
2026-07-07 23:54:44 | DEBUG    | shortsqueeze.bot:_run_scan - Market closed, skipping scan
2026-07-07 23:59:44 | DEBUG    | shortsqueeze.bot:_run_scan - Market closed, skipping scan
2026-07-08 00:04:44 | DEBUG    | shortsqueeze.bot:_run_scan - Market closed, skipping scan
2026-07-08 00:09:44 | DEBUG    | shortsqueeze.bot:_run_scan - Market closed, skipping scan
2026-07-08 00:14:44 | DEBUG    | shortsqueeze.bot:_run_scan - Market closed, skipping scan
2026-07-08 00:19:44 | DEBUG    | shortsqueeze.bot:_run_scan - Market closed, skipping scan
2026-07-08 00:24:44 | DEBUG    | shortsqueeze.bot:_run_scan - Market closed, skipping scan
2026-07-08 00:29:44 | DEBUG    | shortsqueeze.bot:_run_scan - Market closed, skipping scan
2026-07-08 00:34:44 | DEBUG    | shortsqueeze.bot:_run_scan - Market closed, skipping scan
2026-07-08 00:39:44 | DEBUG    | shortsqueeze.bot:_run_scan - Market closed, skipping scan
2026-07-08 00:44:44 | DEBUG    | shortsqueeze.bot:_run_scan - Market closed, skipping scan
2026-07-08 00:49:44 | DEBUG    | shortsqueeze.bot:_run_scan - Market closed, skipping scan
2026-07-08 00:54:44 | DEBUG    | shortsqueeze.bot:_run_scan - Market closed, skipping scan
2026-07-08 00:59:44 | DEBUG    | shortsqueeze.bot:_run_scan - Market closed, skipping scan
2026-07-08 01:04:44 | DEBUG    | shortsqueeze.bot:_run_scan - Market closed, skipping scan
2026-07-08 01:09:44 | DEBUG    | shortsqueeze.bot:_run_scan - Market closed, skipping scan
2026-07-08 01:14:44 | DEBUG    | shortsqueeze.bot:_run_scan - Market closed, skipping scan
2026-07-08 01:19:44 | DEBUG    | shortsqueeze.bot:_run_scan - Market closed, skipping scan
2026-07-08 01:24:44 | DEBUG    | shortsqueeze.bot:_run_scan - Market closed, skipping scan
2026-07-08 01:29:44 | DEBUG    | shortsqueeze.bot:_run_scan - Market closed, skipping scan
2026-07-08 01:34:44 | DEBUG    | shortsqueeze.bot:_run_scan - Market closed, skipping scan
2026-07-08 01:39:44 | DEBUG    | shortsqueeze.bot:_run_scan - Market closed, skipping scan
2026-07-08 01:44:44 | DEBUG    | shortsqueeze.bot:_run_scan - Market closed, skipping scan
2026-07-08 01:49:44 | DEBUG    | shortsqueeze.bot:_run_scan - Market closed, skipping scan
2026-07-08 01:54:44 | DEBUG    | shortsqueeze.bot:_run_scan - Market closed, skipping scan
2026-07-08 01:59:44 | DEBUG    | shortsqueeze.bot:_run_scan - Market closed, skipping scan
2026-07-08 02:04:44 | DEBUG    | shortsqueeze.bot:_run_scan - Market closed, skipping scan
2026-07-08 02:09:44 | DEBUG    | shortsqueeze.bot:_run_scan - Market closed, skipping scan
2026-07-08 02:14:44 | DEBUG    | shortsqueeze.bot:_run_scan - Market closed, skipping scan
2026-07-08 02:19:44 | DEBUG    | shortsqueeze.bot:_run_scan - Market closed, skipping scan
2026-07-08 02:24:44 | DEBUG    | shortsqueeze.bot:_run_scan - Market closed, skipping scan
2026-07-08 02:29:44 | DEBUG    | shortsqueeze.bot:_run_scan - Market closed, skipping scan
2026-07-08 02:34:44 | DEBUG    | shortsqueeze.bot:_run_scan - Market closed, skipping scan
2026-07-08 02:39:44 | DEBUG    | shortsqueeze.bot:_run_scan - Market closed, skipping scan
2026-07-08 02:44:44 | DEBUG    | shortsqueeze.bot:_run_scan - Market closed, skipping scan
2026-07-08 02:49:44 | DEBUG    | shortsqueeze.bot:_run_scan - Market closed, skipping scan
2026-07-08 02:54:44 | DEBUG    | shortsqueeze.bot:_run_scan - Market closed, skipping scan
2026-07-08 02:59:44 | DEBUG    | shortsqueeze.bot:_run_scan - Market closed, skipping scan
2026-07-08 03:00:00 | INFO     | shortsqueeze.bot:_refresh_watchlist - Refreshing watchlist...
2026-07-08 03:00:00 | INFO     | shortsqueeze.universe:refresh_watchlist - Refreshing watchlists from data sources...
2026-07-08 03:00:00 | INFO     | shortsqueeze.data:get_squeeze_candidates - Fetching from finvizfinance package...
2026-07-08 03:00:00 | INFO     | shortsqueeze.data:get_high_short_interest_stocks - Fetching high short interest stocks via finvizfinance...
2026-07-08 03:00:05 | INFO     | shortsqueeze.data:get_high_short_interest_stocks - finvizfinance found 66 high short interest stocks
2026-07-08 03:00:05 | INFO     | shortsqueeze.data:get_squeeze_candidates - finvizfinance found 66 candidates
2026-07-08 03:00:05 | INFO     | shortsqueeze.data:get_squeeze_candidates - Fetching from manual Finviz scraper...
2026-07-08 03:00:05 | INFO     | shortsqueeze.data:get_high_short_interest_stocks - Scraping Finviz for high short interest stocks...
2026-07-08 03:00:06 | DEBUG    | shortsqueeze.data:get_high_short_interest_stocks - Fetched page 1, status: 200
2026-07-08 03:00:06 | DEBUG    | shortsqueeze.data:get_high_short_interest_stocks - Found table with selector: {'class': 'screener_table'}
2026-07-08 03:00:06 | DEBUG    | shortsqueeze.data:get_high_short_interest_stocks - Page 1: Found 0 stocks
2026-07-08 03:00:06 | INFO     | shortsqueeze.data:get_high_short_interest_stocks - Found 0 stocks from Finviz with short float > 20%
2026-07-08 03:00:06 | INFO     | shortsqueeze.data:get_squeeze_candidates - Fetching from highshortinterest.com...
2026-07-08 03:00:06 | INFO     | shortsqueeze.data:get_high_short_interest_stocks - Scraping highshortinterest.com for high short interest stocks...
2026-07-08 03:00:06 | INFO     | shortsqueeze.data:get_high_short_interest_stocks - highshortinterest.com found 100 stocks
2026-07-08 03:00:06 | INFO     | shortsqueeze.data:get_squeeze_candidates - highshortinterest.com found 100 candidates
2026-07-08 03:00:06 | INFO     | shortsqueeze.data:get_squeeze_candidates - Fetching SEC Fail-to-Deliver data...
2026-07-08 03:00:06 | INFO     | shortsqueeze.data:get_high_ftd_stocks - Fetching SEC Fail-to-Deliver data...
2026-07-08 03:00:06 | DEBUG    | shortsqueeze.data:_download_latest_ftd - Trying SEC FTD file: cnsfails202607b.zip
2026-07-08 03:00:07 | DEBUG    | shortsqueeze.data:_download_latest_ftd - Trying SEC FTD file: cnsfails202607a.zip
2026-07-08 03:00:08 | DEBUG    | shortsqueeze.data:_download_latest_ftd - Trying SEC FTD file: cnsfails202606b.zip
2026-07-08 03:00:08 | DEBUG    | shortsqueeze.data:_download_latest_ftd - Trying SEC FTD file: cnsfails202606a.zip
2026-07-08 03:00:09 | INFO     | shortsqueeze.data:_download_latest_ftd - Downloaded SEC FTD file: cnsfails202606a.zip
2026-07-08 03:00:09 | INFO     | shortsqueeze.data:_parse_ftd_zip - Parsed 5077 FTD records from cnsfails202606a.txt
2026-07-08 03:00:09 | INFO     | shortsqueeze.data:get_high_ftd_stocks - SEC FTD data: 657 stocks with significant fail-to-deliver counts
2026-07-08 03:00:09 | INFO     | shortsqueeze.data:get_squeeze_candidates - SEC FTD data found 657 stocks with high fail-to-deliver counts
2026-07-08 03:00:09 | INFO     | shortsqueeze.data:get_squeeze_candidates - Combined 730 unique candidates from 3/4 sources
2026-07-08 03:00:33 | DEBUG    | shortsqueeze.data:_verify_one - CNXC: No short float data from Yahoo or Finviz, dropping (unverified)
2026-07-08 03:00:33 | DEBUG    | shortsqueeze.data:_verify_one - CRMD: No short float data from Yahoo or Finviz, dropping (unverified)
2026-07-08 03:00:34 | DEBUG    | shortsqueeze.data:_verify_one - HYMC: No short float data from Yahoo or Finviz, dropping (unverified)
2026-07-08 03:00:36 | DEBUG    | shortsqueeze.data:_verify_one - OMDA: No short float data from Yahoo or Finviz, dropping (unverified)
2026-07-08 03:00:37 | DEBUG    | shortsqueeze.data:_verify_one - PGY: No short float data from Yahoo or Finviz, dropping (unverified)
2026-07-08 03:00:37 | DEBUG    | shortsqueeze.data:_verify_one - PHAT: No short float data from Yahoo or Finviz, dropping (unverified)
2026-07-08 03:00:37 | DEBUG    | shortsqueeze.data:_verify_one - POET: No short float data from Yahoo or Finviz, dropping (unverified)
2026-07-08 03:00:39 | DEBUG    | shortsqueeze.data:_verify_one - SVRA: No short float data from Yahoo or Finviz, dropping (unverified)
2026-07-08 03:00:40 | DEBUG    | shortsqueeze.data:_verify_one - VOR: No short float data from Yahoo or Finviz, dropping (unverified)
2026-07-08 03:00:41 | DEBUG    | shortsqueeze.data:_verify_one - WOLF: No short float data from Yahoo or Finviz, dropping (unverified)
2026-07-08 03:00:48 | DEBUG    | shortsqueeze.data:_verify_one - ZCMD: No short float data from Yahoo or Finviz, dropping (unverified)
2026-07-08 03:00:48 | DEBUG    | shortsqueeze.data:_verify_one - NCRA: No short float data from Yahoo or Finviz, dropping (unverified)
2026-07-08 03:00:48 | DEBUG    | shortsqueeze.data:_verify_one - PMI: No short float data from Yahoo or Finviz, dropping (unverified)
2026-07-08 03:00:48 | DEBUG    | shortsqueeze.data:_verify_one - MSTU: No short float data from Yahoo or Finviz, dropping (unverified)
2026-07-08 03:00:48 | DEBUG    | shortsqueeze.data:_verify_one - IONZ: No short float data from Yahoo or Finviz, dropping (unverified)
2026-07-08 03:00:48 | DEBUG    | shortsqueeze.data:_verify_one - RGTZ: No short float data from Yahoo or Finviz, dropping (unverified)
2026-07-08 03:00:49 | DEBUG    | shortsqueeze.data:_verify_one - IALT: No short float data from Yahoo or Finviz, dropping (unverified)
2026-07-08 03:00:49 | DEBUG    | shortsqueeze.data:_verify_one - CYDY: No short float data from Yahoo or Finviz, dropping (unverified)
2026-07-08 03:00:50 | DEBUG    | shortsqueeze.data:_verify_one - NOTV: No short float data from Yahoo or Finviz, dropping (unverified)
2026-07-08 03:00:50 | DEBUG    | shortsqueeze.data:_verify_one - SBEV: No short float data from Yahoo or Finviz, dropping (unverified)
2026-07-08 03:00:50 | DEBUG    | shortsqueeze.data:_verify_one - RZLV: No short float data from Yahoo or Finviz, dropping (unverified)
2026-07-08 03:00:50 | DEBUG    | shortsqueeze.data:_verify_one - CXAI: No short float data from Yahoo or Finviz, dropping (unverified)
2026-07-08 03:00:50 | DEBUG    | shortsqueeze.data:_verify_one - CBIH: No short float data from Yahoo or Finviz, dropping (unverified)
2026-07-08 03:00:50 | DEBUG    | shortsqueeze.data:_verify_one - NTCL: No short float data from Yahoo or Finviz, dropping (unverified)
2026-07-08 03:00:51 | DEBUG    | shortsqueeze.data:_verify_one - SPDN: No short float data from Yahoo or Finviz, dropping (unverified)
2026-07-08 03:00:51 | DEBUG    | shortsqueeze.data:_verify_one - TSLL: No short float data from Yahoo or Finviz, dropping (unverified)
2026-07-08 03:00:51 | DEBUG    | shortsqueeze.data:_verify_one - NUWE: No short float data from Yahoo or Finviz, dropping (unverified)
2026-07-08 03:00:52 | DEBUG    | shortsqueeze.data:_verify_one - MSTX: No short float data from Yahoo or Finviz, dropping (unverified)
2026-07-08 03:00:52 | DEBUG    | shortsqueeze.data:_verify_one - SOAR: No short float data from Yahoo or Finviz, dropping (unverified)
2026-07-08 03:00:52 | DEBUG    | shortsqueeze.data:_verify_one - IRE: No short float data from Yahoo or Finviz, dropping (unverified)
2026-07-08 03:00:52 | DEBUG    | shortsqueeze.data:_verify_one - OKLL: No short float data from Yahoo or Finviz, dropping (unverified)
2026-07-08 03:00:52 | DEBUG    | shortsqueeze.data:_verify_one - QBTZ: No short float data from Yahoo or Finviz, dropping (unverified)
2026-07-08 03:00:53 | DEBUG    | shortsqueeze.data:_verify_one - DEVS: No short float data from Yahoo or Finviz, dropping (unverified)
2026-07-08 03:00:53 | DEBUG    | shortsqueeze.data:_verify_one - SPWR: No short float data from Yahoo or Finviz, dropping (unverified)
2026-07-08 03:00:53 | DEBUG    | shortsqueeze.data:_verify_one - SRXH: No short float data from Yahoo or Finviz, dropping (unverified)
2026-07-08 03:00:53 | DEBUG    | shortsqueeze.data:_verify_one - WIT: No short float data from Yahoo or Finviz, dropping (unverified)
2026-07-08 03:00:53 | DEBUG    | shortsqueeze.data:_verify_one - RKLZ: No short float data from Yahoo or Finviz, dropping (unverified)
2026-07-08 03:00:53 | DEBUG    | shortsqueeze.data:_verify_one - BMNU: No short float data from Yahoo or Finviz, dropping (unverified)
2026-07-08 03:00:54 | DEBUG    | shortsqueeze.data:_verify_one - NOWL: No short float data from Yahoo or Finviz, dropping (unverified)
2026-07-08 03:00:54 | DEBUG    | shortsqueeze.data:_verify_one - ASTN: No short float data from Yahoo or Finviz, dropping (unverified)
2026-07-08 03:00:54 | DEBUG    | shortsqueeze.data:_verify_one - SIXD: No short float data from Yahoo or Finviz, dropping (unverified)
2026-07-08 03:00:54 | DEBUG    | shortsqueeze.data:_verify_one - LAES: No short float data from Yahoo or Finviz, dropping (unverified)
2026-07-08 03:00:55 | DEBUG    | shortsqueeze.data:_verify_one - CYATY: No short float data from Yahoo or Finviz, dropping (unverified)
2026-07-08 03:00:55 | DEBUG    | shortsqueeze.data:_verify_one - MEHA: No short float data from Yahoo or Finviz, dropping (unverified)
2026-07-08 03:00:55 | DEBUG    | shortsqueeze.data:_verify_one - LASE: No short float data from Yahoo or Finviz, dropping (unverified)
2026-07-08 03:00:55 | DEBUG    | shortsqueeze.data:_verify_one - OCTV: No short float data from Yahoo or Finviz, dropping (unverified)
2026-07-08 03:00:55 | DEBUG    | shortsqueeze.data:_verify_one - CAIIU: No short float data from Yahoo or Finviz, dropping (unverified)
2026-07-08 03:00:56 | DEBUG    | shortsqueeze.data:_verify_one - SMTK: No short float data from Yahoo or Finviz, dropping (unverified)
2026-07-08 03:00:56 | DEBUG    | shortsqueeze.data:_verify_one - DVLT: No short float data from Yahoo or Finviz, dropping (unverified)
2026-07-08 03:00:56 | DEBUG    | shortsqueeze.data:_verify_one - TZA: No short float data from Yahoo or Finviz, dropping (unverified)
2026-07-08 03:00:56 | DEBUG    | shortsqueeze.data:_verify_one - DXF: No short float data from Yahoo or Finviz, dropping (unverified)
2026-07-08 03:00:56 | DEBUG    | shortsqueeze.data:_verify_one - INFY: No short float data from Yahoo or Finviz, dropping (unverified)
2026-07-08 03:00:56 | DEBUG    | shortsqueeze.data:_verify_one - ADCT: No short float data from Yahoo or Finviz, dropping (unverified)
2026-07-08 03:00:57 | DEBUG    | shortsqueeze.data:_verify_one - SQQQ: No short float data from Yahoo or Finviz, dropping (unverified)
2026-07-08 03:00:57 | DEBUG    | shortsqueeze.data:_verify_one - MNTS: No short float data from Yahoo or Finviz, dropping (unverified)
2026-07-08 03:00:57 | DEBUG    | shortsqueeze.data:_verify_one - SNXX: No short float data from Yahoo or Finviz, dropping (unverified)
2026-07-08 03:00:57 | DEBUG    | shortsqueeze.data:_verify_one - CBDW: No short float data from Yahoo or Finviz, dropping (unverified)
2026-07-08 03:00:58 | DEBUG    | shortsqueeze.data:_verify_one - GBTG: No short float data from Yahoo or Finviz, dropping (unverified)
2026-07-08 03:00:58 | DEBUG    | shortsqueeze.data:_verify_one - GGOV: No short float data from Yahoo or Finviz, dropping (unverified)
2026-07-08 03:00:58 | DEBUG    | shortsqueeze.data:_verify_one - FFAI: No short float data from Yahoo or Finviz, dropping (unverified)
2026-07-08 03:00:58 | DEBUG    | shortsqueeze.data:_verify_one - KEEL: No short float data from Yahoo or Finviz, dropping (unverified)
2026-07-08 03:00:58 | DEBUG    | shortsqueeze.data:_verify_one - CHKMF: No short float data from Yahoo or Finviz, dropping (unverified)
2026-07-08 03:00:59 | DEBUG    | shortsqueeze.data:_verify_one - GOSS: No short float data from Yahoo or Finviz, dropping (unverified)
2026-07-08 03:00:59 | DEBUG    | shortsqueeze.data:_verify_one - ZONE: No short float data from Yahoo or Finviz, dropping (unverified)
2026-07-08 03:00:59 | DEBUG    | shortsqueeze.data:_verify_one - GMEX: No short float data from Yahoo or Finviz, dropping (unverified)
2026-07-08 03:00:59 | DEBUG    | shortsqueeze.data:_verify_one - NVD: No short float data from Yahoo or Finviz, dropping (unverified)
2026-07-08 03:01:00 | DEBUG    | shortsqueeze.data:_verify_one - QTEX: No short float data from Yahoo or Finviz, dropping (unverified)
2026-07-08 03:01:00 | DEBUG    | shortsqueeze.data:_verify_one - CBDL: No short float data from Yahoo or Finviz, dropping (unverified)
2026-07-08 03:01:00 | DEBUG    | shortsqueeze.data:_verify_one - PSRHF: No short float data from Yahoo or Finviz, dropping (unverified)
2026-07-08 03:01:00 | DEBUG    | shortsqueeze.data:_verify_one - AMC: No short float data from Yahoo or Finviz, dropping (unverified)
2026-07-08 03:01:00 | DEBUG    | shortsqueeze.data:_verify_one - NEOV: No short float data from Yahoo or Finviz, dropping (unverified)
2026-07-08 03:01:01 | DEBUG    | shortsqueeze.data:_verify_one - SNDQ: No short float data from Yahoo or Finviz, dropping (unverified)
2026-07-08 03:01:01 | DEBUG    | shortsqueeze.data:_verify_one - ADBG: No short float data from Yahoo or Finviz, dropping (unverified)
2026-07-08 03:01:01 | DEBUG    | shortsqueeze.data:_verify_one - IDEF: No short float data from Yahoo or Finviz, dropping (unverified)
2026-07-08 03:01:01 | DEBUG    | shortsqueeze.data:_verify_one - AMZE: No short float data from Yahoo or Finviz, dropping (unverified)
2026-07-08 03:01:01 | DEBUG    | shortsqueeze.data:_verify_one - SOXL: No short float data from Yahoo or Finviz, dropping (unverified)
2026-07-08 03:01:02 | DEBUG    | shortsqueeze.data:_verify_one - CPOP: No short float data from Yahoo or Finviz, dropping (unverified)
2026-07-08 03:01:02 | DEBUG    | shortsqueeze.data:_verify_one - HKIT: No short float data from Yahoo or Finviz, dropping (unverified)
2026-07-08 03:01:02 | DEBUG    | shortsqueeze.data:_verify_one - PUSA: No short float data from Yahoo or Finviz, dropping (unverified)
2026-07-08 03:01:02 | DEBUG    | shortsqueeze.data:_verify_one - INIO: No short float data from Yahoo or Finviz, dropping (unverified)
2026-07-08 03:01:03 | DEBUG    | shortsqueeze.data:_verify_one - CHAI: No short float data from Yahoo or Finviz, dropping (unverified)
2026-07-08 03:01:03 | DEBUG    | shortsqueeze.data:_verify_one - ONDL: No short float data from Yahoo or Finviz, dropping (unverified)
2026-07-08 03:01:03 | DEBUG    | shortsqueeze.data:_verify_one - MRLN: No short float data from Yahoo or Finviz, dropping (unverified)
2026-07-08 03:01:03 | DEBUG    | shortsqueeze.data:_verify_one - CREG: No short float data from Yahoo or Finviz, dropping (unverified)
2026-07-08 03:01:03 | DEBUG    | shortsqueeze.data:_verify_one - CONL: No short float data from Yahoo or Finviz, dropping (unverified)
2026-07-08 03:01:03 | DEBUG    | shortsqueeze.data:_verify_one - NGCG: No short float data from Yahoo or Finviz, dropping (unverified)
2026-07-08 03:01:04 | DEBUG    | shortsqueeze.data:_verify_one - CDT: No short float data from Yahoo or Finviz, dropping (unverified)
2026-07-08 03:01:04 | DEBUG    | shortsqueeze.data:_verify_one - DRAM: No short float data from Yahoo or Finviz, dropping (unverified)
2026-07-08 03:01:04 | DEBUG    | shortsqueeze.data:_verify_one - DBGI: No short float data from Yahoo or Finviz, dropping (unverified)
2026-07-08 03:01:04 | DEBUG    | shortsqueeze.data:_verify_one - DAMD: No short float data from Yahoo or Finviz, dropping (unverified)
2026-07-08 03:01:04 | DEBUG    | shortsqueeze.data:_verify_one - HYG: No short float data from Yahoo or Finviz, dropping (unverified)
2026-07-08 03:01:04 | DEBUG    | shortsqueeze.data:_verify_one - USAR: No short float data from Yahoo or Finviz, dropping (unverified)
2026-07-08 03:01:05 | DEBUG    | shortsqueeze.data:_verify_one - RGBP: No short float data from Yahoo or Finviz, dropping (unverified)
2026-07-08 03:01:05 | DEBUG    | shortsqueeze.data:_verify_one - HIVE: No short float data from Yahoo or Finviz, dropping (unverified)
2026-07-08 03:01:05 | DEBUG    | shortsqueeze.data:_verify_one - LQD: No short float data from Yahoo or Finviz, dropping (unverified)
2026-07-08 03:01:05 | DEBUG    | shortsqueeze.data:_verify_one - SMCZ: No short float data from Yahoo or Finviz, dropping (unverified)
2026-07-08 03:01:05 | DEBUG    | shortsqueeze.data:_verify_one - PDBC: No short float data from Yahoo or Finviz, dropping (unverified)
2026-07-08 03:01:06 | DEBUG    | shortsqueeze.data:_verify_one - CGAC: No short float data from Yahoo or Finviz, dropping (unverified)
2026-07-08 03:01:06 | DEBUG    | shortsqueeze.data:_verify_one - CCUP: No short float data from Yahoo or Finviz, dropping (unverified)
2026-07-08 03:01:06 | DEBUG    | shortsqueeze.data:_verify_one - SOXX: No short float data from Yahoo or Finviz, dropping (unverified)
2026-07-08 03:01:07 | DEBUG    | shortsqueeze.data:_verify_one - CGIC: No short float data from Yahoo or Finviz, dropping (unverified)
2026-07-08 03:01:07 | DEBUG    | shortsqueeze.data:_verify_one - FXI: No short float data from Yahoo or Finviz, dropping (unverified)
2026-07-08 03:01:07 | DEBUG    | shortsqueeze.data:_verify_one - BITX: No short float data from Yahoo or Finviz, dropping (unverified)
2026-07-08 03:01:07 | DEBUG    | shortsqueeze.data:_verify_one - RMSG: No short float data from Yahoo or Finviz, dropping (unverified)
2026-07-08 03:01:07 | DEBUG    | shortsqueeze.data:_verify_one - IPSC: No short float data from Yahoo or Finviz, dropping (unverified)
2026-07-08 03:01:07 | DEBUG    | shortsqueeze.data:_verify_one - XLE: No short float data from Yahoo or Finviz, dropping (unverified)
2026-07-08 03:01:08 | DEBUG    | shortsqueeze.data:_verify_one - VRNO: No short float data from Yahoo or Finviz, dropping (unverified)
2026-07-08 03:01:08 | DEBUG    | shortsqueeze.data:_verify_one - SCAG: No short float data from Yahoo or Finviz, dropping (unverified)
2026-07-08 03:01:08 | DEBUG    | shortsqueeze.data:_verify_one - GGLS: No short float data from Yahoo or Finviz, dropping (unverified)
2026-07-08 03:01:08 | DEBUG    | shortsqueeze.data:_verify_one - GNS: No short float data from Yahoo or Finviz, dropping (unverified)
2026-07-08 03:01:08 | DEBUG    | shortsqueeze.data:_verify_one - OHACR: No short float data from Yahoo or Finviz, dropping (unverified)
2026-07-08 03:01:08 | DEBUG    | shortsqueeze.data:_verify_one - KRE: No short float data from Yahoo or Finviz, dropping (unverified)
2026-07-08 03:01:09 | DEBUG    | shortsqueeze.data:_verify_one - BULZ: No short float data from Yahoo or Finviz, dropping (unverified)
2026-07-08 03:01:09 | DEBUG    | shortsqueeze.data:_verify_one - DDFZ: No short float data from Yahoo or Finviz, dropping (unverified)
2026-07-08 03:01:09 | DEBUG    | shortsqueeze.data:_verify_one - SNGX: No short float data from Yahoo or Finviz, dropping (unverified)
2026-07-08 03:01:09 | DEBUG    | shortsqueeze.data:_verify_one - GDC: No short float data from Yahoo or Finviz, dropping (unverified)
2026-07-08 03:01:09 | DEBUG    | shortsqueeze.data:_verify_one - SOXS: No short float data from Yahoo or Finviz, dropping (unverified)
2026-07-08 03:01:10 | DEBUG    | shortsqueeze.data:_verify_one - SAN: No short float data from Yahoo or Finviz, dropping (unverified)
2026-07-08 03:01:10 | DEBUG    | shortsqueeze.data:_verify_one - AADX: No short float data from Yahoo or Finviz, dropping (unverified)
2026-07-08 03:01:10 | DEBUG    | shortsqueeze.data:_verify_one - IBX: No short float data from Yahoo or Finviz, dropping (unverified)
2026-07-08 03:01:10 | DEBUG    | shortsqueeze.data:_verify_one - ANY: No short float data from Yahoo or Finviz, dropping (unverified)
2026-07-08 03:01:11 | DEBUG    | shortsqueeze.data:_verify_one - AIM: No short float data from Yahoo or Finviz, dropping (unverified)
2026-07-08 03:01:11 | DEBUG    | shortsqueeze.data:_verify_one - EWJ: No short float data from Yahoo or Finviz, dropping (unverified)
2026-07-08 03:01:11 | DEBUG    | shortsqueeze.data:_verify_one - XBI: No short float data from Yahoo or Finviz, dropping (unverified)
2026-07-08 03:01:11 | DEBUG    | shortsqueeze.data:_verify_one - EWU: No short float data from Yahoo or Finviz, dropping (unverified)
2026-07-08 03:01:11 | DEBUG    | shortsqueeze.data:_verify_one - EWA: No short float data from Yahoo or Finviz, dropping (unverified)
2026-07-08 03:01:11 | DEBUG    | shortsqueeze.data:_verify_one - VEOEY: No short float data from Yahoo or Finviz, dropping (unverified)
2026-07-08 03:01:12 | DEBUG    | shortsqueeze.data:_verify_one - USO: No short float data from Yahoo or Finviz, dropping (unverified)
2026-07-08 03:01:12 | DEBUG    | shortsqueeze.data:_verify_one - RGTX: No short float data from Yahoo or Finviz, dropping (unverified)
2026-07-08 03:01:12 | DEBUG    | shortsqueeze.data:_verify_one - MSTZ: No short float data from Yahoo or Finviz, dropping (unverified)
2026-07-08 03:01:12 | DEBUG    | shortsqueeze.data:_verify_one - PSZKY: No short float data from Yahoo or Finviz, dropping (unverified)
2026-07-08 03:01:12 | DEBUG    | shortsqueeze.data:_verify_one - SMCI: No short float data from Yahoo or Finviz, dropping (unverified)
2026-07-08 03:01:12 | DEBUG    | shortsqueeze.data:_verify_one - RKLX: No short float data from Yahoo or Finviz, dropping (unverified)
2026-07-08 03:01:13 | DEBUG    | shortsqueeze.data:_verify_one - AVGX: No short float data from Yahoo or Finviz, dropping (unverified)
2026-07-08 03:01:13 | DEBUG    | shortsqueeze.data:_verify_one - AIBT: No short float data from Yahoo or Finviz, dropping (unverified)
2026-07-08 03:01:13 | DEBUG    | shortsqueeze.data:_verify_one - YMT: No short float data from Yahoo or Finviz, dropping (unverified)
2026-07-08 03:01:13 | DEBUG    | shortsqueeze.data:_verify_one - INND: No short float data from Yahoo or Finviz, dropping (unverified)
2026-07-08 03:01:13 | DEBUG    | shortsqueeze.data:_verify_one - STI: No short float data from Yahoo or Finviz, dropping (unverified)
2026-07-08 03:01:14 | DEBUG    | shortsqueeze.data:_verify_one - KDK: No short float data from Yahoo or Finviz, dropping (unverified)
2026-07-08 03:01:14 | DEBUG    | shortsqueeze.data:_verify_one - FTGC: No short float data from Yahoo or Finviz, dropping (unverified)
2026-07-08 03:01:14 | DEBUG    | shortsqueeze.data:_verify_one - ASTX: No short float data from Yahoo or Finviz, dropping (unverified)
2026-07-08 03:01:14 | DEBUG    | shortsqueeze.data:_verify_one - ESGE: No short float data from Yahoo or Finviz, dropping (unverified)
2026-07-08 03:01:14 | DEBUG    | shortsqueeze.data:_verify_one - TLT: No short float data from Yahoo or Finviz, dropping (unverified)
2026-07-08 03:01:15 | DEBUG    | shortsqueeze.data:_verify_one - DDTZ: No short float data from Yahoo or Finviz, dropping (unverified)
2026-07-08 03:01:15 | DEBUG    | shortsqueeze.data:_verify_one - CRPHY: No short float data from Yahoo or Finviz, dropping (unverified)
2026-07-08 03:01:15 | DEBUG    | shortsqueeze.data:_verify_one - AMTFF: No short float data from Yahoo or Finviz, dropping (unverified)
2026-07-08 03:01:15 | DEBUG    | shortsqueeze.data:_verify_one - XOS: No short float data from Yahoo or Finviz, dropping (unverified)
2026-07-08 03:01:15 | DEBUG    | shortsqueeze.data:_verify_one - FJET: No short float data from Yahoo or Finviz, dropping (unverified)
2026-07-08 03:01:16 | DEBUG    | shortsqueeze.data:_verify_one - XRT: No short float data from Yahoo or Finviz, dropping (unverified)
2026-07-08 03:01:16 | DEBUG    | shortsqueeze.data:_verify_one - SVIX: No short float data from Yahoo or Finviz, dropping (unverified)
2026-07-08 03:01:16 | DEBUG    | shortsqueeze.data:_verify_one - MVIS: No short float data from Yahoo or Finviz, dropping (unverified)
2026-07-08 03:01:16 | DEBUG    | shortsqueeze.data:_verify_one - SAFX: No short float data from Yahoo or Finviz, dropping (unverified)
2026-07-08 03:01:16 | DEBUG    | shortsqueeze.data:_verify_one - CDE: No short float data from Yahoo or Finviz, dropping (unverified)
2026-07-08 03:01:16 | DEBUG    | shortsqueeze.data:_verify_one - SELX: No short float data from Yahoo or Finviz, dropping (unverified)
2026-07-08 03:01:17 | DEBUG    | shortsqueeze.data:_verify_one - STLA: No short float data from Yahoo or Finviz, dropping (unverified)
2026-07-08 03:01:17 | DEBUG    | shortsqueeze.data:_verify_one - FEED: No short float data from Yahoo or Finviz, dropping (unverified)
2026-07-08 03:01:17 | DEBUG    | shortsqueeze.data:_verify_one - SPPL: No short float data from Yahoo or Finviz, dropping (unverified)
2026-07-08 03:01:17 | DEBUG    | shortsqueeze.data:_verify_one - MVLL: No short float data from Yahoo or Finviz, dropping (unverified)
2026-07-08 03:01:17 | DEBUG    | shortsqueeze.data:_verify_one - HYZN: No short float data from Yahoo or Finviz, dropping (unverified)
2026-07-08 03:01:17 | DEBUG    | shortsqueeze.data:_verify_one - TQQQ: No short float data from Yahoo or Finviz, dropping (unverified)
2026-07-08 03:01:18 | DEBUG    | shortsqueeze.data:_verify_one - MCHI: No short float data from Yahoo or Finviz, dropping (unverified)
2026-07-08 03:01:18 | DEBUG    | shortsqueeze.data:_verify_one - BTCZ: No short float data from Yahoo or Finviz, dropping (unverified)
2026-07-08 03:01:18 | DEBUG    | shortsqueeze.data:_verify_one - XLF: No short float data from Yahoo or Finviz, dropping (unverified)
2026-07-08 03:01:19 | DEBUG    | shortsqueeze.data:_verify_one - BJDX: No short float data from Yahoo or Finviz, dropping (unverified)
2026-07-08 03:01:19 | DEBUG    | shortsqueeze.data:_verify_one - MEDH: No short float data from Yahoo or Finviz, dropping (unverified)
2026-07-08 03:01:19 | DEBUG    | shortsqueeze.data:_verify_one - PBRA: No short float data from Yahoo or Finviz, dropping (unverified)
2026-07-08 03:01:19 | DEBUG    | shortsqueeze.data:_verify_one - IDVZ: No short float data from Yahoo or Finviz, dropping (unverified)
2026-07-08 03:01:20 | DEBUG    | shortsqueeze.data:_verify_one - BMNG: No short float data from Yahoo or Finviz, dropping (unverified)
2026-07-08 03:01:20 | DEBUG    | shortsqueeze.data:_verify_one - SMU: No short float data from Yahoo or Finviz, dropping (unverified)
2026-07-08 03:01:20 | DEBUG    | shortsqueeze.data:_verify_one - IAUX: No short float data from Yahoo or Finviz, dropping (unverified)
2026-07-08 03:01:20 | DEBUG    | shortsqueeze.data:_verify_one - ERIC: No short float data from Yahoo or Finviz, dropping (unverified)
2026-07-08 03:01:20 | DEBUG    | shortsqueeze.data:_verify_one - DSS: No short float data from Yahoo or Finviz, dropping (unverified)
2026-07-08 03:01:21 | DEBUG    | shortsqueeze.data:_verify_one - GNTA: No short float data from Yahoo or Finviz, dropping (unverified)
2026-07-08 03:01:21 | DEBUG    | shortsqueeze.data:_verify_one - NEXR: No short float data from Yahoo or Finviz, dropping (unverified)
2026-07-08 03:01:21 | DEBUG    | shortsqueeze.data:_verify_one - KVUE: No short float data from Yahoo or Finviz, dropping (unverified)
2026-07-08 03:01:21 | DEBUG    | shortsqueeze.data:_verify_one - TECS: No short float data from Yahoo or Finviz, dropping (unverified)
2026-07-08 03:01:21 | DEBUG    | shortsqueeze.data:_verify_one - NRGV: No short float data from Yahoo or Finviz, dropping (unverified)
2026-07-08 03:01:21 | DEBUG    | shortsqueeze.data:_verify_one - ABEV: No short float data from Yahoo or Finviz, dropping (unverified)
2026-07-08 03:01:22 | DEBUG    | shortsqueeze.data:_verify_one - BB: No short float data from Yahoo or Finviz, dropping (unverified)
2026-07-08 03:01:22 | DEBUG    | shortsqueeze.data:_verify_one - OTLK: No short float data from Yahoo or Finviz, dropping (unverified)
2026-07-08 03:01:22 | DEBUG    | shortsqueeze.data:_verify_one - CNYA: No short float data from Yahoo or Finviz, dropping (unverified)
2026-07-08 03:01:22 | DEBUG    | shortsqueeze.data:_verify_one - ASTC: No short float data from Yahoo or Finviz, dropping (unverified)
2026-07-08 03:01:22 | DEBUG    | shortsqueeze.data:_verify_one - CBRG: No short float data from Yahoo or Finviz, dropping (unverified)
2026-07-08 03:01:22 | DEBUG    | shortsqueeze.data:_verify_one - BHP: No short float data from Yahoo or Finviz, dropping (unverified)
2026-07-08 03:01:23 | DEBUG    | shortsqueeze.data:_verify_one - TGHL: No short float data from Yahoo or Finviz, dropping (unverified)
2026-07-08 03:01:23 | DEBUG    | shortsqueeze.data:_verify_one - TSLG: No short float data from Yahoo or Finviz, dropping (unverified)
2026-07-08 03:01:23 | DEBUG    | shortsqueeze.data:_verify_one - FOXX: No short float data from Yahoo or Finviz, dropping (unverified)
2026-07-08 03:01:24 | DEBUG    | shortsqueeze.data:_verify_one - FXE: No short float data from Yahoo or Finviz, dropping (unverified)
2026-07-08 03:01:24 | DEBUG    | shortsqueeze.data:_verify_one - DFNS: No short float data from Yahoo or Finviz, dropping (unverified)
2026-07-08 03:01:24 | DEBUG    | shortsqueeze.data:_verify_one - NAMM: No short float data from Yahoo or Finviz, dropping (unverified)
2026-07-08 03:01:24 | DEBUG    | shortsqueeze.data:_verify_one - VIVK: No short float data from Yahoo or Finviz, dropping (unverified)
2026-07-08 03:01:24 | DEBUG    | shortsqueeze.data:_verify_one - DGACU: No short float data from Yahoo or Finviz, dropping (unverified)
2026-07-08 03:01:24 | DEBUG    | shortsqueeze.data:_verify_one - LITX: No short float data from Yahoo or Finviz, dropping (unverified)
2026-07-08 03:01:25 | DEBUG    | shortsqueeze.data:_verify_one - CCTG: No short float data from Yahoo or Finviz, dropping (unverified)
2026-07-08 03:01:25 | DEBUG    | shortsqueeze.data:_verify_one - ALLIF: No short float data from Yahoo or Finviz, dropping (unverified)
2026-07-08 03:01:25 | DEBUG    | shortsqueeze.data:_verify_one - JZ: No short float data from Yahoo or Finviz, dropping (unverified)
2026-07-08 03:01:25 | DEBUG    | shortsqueeze.data:_verify_one - CRMG: No short float data from Yahoo or Finviz, dropping (unverified)
2026-07-08 03:01:26 | DEBUG    | shortsqueeze.data:_verify_one - KLAR: No short float data from Yahoo or Finviz, dropping (unverified)
2026-07-08 03:01:26 | DEBUG    | shortsqueeze.data:_verify_one - FENI: No short float data from Yahoo or Finviz, dropping (unverified)
2026-07-08 03:01:26 | DEBUG    | shortsqueeze.data:_verify_one - HFXI: No short float data from Yahoo or Finviz, dropping (unverified)
2026-07-08 03:01:26 | DEBUG    | shortsqueeze.data:_verify_one - BKLN: No short float data from Yahoo or Finviz, dropping (unverified)
2026-07-08 03:01:26 | DEBUG    | shortsqueeze.data:_verify_one - SMCX: No short float data from Yahoo or Finviz, dropping (unverified)
2026-07-08 03:01:27 | DEBUG    | shortsqueeze.data:_verify_one - LRLCY: No short float data from Yahoo or Finviz, dropping (unverified)
2026-07-08 03:01:27 | DEBUG    | shortsqueeze.data:_verify_one - CIFR: No short float data from Yahoo or Finviz, dropping (unverified)
2026-07-08 03:01:27 | DEBUG    | shortsqueeze.data:_verify_one - AVL: No short float data from Yahoo or Finviz, dropping (unverified)
2026-07-08 03:01:27 | DEBUG    | shortsqueeze.data:_verify_one - ISTB: No short float data from Yahoo or Finviz, dropping (unverified)
2026-07-08 03:01:27 | DEBUG    | shortsqueeze.data:_verify_one - ETHA: No short float data from Yahoo or Finviz, dropping (unverified)
2026-07-08 03:01:27 | DEBUG    | shortsqueeze.data:_verify_one - MOBX: No short float data from Yahoo or Finviz, dropping (unverified)
2026-07-08 03:01:28 | DEBUG    | shortsqueeze.data:_verify_one - CIG: No short float data from Yahoo or Finviz, dropping (unverified)
2026-07-08 03:01:28 | DEBUG    | shortsqueeze.data:_verify_one - HCWC: No short float data from Yahoo or Finviz, dropping (unverified)
2026-07-08 03:01:28 | DEBUG    | shortsqueeze.data:_verify_one - TWAV: No short float data from Yahoo or Finviz, dropping (unverified)
2026-07-08 03:01:35 | DEBUG    | shortsqueeze.data:_verify_one - NJUN: No short float data from Yahoo or Finviz, dropping (unverified)
2026-07-08 03:01:35 | DEBUG    | shortsqueeze.data:_verify_one - DNN: No short float data from Yahoo or Finviz, dropping (unverified)
2026-07-08 03:01:35 | DEBUG    | shortsqueeze.data:get_stock_info - Error fetching stock info for BCSSU: HTTP Error 404: 
2026-07-08 03:01:35 | DEBUG    | shortsqueeze.data:_verify_one - BCSSU: No short float data from Yahoo or Finviz, dropping (unverified)
2026-07-08 03:01:35 | DEBUG    | shortsqueeze.data:_verify_one - ARRNF: No short float data from Yahoo or Finviz, dropping (unverified)
2026-07-08 03:01:36 | DEBUG    | shortsqueeze.data:_verify_one - EEM: No short float data from Yahoo or Finviz, dropping (unverified)
2026-07-08 03:01:36 | DEBUG    | shortsqueeze.data:_verify_one - DRIP: No short float data from Yahoo or Finviz, dropping (unverified)
2026-07-08 03:01:36 | DEBUG    | shortsqueeze.data:_verify_one - PRZO: No short float data from Yahoo or Finviz, dropping (unverified)
2026-07-08 03:01:36 | DEBUG    | shortsqueeze.data:_verify_one - KBLB: No short float data from Yahoo or Finviz, dropping (unverified)
2026-07-08 03:01:36 | DEBUG    | shortsqueeze.data:_verify_one - QID: No short float data from Yahoo or Finviz, dropping (unverified)
2026-07-08 03:01:36 | DEBUG    | shortsqueeze.data:_verify_one - AAOX: No short float data from Yahoo or Finviz, dropping (unverified)
2026-07-08 03:01:37 | DEBUG    | shortsqueeze.data:_verify_one - SNAP: No short float data from Yahoo or Finviz, dropping (unverified)
2026-07-08 03:01:37 | DEBUG    | shortsqueeze.data:_verify_one - AIIO: No short float data from Yahoo or Finviz, dropping (unverified)
2026-07-08 03:01:37 | DEBUG    | shortsqueeze.data:_verify_one - NVDQ: No short float data from Yahoo or Finviz, dropping (unverified)
2026-07-08 03:01:37 | DEBUG    | shortsqueeze.data:_verify_one - ARCC: No short float data from Yahoo or Finviz, dropping (unverified)
2026-07-08 03:01:37 | DEBUG    | shortsqueeze.data:_verify_one - YSS: No short float data from Yahoo or Finviz, dropping (unverified)
2026-07-08 03:01:37 | DEBUG    | shortsqueeze.data:_verify_one - PLU: No short float data from Yahoo or Finviz, dropping (unverified)
2026-07-08 03:01:38 | DEBUG    | shortsqueeze.data:_verify_one - ABVEF: No short float data from Yahoo or Finviz, dropping (unverified)
2026-07-08 03:01:38 | DEBUG    | shortsqueeze.data:_verify_one - BMNZ: No short float data from Yahoo or Finviz, dropping (unverified)
2026-07-08 03:01:38 | DEBUG    | shortsqueeze.data:_verify_one - POEL: No short float data from Yahoo or Finviz, dropping (unverified)
2026-07-08 03:01:38 | DEBUG    | shortsqueeze.data:_verify_one - SUSB: No short float data from Yahoo or Finviz, dropping (unverified)
2026-07-08 03:01:38 | DEBUG    | shortsqueeze.data:_verify_one - IONQ: No short float data from Yahoo or Finviz, dropping (unverified)
2026-07-08 03:01:38 | DEBUG    | shortsqueeze.data:_verify_one - UUUU: No short float data from Yahoo or Finviz, dropping (unverified)
2026-07-08 03:01:39 | DEBUG    | shortsqueeze.data:_verify_one - AMZD: No short float data from Yahoo or Finviz, dropping (unverified)
2026-07-08 03:01:39 | DEBUG    | shortsqueeze.data:_verify_one - CLOZ: No short float data from Yahoo or Finviz, dropping (unverified)
2026-07-08 03:01:39 | DEBUG    | shortsqueeze.data:_verify_one - SCZ: No short float data from Yahoo or Finviz, dropping (unverified)
2026-07-08 03:01:39 | DEBUG    | shortsqueeze.data:_verify_one - GLWG: No short float data from Yahoo or Finviz, dropping (unverified)
2026-07-08 03:01:39 | DEBUG    | shortsqueeze.data:_verify_one - BMNR: No short float data from Yahoo or Finviz, dropping (unverified)
2026-07-08 03:01:39 | DEBUG    | shortsqueeze.data:_verify_one - MUD: No short float data from Yahoo or Finviz, dropping (unverified)
2026-07-08 03:01:40 | DEBUG    | shortsqueeze.data:_verify_one - ABCL: No short float data from Yahoo or Finviz, dropping (unverified)
2026-07-08 03:01:40 | DEBUG    | shortsqueeze.data:_verify_one - LVMUY: No short float data from Yahoo or Finviz, dropping (unverified)
2026-07-08 03:01:40 | DEBUG    | shortsqueeze.data:_verify_one - BGMS: No short float data from Yahoo or Finviz, dropping (unverified)
2026-07-08 03:01:40 | DEBUG    | shortsqueeze.data:_verify_one - HYSA: No short float data from Yahoo or Finviz, dropping (unverified)
2026-07-08 03:01:40 | DEBUG    | shortsqueeze.data:_verify_one - GOCO: No short float data from Yahoo or Finviz, dropping (unverified)
2026-07-08 03:01:40 | DEBUG    | shortsqueeze.data:_verify_one - RGTIW: No short float data from Yahoo or Finviz, dropping (unverified)
2026-07-08 03:01:41 | DEBUG    | shortsqueeze.data:_verify_one - AVS: No short float data from Yahoo or Finviz, dropping (unverified)
2026-07-08 03:01:41 | DEBUG    | shortsqueeze.data:_verify_one - SXYAY: No short float data from Yahoo or Finviz, dropping (unverified)
2026-07-08 03:01:41 | DEBUG    | shortsqueeze.data:_verify_one - BRTX: No short float data from Yahoo or Finviz, dropping (unverified)
2026-07-08 03:01:41 | DEBUG    | shortsqueeze.data:_verify_one - XOP: No short float data from Yahoo or Finviz, dropping (unverified)
2026-07-08 03:01:41 | DEBUG    | shortsqueeze.data:_verify_one - PSKY: No short float data from Yahoo or Finviz, dropping (unverified)
2026-07-08 03:01:42 | DEBUG    | shortsqueeze.data:_verify_one - SPSK: No short float data from Yahoo or Finviz, dropping (unverified)
2026-07-08 03:01:42 | DEBUG    | shortsqueeze.data:_verify_one - IREZ: No short float data from Yahoo or Finviz, dropping (unverified)
2026-07-08 03:01:42 | DEBUG    | shortsqueeze.data:_verify_one - TYCMY: No short float data from Yahoo or Finviz, dropping (unverified)
2026-07-08 03:01:42 | DEBUG    | shortsqueeze.data:_verify_one - PSQ: No short float data from Yahoo or Finviz, dropping (unverified)
2026-07-08 03:01:42 | DEBUG    | shortsqueeze.data:_verify_one - YMAT: No short float data from Yahoo or Finviz, dropping (unverified)
2026-07-08 03:01:42 | DEBUG    | shortsqueeze.data:_verify_one - CHOW: No short float data from Yahoo or Finviz, dropping (unverified)
2026-07-08 03:01:42 | DEBUG    | shortsqueeze.data:_verify_one - AVEX: No short float data from Yahoo or Finviz, dropping (unverified)
2026-07-08 03:01:43 | DEBUG    | shortsqueeze.data:_verify_one - HXHX: No short float data from Yahoo or Finviz, dropping (unverified)
2026-07-08 03:01:43 | DEBUG    | shortsqueeze.data:_verify_one - CCHH: No short float data from Yahoo or Finviz, dropping (unverified)
2026-07-08 03:01:43 | DEBUG    | shortsqueeze.data:_verify_one - BLDG: No short float data from Yahoo or Finviz, dropping (unverified)
2026-07-08 03:01:43 | DEBUG    | shortsqueeze.data:_verify_one - CTOS: No short float data from Yahoo or Finviz, dropping (unverified)
2026-07-08 03:01:43 | DEBUG    | shortsqueeze.data:_verify_one - SMH: No short float data from Yahoo or Finviz, dropping (unverified)
2026-07-08 03:01:43 | DEBUG    | shortsqueeze.data:_verify_one - FSK: No short float data from Yahoo or Finviz, dropping (unverified)
2026-07-08 03:01:44 | DEBUG    | shortsqueeze.data:_verify_one - VRAX: No short float data from Yahoo or Finviz, dropping (unverified)
2026-07-08 03:01:44 | DEBUG    | shortsqueeze.data:_verify_one - MTEN: No short float data from Yahoo or Finviz, dropping (unverified)
2026-07-08 03:01:44 | DEBUG    | shortsqueeze.data:_verify_one - BCDA: No short float data from Yahoo or Finviz, dropping (unverified)
2026-07-08 03:01:44 | DEBUG    | shortsqueeze.data:_verify_one - GPRO: No short float data from Yahoo or Finviz, dropping (unverified)
2026-07-08 03:01:44 | DEBUG    | shortsqueeze.data:_verify_one - SDOT: No short float data from Yahoo or Finviz, dropping (unverified)
2026-07-08 03:01:45 | DEBUG    | shortsqueeze.data:_verify_one - BITO: No short float data from Yahoo or Finviz, dropping (unverified)
2026-07-08 03:01:45 | DEBUG    | shortsqueeze.data:_verify_one - HUMA: No short float data from Yahoo or Finviz, dropping (unverified)
2026-07-08 03:01:45 | DEBUG    | shortsqueeze.data:_verify_one - EIDO: No short float data from Yahoo or Finviz, dropping (unverified)
2026-07-08 03:01:45 | DEBUG    | shortsqueeze.data:_verify_one - GLD: No short float data from Yahoo or Finviz, dropping (unverified)
2026-07-08 03:01:45 | DEBUG    | shortsqueeze.data:_verify_one - PJUN: No short float data from Yahoo or Finviz, dropping (unverified)
2026-07-08 03:01:45 | DEBUG    | shortsqueeze.data:_verify_one - GOOGN: No short float data from Yahoo or Finviz, dropping (unverified)
2026-07-08 03:01:46 | DEBUG    | shortsqueeze.data:_verify_one - IEFA: No short float data from Yahoo or Finviz, dropping (unverified)
2026-07-08 03:01:46 | DEBUG    | shortsqueeze.data:_verify_one - VVOS: No short float data from Yahoo or Finviz, dropping (unverified)
2026-07-08 03:01:46 | DEBUG    | shortsqueeze.data:_verify_one - CTLHF: No short float data from Yahoo or Finviz, dropping (unverified)
2026-07-08 03:01:46 | DEBUG    | shortsqueeze.data:_verify_one - LI: No short float data from Yahoo or Finviz, dropping (unverified)
2026-07-08 03:01:47 | DEBUG    | shortsqueeze.data:_verify_one - SMBS: No short float data from Yahoo or Finviz, dropping (unverified)
2026-07-08 03:01:47 | DEBUG    | shortsqueeze.data:_verify_one - EVTV: No short float data from Yahoo or Finviz, dropping (unverified)
2026-07-08 03:01:47 | DEBUG    | shortsqueeze.data:_verify_one - ACYN: No short float data from Yahoo or Finviz, dropping (unverified)
2026-07-08 03:01:47 | DEBUG    | shortsqueeze.data:_verify_one - XXRP: No short float data from Yahoo or Finviz, dropping (unverified)
2026-07-08 03:01:47 | DEBUG    | shortsqueeze.data:_verify_one - INDA: No short float data from Yahoo or Finviz, dropping (unverified)
2026-07-08 03:01:48 | DEBUG    | shortsqueeze.data:_verify_one - IREN: No short float data from Yahoo or Finviz, dropping (unverified)
2026-07-08 03:01:48 | DEBUG    | shortsqueeze.data:_verify_one - CRWU: No short float data from Yahoo or Finviz, dropping (unverified)
2026-07-08 03:01:48 | DEBUG    | shortsqueeze.data:_verify_one - CIEG: No short float data from Yahoo or Finviz, dropping (unverified)
2026-07-08 03:01:48 | DEBUG    | shortsqueeze.data:_verify_one - PECER: No short float data from Yahoo or Finviz, dropping (unverified)
2026-07-08 03:01:48 | DEBUG    | shortsqueeze.data:_verify_one - AVGG: No short float data from Yahoo or Finviz, dropping (unverified)
2026-07-08 03:01:48 | DEBUG    | shortsqueeze.data:_verify_one - CLDI: No short float data from Yahoo or Finviz, dropping (unverified)
2026-07-08 03:01:49 | DEBUG    | shortsqueeze.data:_verify_one - QUCY: No short float data from Yahoo or Finviz, dropping (unverified)
2026-07-08 03:01:49 | DEBUG    | shortsqueeze.data:_verify_one - KWEB: No short float data from Yahoo or Finviz, dropping (unverified)
2026-07-08 03:01:49 | DEBUG    | shortsqueeze.data:_verify_one - NUCLW: No short float data from Yahoo or Finviz, dropping (unverified)
2026-07-08 03:01:49 | DEBUG    | shortsqueeze.data:_verify_one - IDHQ: No short float data from Yahoo or Finviz, dropping (unverified)
2026-07-08 03:01:49 | DEBUG    | shortsqueeze.data:_verify_one - FNGU: No short float data from Yahoo or Finviz, dropping (unverified)
2026-07-08 03:01:49 | DEBUG    | shortsqueeze.data:_verify_one - COSM: No short float data from Yahoo or Finviz, dropping (unverified)
2026-07-08 03:01:50 | DEBUG    | shortsqueeze.data:_verify_one - XOVL: No short float data from Yahoo or Finviz, dropping (unverified)
2026-07-08 03:01:50 | DEBUG    | shortsqueeze.data:_verify_one - SATG: No short float data from Yahoo or Finviz, dropping (unverified)
2026-07-08 03:01:50 | DEBUG    | shortsqueeze.data:_verify_one - IWM: No short float data from Yahoo or Finviz, dropping (unverified)
2026-07-08 03:01:50 | DEBUG    | shortsqueeze.data:_verify_one - VCIG: No short float data from Yahoo or Finviz, dropping (unverified)
2026-07-08 03:01:51 | DEBUG    | shortsqueeze.data:_verify_one - GDXJ: No short float data from Yahoo or Finviz, dropping (unverified)
2026-07-08 03:01:51 | DEBUG    | shortsqueeze.data:_verify_one - AIB: No short float data from Yahoo or Finviz, dropping (unverified)
2026-07-08 03:01:51 | DEBUG    | shortsqueeze.data:_verify_one - FNMAS: No short float data from Yahoo or Finviz, dropping (unverified)
2026-07-08 03:01:51 | DEBUG    | shortsqueeze.data:_verify_one - SUGP: No short float data from Yahoo or Finviz, dropping (unverified)
2026-07-08 03:01:51 | DEBUG    | shortsqueeze.data:_verify_one - TNYA: No short float data from Yahoo or Finviz, dropping (unverified)
2026-07-08 03:01:52 | DEBUG    | shortsqueeze.data:_verify_one - CHRS: No short float data from Yahoo or Finviz, dropping (unverified)
2026-07-08 03:01:52 | DEBUG    | shortsqueeze.data:_verify_one - QSR: No short float data from Yahoo or Finviz, dropping (unverified)
2026-07-08 03:01:52 | DEBUG    | shortsqueeze.data:_verify_one - TOELY: No short float data from Yahoo or Finviz, dropping (unverified)
2026-07-08 03:01:52 | DEBUG    | shortsqueeze.data:_verify_one - SPYU: No short float data from Yahoo or Finviz, dropping (unverified)
2026-07-08 03:01:52 | DEBUG    | shortsqueeze.data:_verify_one - METU: No short float data from Yahoo or Finviz, dropping (unverified)
2026-07-08 03:01:53 | DEBUG    | shortsqueeze.data:_verify_one - BTE: No short float data from Yahoo or Finviz, dropping (unverified)
2026-07-08 03:01:53 | DEBUG    | shortsqueeze.data:_verify_one - TDI: No short float data from Yahoo or Finviz, dropping (unverified)
2026-07-08 03:01:53 | DEBUG    | shortsqueeze.data:_verify_one - AGZD: No short float data from Yahoo or Finviz, dropping (unverified)
2026-07-08 03:01:53 | DEBUG    | shortsqueeze.data:_verify_one - FEGE: No short float data from Yahoo or Finviz, dropping (unverified)
2026-07-08 03:01:53 | DEBUG    | shortsqueeze.data:_verify_one - SOFX: No short float data from Yahoo or Finviz, dropping (unverified)
2026-07-08 03:01:54 | DEBUG    | shortsqueeze.data:_verify_one - SMUP: No short float data from Yahoo or Finviz, dropping (unverified)
2026-07-08 03:01:54 | DEBUG    | shortsqueeze.data:_verify_one - KRMN: No short float data from Yahoo or Finviz, dropping (unverified)
2026-07-08 03:01:54 | DEBUG    | shortsqueeze.data:_verify_one - TTDU: No short float data from Yahoo or Finviz, dropping (unverified)
2026-07-08 03:01:54 | DEBUG    | shortsqueeze.data:_verify_one - TXUE: No short float data from Yahoo or Finviz, dropping (unverified)
2026-07-08 03:01:55 | DEBUG    | shortsqueeze.data:_verify_one - LGHL: No short float data from Yahoo or Finviz, dropping (unverified)
2026-07-08 03:01:55 | DEBUG    | shortsqueeze.data:_verify_one - SUZ: No short float data from Yahoo or Finviz, dropping (unverified)
2026-07-08 03:01:55 | DEBUG    | shortsqueeze.data:_verify_one - IYZ: No short float data from Yahoo or Finviz, dropping (unverified)
2026-07-08 03:01:55 | DEBUG    | shortsqueeze.data:_verify_one - HPQ: No short float data from Yahoo or Finviz, dropping (unverified)
2026-07-08 03:01:55 | DEBUG    | shortsqueeze.data:_verify_one - DIA: No short float data from Yahoo or Finviz, dropping (unverified)
2026-07-08 03:01:56 | DEBUG    | shortsqueeze.data:_verify_one - FLMI: No short float data from Yahoo or Finviz, dropping (unverified)
2026-07-08 03:01:56 | DEBUG    | shortsqueeze.data:_verify_one - POAS: No short float data from Yahoo or Finviz, dropping (unverified)
2026-07-08 03:01:56 | DEBUG    | shortsqueeze.data:_verify_one - RWM: No short float data from Yahoo or Finviz, dropping (unverified)
2026-07-08 03:01:56 | DEBUG    | shortsqueeze.data:_verify_one - GCDT: No short float data from Yahoo or Finviz, dropping (unverified)
2026-07-08 03:01:56 | DEBUG    | shortsqueeze.data:_verify_one - QS: No short float data from Yahoo or Finviz, dropping (unverified)
2026-07-08 03:01:57 | DEBUG    | shortsqueeze.data:_verify_one - CGC: No short float data from Yahoo or Finviz, dropping (unverified)
2026-07-08 03:01:57 | DEBUG    | shortsqueeze.data:_verify_one - RCAX: No short float data from Yahoo or Finviz, dropping (unverified)
2026-07-08 03:01:57 | DEBUG    | shortsqueeze.data:_verify_one - BITU: No short float data from Yahoo or Finviz, dropping (unverified)
2026-07-08 03:01:57 | DEBUG    | shortsqueeze.data:_verify_one - GXAI: No short float data from Yahoo or Finviz, dropping (unverified)
2026-07-08 03:01:57 | DEBUG    | shortsqueeze.data:_verify_one - VMAR: No short float data from Yahoo or Finviz, dropping (unverified)
2026-07-08 03:01:58 | DEBUG    | shortsqueeze.data:_verify_one - RDWU: No short float data from Yahoo or Finviz, dropping (unverified)
2026-07-08 03:01:58 | DEBUG    | shortsqueeze.data:_verify_one - CHLSY: No short float data from Yahoo or Finviz, dropping (unverified)
2026-07-08 03:01:58 | DEBUG    | shortsqueeze.data:_verify_one - SHZHY: No short float data from Yahoo or Finviz, dropping (unverified)
2026-07-08 03:01:58 | DEBUG    | shortsqueeze.data:_verify_one - GETY: No short float data from Yahoo or Finviz, dropping (unverified)
2026-07-08 03:01:58 | DEBUG    | shortsqueeze.data:_verify_one - MSS: No short float data from Yahoo or Finviz, dropping (unverified)
2026-07-08 03:01:58 | DEBUG    | shortsqueeze.data:_verify_one - JHX: No short float data from Yahoo or Finviz, dropping (unverified)
2026-07-08 03:01:59 | DEBUG    | shortsqueeze.data:_verify_one - EPMLF: No short float data from Yahoo or Finviz, dropping (unverified)
2026-07-08 03:01:59 | DEBUG    | shortsqueeze.data:_verify_one - OKLS: No short float data from Yahoo or Finviz, dropping (unverified)
2026-07-08 03:01:59 | DEBUG    | shortsqueeze.data:_verify_one - TGB: No short float data from Yahoo or Finviz, dropping (unverified)
2026-07-08 03:01:59 | DEBUG    | shortsqueeze.data:_verify_one - ISVLF: No short float data from Yahoo or Finviz, dropping (unverified)
2026-07-08 03:01:59 | DEBUG    | shortsqueeze.data:_verify_one - TUR: No short float data from Yahoo or Finviz, dropping (unverified)
2026-07-08 03:01:59 | DEBUG    | shortsqueeze.data:_verify_one - WSE: No short float data from Yahoo or Finviz, dropping (unverified)
2026-07-08 03:02:00 | DEBUG    | shortsqueeze.data:_verify_one - ZENA: No short float data from Yahoo or Finviz, dropping (unverified)
2026-07-08 03:02:00 | DEBUG    | shortsqueeze.data:_verify_one - CTNT: No short float data from Yahoo or Finviz, dropping (unverified)
2026-07-08 03:02:00 | DEBUG    | shortsqueeze.data:_verify_one - RGTI: No short float data from Yahoo or Finviz, dropping (unverified)
2026-07-08 03:02:00 | DEBUG    | shortsqueeze.data:_verify_one - IONX: No short float data from Yahoo or Finviz, dropping (unverified)
2026-07-08 03:02:01 | DEBUG    | shortsqueeze.data:_verify_one - LUNL: No short float data from Yahoo or Finviz, dropping (unverified)
2026-07-08 03:02:01 | DEBUG    | shortsqueeze.data:_verify_one - EMB: No short float data from Yahoo or Finviz, dropping (unverified)
2026-07-08 03:02:01 | DEBUG    | shortsqueeze.data:_verify_one - NFXL: No short float data from Yahoo or Finviz, dropping (unverified)
2026-07-08 03:02:01 | DEBUG    | shortsqueeze.data:_verify_one - ZJUN: No short float data from Yahoo or Finviz, dropping (unverified)
2026-07-08 03:02:01 | DEBUG    | shortsqueeze.data:_verify_one - SNDG: No short float data from Yahoo or Finviz, dropping (unverified)
2026-07-08 03:02:01 | DEBUG    | shortsqueeze.data:_verify_one - XLI: No short float data from Yahoo or Finviz, dropping (unverified)
2026-07-08 03:02:02 | DEBUG    | shortsqueeze.data:_verify_one - APLX: No short float data from Yahoo or Finviz, dropping (unverified)
2026-07-08 03:02:02 | DEBUG    | shortsqueeze.data:_verify_one - TDIC: No short float data from Yahoo or Finviz, dropping (unverified)
2026-07-08 03:02:02 | DEBUG    | shortsqueeze.data:_verify_one - NOK: No short float data from Yahoo or Finviz, dropping (unverified)
2026-07-08 03:02:02 | DEBUG    | shortsqueeze.data:_verify_one - WRDLY: No short float data from Yahoo or Finviz, dropping (unverified)
2026-07-08 03:02:02 | DEBUG    | shortsqueeze.data:_verify_one - SIMAW: No short float data from Yahoo or Finviz, dropping (unverified)
2026-07-08 03:02:02 | DEBUG    | shortsqueeze.data:_verify_one - UVXY: No short float data from Yahoo or Finviz, dropping (unverified)
2026-07-08 03:02:02 | DEBUG    | shortsqueeze.data:_verify_one - TU: No short float data from Yahoo or Finviz, dropping (unverified)
2026-07-08 03:02:03 | DEBUG    | shortsqueeze.data:_verify_one - LHSW: No short float data from Yahoo or Finviz, dropping (unverified)
2026-07-08 03:02:03 | DEBUG    | shortsqueeze.data:_verify_one - IVA: No short float data from Yahoo or Finviz, dropping (unverified)
2026-07-08 03:02:03 | DEBUG    | shortsqueeze.data:_verify_one - CXDO: No short float data from Yahoo or Finviz, dropping (unverified)
2026-07-08 03:02:03 | DEBUG    | shortsqueeze.data:_verify_one - XMAX: No short float data from Yahoo or Finviz, dropping (unverified)
2026-07-08 03:02:03 | DEBUG    | shortsqueeze.data:_verify_one - EQX: No short float data from Yahoo or Finviz, dropping (unverified)
2026-07-08 03:02:03 | DEBUG    | shortsqueeze.data:_verify_one - ARAI: No short float data from Yahoo or Finviz, dropping (unverified)
2026-07-08 03:02:03 | DEBUG    | shortsqueeze.data:_verify_one - PSIG: No short float data from Yahoo or Finviz, dropping (unverified)
2026-07-08 03:02:04 | DEBUG    | shortsqueeze.data:_verify_one - SSACR: No short float data from Yahoo or Finviz, dropping (unverified)
2026-07-08 03:02:04 | DEBUG    | shortsqueeze.data:_verify_one - QBTS: No short float data from Yahoo or Finviz, dropping (unverified)
2026-07-08 03:02:04 | DEBUG    | shortsqueeze.data:_verify_one - WCT: No short float data from Yahoo or Finviz, dropping (unverified)
2026-07-08 03:02:04 | DEBUG    | shortsqueeze.data:_verify_one - GDXU: No short float data from Yahoo or Finviz, dropping (unverified)
2026-07-08 03:02:04 | DEBUG    | shortsqueeze.data:_verify_one - ETHT: No short float data from Yahoo or Finviz, dropping (unverified)
2026-07-08 03:02:04 | DEBUG    | shortsqueeze.data:_verify_one - UMAV: No short float data from Yahoo or Finviz, dropping (unverified)
2026-07-08 03:02:05 | DEBUG    | shortsqueeze.data:_verify_one - PTAIY: No short float data from Yahoo or Finviz, dropping (unverified)
2026-07-08 03:02:05 | DEBUG    | shortsqueeze.data:_verify_one - UMC: No short float data from Yahoo or Finviz, dropping (unverified)
2026-07-08 03:02:05 | DEBUG    | shortsqueeze.data:_verify_one - IQST: No short float data from Yahoo or Finviz, dropping (unverified)
2026-07-08 03:02:05 | DEBUG    | shortsqueeze.data:_verify_one - ONCY: No short float data from Yahoo or Finviz, dropping (unverified)
2026-07-08 03:02:05 | DEBUG    | shortsqueeze.data:_verify_one - SMST: No short float data from Yahoo or Finviz, dropping (unverified)
2026-07-08 03:02:06 | DEBUG    | shortsqueeze.data:_verify_one - ONDG: No short float data from Yahoo or Finviz, dropping (unverified)
2026-07-08 03:02:06 | DEBUG    | shortsqueeze.data:_verify_one - ZPHYF: No short float data from Yahoo or Finviz, dropping (unverified)
2026-07-08 03:02:06 | DEBUG    | shortsqueeze.data:_verify_one - RUBI: No short float data from Yahoo or Finviz, dropping (unverified)
2026-07-08 03:02:07 | DEBUG    | shortsqueeze.data:_verify_one - BTQ: No short float data from Yahoo or Finviz, dropping (unverified)
2026-07-08 03:02:07 | DEBUG    | shortsqueeze.data:_verify_one - MSW: No short float data from Yahoo or Finviz, dropping (unverified)
2026-07-08 03:02:07 | DEBUG    | shortsqueeze.data:_verify_one - FER: No short float data from Yahoo or Finviz, dropping (unverified)
2026-07-08 03:02:07 | DEBUG    | shortsqueeze.data:_verify_one - BNZI: No short float data from Yahoo or Finviz, dropping (unverified)
2026-07-08 03:02:07 | DEBUG    | shortsqueeze.data:_verify_one - FLY: No short float data from Yahoo or Finviz, dropping (unverified)
2026-07-08 03:02:07 | DEBUG    | shortsqueeze.data:_verify_one - BLND: No short float data from Yahoo or Finviz, dropping (unverified)
2026-07-08 03:02:07 | DEBUG    | shortsqueeze.data:_verify_one - SATA: No short float data from Yahoo or Finviz, dropping (unverified)
2026-07-08 03:02:07 | DEBUG    | shortsqueeze.data:_verify_one - GCTS: No short float data from Yahoo or Finviz, dropping (unverified)
2026-07-08 03:02:08 | DEBUG    | shortsqueeze.data:_verify_one - VXX: No short float data from Yahoo or Finviz, dropping (unverified)
2026-07-08 03:02:08 | DEBUG    | shortsqueeze.data:_verify_one - DEFT: No short float data from Yahoo or Finviz, dropping (unverified)
2026-07-08 03:02:09 | DEBUG    | shortsqueeze.data:_verify_one - GLXG: No short float data from Yahoo or Finviz, dropping (unverified)
2026-07-08 03:02:09 | DEBUG    | shortsqueeze.data:_verify_one - NVDX: No short float data from Yahoo or Finviz, dropping (unverified)
2026-07-08 03:02:09 | DEBUG    | shortsqueeze.data:_verify_one - SHYD: No short float data from Yahoo or Finviz, dropping (unverified)
2026-07-08 03:02:09 | DEBUG    | shortsqueeze.data:_verify_one - HWH: No short float data from Yahoo or Finviz, dropping (unverified)
2026-07-08 03:02:09 | DEBUG    | shortsqueeze.data:_verify_one - WRD: No short float data from Yahoo or Finviz, dropping (unverified)
2026-07-08 03:02:09 | DEBUG    | shortsqueeze.data:_verify_one - HCWB: No short float data from Yahoo or Finviz, dropping (unverified)
2026-07-08 03:02:10 | DEBUG    | shortsqueeze.data:_verify_one - RCRUY: No short float data from Yahoo or Finviz, dropping (unverified)
2026-07-08 03:02:10 | DEBUG    | shortsqueeze.data:_verify_one - QBTX: No short float data from Yahoo or Finviz, dropping (unverified)
2026-07-08 03:02:10 | DEBUG    | shortsqueeze.data:_verify_one - LCDL: No short float data from Yahoo or Finviz, dropping (unverified)
2026-07-08 03:02:10 | DEBUG    | shortsqueeze.data:_verify_one - ORKA: No short float data from Yahoo or Finviz, dropping (unverified)
2026-07-08 03:02:11 | DEBUG    | shortsqueeze.data:_verify_one - ARMG: No short float data from Yahoo or Finviz, dropping (unverified)
2026-07-08 03:02:11 | DEBUG    | shortsqueeze.data:_verify_one - FOTO: No short float data from Yahoo or Finviz, dropping (unverified)
2026-07-08 03:02:11 | DEBUG    | shortsqueeze.data:_verify_one - ALKEF: No short float data from Yahoo or Finviz, dropping (unverified)
2026-07-08 03:02:12 | DEBUG    | shortsqueeze.data:_verify_one - AMD: No short float data from Yahoo or Finviz, dropping (unverified)
2026-07-08 03:02:12 | DEBUG    | shortsqueeze.data:_verify_one - PIIIW: No short float data from Yahoo or Finviz, dropping (unverified)
2026-07-08 03:02:12 | DEBUG    | shortsqueeze.data:_verify_one - NI: No short float data from Yahoo or Finviz, dropping (unverified)
2026-07-08 03:02:13 | DEBUG    | shortsqueeze.data:_verify_one - TSLT: No short float data from Yahoo or Finviz, dropping (unverified)
2026-07-08 03:02:13 | DEBUG    | shortsqueeze.data:_verify_one - PLTD: No short float data from Yahoo or Finviz, dropping (unverified)
2026-07-08 03:02:14 | DEBUG    | shortsqueeze.data:_verify_one - DLXY: No short float data from Yahoo or Finviz, dropping (unverified)
2026-07-08 03:02:14 | DEBUG    | shortsqueeze.data:_verify_one - LIMN: No short float data from Yahoo or Finviz, dropping (unverified)
2026-07-08 03:02:14 | DEBUG    | shortsqueeze.data:_verify_one - ALOY: No short float data from Yahoo or Finviz, dropping (unverified)
2026-07-08 03:02:14 | DEBUG    | shortsqueeze.data:_verify_one - FPE: No short float data from Yahoo or Finviz, dropping (unverified)
2026-07-08 03:02:14 | DEBUG    | shortsqueeze.data:_verify_one - NCIQ: No short float data from Yahoo or Finviz, dropping (unverified)
2026-07-08 03:02:14 | DEBUG    | shortsqueeze.data:_verify_one - URG: No short float data from Yahoo or Finviz, dropping (unverified)
2026-07-08 03:02:15 | DEBUG    | shortsqueeze.data:_verify_one - WB: No short float data from Yahoo or Finviz, dropping (unverified)
2026-07-08 03:02:15 | DEBUG    | shortsqueeze.data:_verify_one - BORR: No short float data from Yahoo or Finviz, dropping (unverified)
2026-07-08 03:02:15 | DEBUG    | shortsqueeze.data:_verify_one - EU: No short float data from Yahoo or Finviz, dropping (unverified)
2026-07-08 03:02:15 | DEBUG    | shortsqueeze.data:_verify_one - RWR: No short float data from Yahoo or Finviz, dropping (unverified)
2026-07-08 03:02:15 | DEBUG    | shortsqueeze.data:_verify_one - INV: No short float data from Yahoo or Finviz, dropping (unverified)
2026-07-08 03:02:15 | DEBUG    | shortsqueeze.data:_verify_one - CORD: No short float data from Yahoo or Finviz, dropping (unverified)
2026-07-08 03:02:16 | DEBUG    | shortsqueeze.data:_verify_one - FTSM: No short float data from Yahoo or Finviz, dropping (unverified)
2026-07-08 03:02:16 | DEBUG    | shortsqueeze.data:_verify_one - IVLU: No short float data from Yahoo or Finviz, dropping (unverified)
2026-07-08 03:02:16 | DEBUG    | shortsqueeze.data:_verify_one - SNDU: No short float data from Yahoo or Finviz, dropping (unverified)
2026-07-08 03:02:16 | DEBUG    | shortsqueeze.data:_verify_one - GLXU: No short float data from Yahoo or Finviz, dropping (unverified)
2026-07-08 03:02:17 | DEBUG    | shortsqueeze.data:_verify_one - GRAN: No short float data from Yahoo or Finviz, dropping (unverified)
2026-07-08 03:02:17 | DEBUG    | shortsqueeze.data:_verify_one - SFL: No short float data from Yahoo or Finviz, dropping (unverified)
2026-07-08 03:02:17 | DEBUG    | shortsqueeze.data:_verify_one - BN: No short float data from Yahoo or Finviz, dropping (unverified)
2026-07-08 03:02:17 | DEBUG    | shortsqueeze.data:_verify_one - ARBE: No short float data from Yahoo or Finviz, dropping (unverified)
2026-07-08 03:02:17 | DEBUG    | shortsqueeze.data:_verify_one - EH: No short float data from Yahoo or Finviz, dropping (unverified)
2026-07-08 03:02:17 | DEBUG    | shortsqueeze.data:_verify_one - SABR: No short float data from Yahoo or Finviz, dropping (unverified)
2026-07-08 03:02:18 | DEBUG    | shortsqueeze.data:_verify_one - NAMI: No short float data from Yahoo or Finviz, dropping (unverified)
2026-07-08 03:02:18 | DEBUG    | shortsqueeze.data:_verify_one - AVGU: No short float data from Yahoo or Finviz, dropping (unverified)
2026-07-08 03:02:18 | DEBUG    | shortsqueeze.data:_verify_one - OPEN: No short float data from Yahoo or Finviz, dropping (unverified)
2026-07-08 03:02:18 | DEBUG    | shortsqueeze.data:_verify_one - LWLG: No short float data from Yahoo or Finviz, dropping (unverified)
2026-07-08 03:02:18 | DEBUG    | shortsqueeze.data:_verify_one - GGT: No short float data from Yahoo or Finviz, dropping (unverified)
2026-07-08 03:02:18 | DEBUG    | shortsqueeze.data:_verify_one - EWG: No short float data from Yahoo or Finviz, dropping (unverified)
2026-07-08 03:02:18 | DEBUG    | shortsqueeze.data:_verify_one - NWGL: No short float data from Yahoo or Finviz, dropping (unverified)
2026-07-08 03:02:19 | DEBUG    | shortsqueeze.data:_verify_one - GSBD: No short float data from Yahoo or Finviz, dropping (unverified)
2026-07-08 03:02:19 | DEBUG    | shortsqueeze.data:_verify_one - BSJU: No short float data from Yahoo or Finviz, dropping (unverified)
2026-07-08 03:02:19 | DEBUG    | shortsqueeze.data:_verify_one - GLL: No short float data from Yahoo or Finviz, dropping (unverified)
2026-07-08 03:02:19 | DEBUG    | shortsqueeze.data:_verify_one - DAPP: No short float data from Yahoo or Finviz, dropping (unverified)
2026-07-08 03:02:19 | DEBUG    | shortsqueeze.data:_verify_one - HUBCW: No short float data from Yahoo or Finviz, dropping (unverified)
2026-07-08 03:02:19 | DEBUG    | shortsqueeze.data:_verify_one - ALAB: No short float data from Yahoo or Finviz, dropping (unverified)
2026-07-08 03:02:19 | DEBUG    | shortsqueeze.data:_verify_one - ELAB: No short float data from Yahoo or Finviz, dropping (unverified)
2026-07-08 03:02:20 | DEBUG    | shortsqueeze.data:_verify_one - NVO: No short float data from Yahoo or Finviz, dropping (unverified)
2026-07-08 03:02:20 | DEBUG    | shortsqueeze.data:_verify_one - TECK: No short float data from Yahoo or Finviz, dropping (unverified)
2026-07-08 03:02:20 | DEBUG    | shortsqueeze.data:_verify_one - CSAN: No short float data from Yahoo or Finviz, dropping (unverified)
2026-07-08 03:02:20 | DEBUG    | shortsqueeze.data:_verify_one - SATL: No short float data from Yahoo or Finviz, dropping (unverified)
2026-07-08 03:02:21 | DEBUG    | shortsqueeze.data:_verify_one - GNT: No short float data from Yahoo or Finviz, dropping (unverified)
2026-07-08 03:02:21 | DEBUG    | shortsqueeze.data:_verify_one - SCHR: No short float data from Yahoo or Finviz, dropping (unverified)
2026-07-08 03:02:21 | DEBUG    | shortsqueeze.data:_verify_one - JZXN: No short float data from Yahoo or Finviz, dropping (unverified)
2026-07-08 03:02:21 | DEBUG    | shortsqueeze.data:_verify_one - CAE: No short float data from Yahoo or Finviz, dropping (unverified)
2026-07-08 03:02:21 | DEBUG    | shortsqueeze.data:_verify_one - IVCTF: No short float data from Yahoo or Finviz, dropping (unverified)
2026-07-08 03:02:21 | DEBUG    | shortsqueeze.data:_verify_one - YXT: No short float data from Yahoo or Finviz, dropping (unverified)
2026-07-08 03:02:22 | DEBUG    | shortsqueeze.data:_verify_one - STEX: No short float data from Yahoo or Finviz, dropping (unverified)
2026-07-08 03:02:22 | DEBUG    | shortsqueeze.data:_verify_one - OPAD: No short float data from Yahoo or Finviz, dropping (unverified)
2026-07-08 03:02:22 | DEBUG    | shortsqueeze.data:_verify_one - DWSH: No short float data from Yahoo or Finviz, dropping (unverified)
2026-07-08 03:02:22 | DEBUG    | shortsqueeze.data:_verify_one - FTRAU: No short float data from Yahoo or Finviz, dropping (unverified)
2026-07-08 03:02:22 | DEBUG    | shortsqueeze.data:_verify_one - OTEX: No short float data from Yahoo or Finviz, dropping (unverified)
2026-07-08 03:02:22 | DEBUG    | shortsqueeze.data:_verify_one - BMGL: No short float data from Yahoo or Finviz, dropping (unverified)
2026-07-08 03:02:22 | DEBUG    | shortsqueeze.data:_verify_one - AZMCF: No short float data from Yahoo or Finviz, dropping (unverified)
2026-07-08 03:02:23 | DEBUG    | shortsqueeze.data:_verify_one - SHNY: No short float data from Yahoo or Finviz, dropping (unverified)
2026-07-08 03:02:23 | DEBUG    | shortsqueeze.data:_verify_one - BABA: No short float data from Yahoo or Finviz, dropping (unverified)
2026-07-08 03:02:23 | DEBUG    | shortsqueeze.data:_verify_one - SOLT: No short float data from Yahoo or Finviz, dropping (unverified)
2026-07-08 03:02:23 | DEBUG    | shortsqueeze.data:_verify_one - MSBT: No short float data from Yahoo or Finviz, dropping (unverified)
2026-07-08 03:02:24 | DEBUG    | shortsqueeze.data:_verify_one - VGK: No short float data from Yahoo or Finviz, dropping (unverified)
2026-07-08 03:02:24 | DEBUG    | shortsqueeze.data:_verify_one - OMH: No short float data from Yahoo or Finviz, dropping (unverified)
2026-07-08 03:02:24 | DEBUG    | shortsqueeze.data:_verify_one - KDDIY: No short float data from Yahoo or Finviz, dropping (unverified)
2026-07-08 03:02:24 | DEBUG    | shortsqueeze.data:_verify_one - NBIL: No short float data from Yahoo or Finviz, dropping (unverified)
2026-07-08 03:02:25 | DEBUG    | shortsqueeze.data:_verify_one - SRFM: No short float data from Yahoo or Finviz, dropping (unverified)
2026-07-08 03:02:25 | DEBUG    | shortsqueeze.data:_verify_one - BOIL: No short float data from Yahoo or Finviz, dropping (unverified)
2026-07-08 03:02:25 | DEBUG    | shortsqueeze.data:_verify_one - OCS: No short float data from Yahoo or Finviz, dropping (unverified)
2026-07-08 03:02:25 | DEBUG    | shortsqueeze.data:_verify_one - WISE: No short float data from Yahoo or Finviz, dropping (unverified)
2026-07-08 03:02:25 | DEBUG    | shortsqueeze.data:_verify_one - HBMX: No short float data from Yahoo or Finviz, dropping (unverified)
2026-07-08 03:02:25 | DEBUG    | shortsqueeze.data:_verify_one - PALU: No short float data from Yahoo or Finviz, dropping (unverified)
2026-07-08 03:02:25 | DEBUG    | shortsqueeze.data:_verify_one - TRUFF: No short float data from Yahoo or Finviz, dropping (unverified)
2026-07-08 03:02:26 | DEBUG    | shortsqueeze.data:_verify_one - NXXT: No short float data from Yahoo or Finviz, dropping (unverified)
2026-07-08 03:02:26 | DEBUG    | shortsqueeze.data:_verify_one - IBB: No short float data from Yahoo or Finviz, dropping (unverified)
2026-07-08 03:02:26 | DEBUG    | shortsqueeze.data:_verify_one - BCE: No short float data from Yahoo or Finviz, dropping (unverified)
2026-07-08 03:02:27 | DEBUG    | shortsqueeze.data:_verify_one - SOLZ: No short float data from Yahoo or Finviz, dropping (unverified)
2026-07-08 03:02:27 | DEBUG    | shortsqueeze.data:_verify_one - GOVI: No short float data from Yahoo or Finviz, dropping (unverified)
2026-07-08 03:02:27 | DEBUG    | shortsqueeze.data:_verify_one - FWDI: No short float data from Yahoo or Finviz, dropping (unverified)
2026-07-08 03:02:27 | DEBUG    | shortsqueeze.data:_verify_one - GMEU: No short float data from Yahoo or Finviz, dropping (unverified)
2026-07-08 03:02:27 | DEBUG    | shortsqueeze.data:_verify_one - MAXXF: No short float data from Yahoo or Finviz, dropping (unverified)
2026-07-08 03:02:27 | DEBUG    | shortsqueeze.data:_verify_one - CODX: No short float data from Yahoo or Finviz, dropping (unverified)
2026-07-08 03:02:28 | DEBUG    | shortsqueeze.data:_verify_one - XCEM: No short float data from Yahoo or Finviz, dropping (unverified)
2026-07-08 03:02:28 | DEBUG    | shortsqueeze.data:_verify_one - UJUN: No short float data from Yahoo or Finviz, dropping (unverified)
2026-07-08 03:02:28 | DEBUG    | shortsqueeze.data:_verify_one - DTEGY: No short float data from Yahoo or Finviz, dropping (unverified)
2026-07-08 03:02:28 | DEBUG    | shortsqueeze.data:_verify_one - NFLU: No short float data from Yahoo or Finviz, dropping (unverified)
2026-07-08 03:02:28 | DEBUG    | shortsqueeze.data:_verify_one - FITZ: No short float data from Yahoo or Finviz, dropping (unverified)
2026-07-08 03:02:28 | DEBUG    | shortsqueeze.data:_verify_one - LFS: No short float data from Yahoo or Finviz, dropping (unverified)
2026-07-08 03:02:28 | DEBUG    | shortsqueeze.data:_verify_one - HAO: No short float data from Yahoo or Finviz, dropping (unverified)
2026-07-08 03:02:29 | DEBUG    | shortsqueeze.data:_verify_one - FANCF: No short float data from Yahoo or Finviz, dropping (unverified)
2026-07-08 03:02:29 | DEBUG    | shortsqueeze.data:_verify_one - ITB: No short float data from Yahoo or Finviz, dropping (unverified)
2026-07-08 03:02:29 | DEBUG    | shortsqueeze.data:_verify_one - TINY: No short float data from Yahoo or Finviz, dropping (unverified)
2026-07-08 03:02:30 | DEBUG    | shortsqueeze.data:_verify_one - SKYQ: No short float data from Yahoo or Finviz, dropping (unverified)
2026-07-08 03:02:30 | DEBUG    | shortsqueeze.data:_verify_one - LULU: No short float data from Yahoo or Finviz, dropping (unverified)
2026-07-08 03:02:30 | DEBUG    | shortsqueeze.data:_verify_one - IYR: No short float data from Yahoo or Finviz, dropping (unverified)
2026-07-08 03:02:31 | DEBUG    | shortsqueeze.data:_verify_one - SKYE: No short float data from Yahoo or Finviz, dropping (unverified)
2026-07-08 03:02:31 | DEBUG    | shortsqueeze.data:_verify_one - EQPT: No short float data from Yahoo or Finviz, dropping (unverified)
2026-07-08 03:02:31 | DEBUG    | shortsqueeze.data:_verify_one - ZSL: No short float data from Yahoo or Finviz, dropping (unverified)
2026-07-08 03:02:31 | DEBUG    | shortsqueeze.data:_verify_one - VTEB: No short float data from Yahoo or Finviz, dropping (unverified)
2026-07-08 03:02:31 | DEBUG    | shortsqueeze.data:_verify_one - ICL: No short float data from Yahoo or Finviz, dropping (unverified)
2026-07-08 03:02:31 | DEBUG    | shortsqueeze.data:_verify_one - AXXA: No short float data from Yahoo or Finviz, dropping (unverified)
2026-07-08 03:02:31 | DEBUG    | shortsqueeze.data:_verify_one - SPRE: No short float data from Yahoo or Finviz, dropping (unverified)
2026-07-08 03:02:32 | DEBUG    | shortsqueeze.data:_verify_one - USBC: No short float data from Yahoo or Finviz, dropping (unverified)
2026-07-08 03:02:32 | DEBUG    | shortsqueeze.data:_verify_one - LIQT: No short float data from Yahoo or Finviz, dropping (unverified)
2026-07-08 03:02:32 | DEBUG    | shortsqueeze.data:_verify_one - BKDV: No short float data from Yahoo or Finviz, dropping (unverified)
2026-07-08 03:02:32 | DEBUG    | shortsqueeze.data:_verify_one - SHMD: No short float data from Yahoo or Finviz, dropping (unverified)
2026-07-08 03:02:33 | DEBUG    | shortsqueeze.data:_verify_one - WFAFY: No short float data from Yahoo or Finviz, dropping (unverified)
2026-07-08 03:02:33 | DEBUG    | shortsqueeze.data:_verify_one - PATN: No short float data from Yahoo or Finviz, dropping (unverified)
2026-07-08 03:02:33 | DEBUG    | shortsqueeze.data:_verify_one - LAR: No short float data from Yahoo or Finviz, dropping (unverified)
2026-07-08 03:02:33 | DEBUG    | shortsqueeze.data:_verify_one - LABD: No short float data from Yahoo or Finviz, dropping (unverified)
2026-07-08 03:02:33 | DEBUG    | shortsqueeze.data:_verify_one - ENHA: No short float data from Yahoo or Finviz, dropping (unverified)
2026-07-08 03:02:34 | DEBUG    | shortsqueeze.data:_verify_one - GXPT: No short float data from Yahoo or Finviz, dropping (unverified)
2026-07-08 03:02:34 | DEBUG    | shortsqueeze.data:_verify_one - JTEK: No short float data from Yahoo or Finviz, dropping (unverified)
2026-07-08 03:02:34 | DEBUG    | shortsqueeze.data:_verify_one - UNHG: No short float data from Yahoo or Finviz, dropping (unverified)
2026-07-08 03:02:34 | DEBUG    | shortsqueeze.data:_verify_one - BDYN: No short float data from Yahoo or Finviz, dropping (unverified)
2026-07-08 03:02:34 | DEBUG    | shortsqueeze.data:_verify_one - MBOT: No short float data from Yahoo or Finviz, dropping (unverified)
2026-07-08 03:02:34 | DEBUG    | shortsqueeze.data:_verify_one - BIZD: No short float data from Yahoo or Finviz, dropping (unverified)
2026-07-08 03:02:34 | DEBUG    | shortsqueeze.data:_verify_one - NLST: No short float data from Yahoo or Finviz, dropping (unverified)
2026-07-08 03:02:35 | DEBUG    | shortsqueeze.data:_verify_one - MRVL: No short float data from Yahoo or Finviz, dropping (unverified)
2026-07-08 03:02:35 | DEBUG    | shortsqueeze.data:_verify_one - NSPR: No short float data from Yahoo or Finviz, dropping (unverified)
2026-07-08 03:02:35 | DEBUG    | shortsqueeze.data:_verify_one - PZA: No short float data from Yahoo or Finviz, dropping (unverified)
2026-07-08 03:02:36 | DEBUG    | shortsqueeze.data:_verify_one - KALV: No short float data from Yahoo or Finviz, dropping (unverified)
2026-07-08 03:02:36 | DEBUG    | shortsqueeze.data:_verify_one - MODL: No short float data from Yahoo or Finviz, dropping (unverified)
2026-07-08 03:02:36 | DEBUG    | shortsqueeze.data:_verify_one - TNA: No short float data from Yahoo or Finviz, dropping (unverified)
2026-07-08 03:02:36 | DEBUG    | shortsqueeze.data:_verify_one - UCO: No short float data from Yahoo or Finviz, dropping (unverified)
2026-07-08 03:02:36 | DEBUG    | shortsqueeze.data:_verify_one - HIRU: No short float data from Yahoo or Finviz, dropping (unverified)
2026-07-08 03:02:36 | DEBUG    | shortsqueeze.data:_verify_one - RPGL: No short float data from Yahoo or Finviz, dropping (unverified)
2026-07-08 03:02:37 | DEBUG    | shortsqueeze.data:_verify_one - DSVSF: No short float data from Yahoo or Finviz, dropping (unverified)
2026-07-08 03:02:37 | DEBUG    | shortsqueeze.data:_verify_one - AMDD: No short float data from Yahoo or Finviz, dropping (unverified)
2026-07-08 03:02:37 | DEBUG    | shortsqueeze.data:_verify_one - MO: No short float data from Yahoo or Finviz, dropping (unverified)
2026-07-08 03:02:37 | DEBUG    | shortsqueeze.data:_verify_one - GDX: No short float data from Yahoo or Finviz, dropping (unverified)
2026-07-08 03:02:37 | DEBUG    | shortsqueeze.data:_verify_one - MTA: No short float data from Yahoo or Finviz, dropping (unverified)
2026-07-08 03:02:37 | DEBUG    | shortsqueeze.data:_verify_one - FEBZ: No short float data from Yahoo or Finviz, dropping (unverified)
2026-07-08 03:02:37 | DEBUG    | shortsqueeze.data:_verify_one - GGDCF: No short float data from Yahoo or Finviz, dropping (unverified)
2026-07-08 03:02:38 | DEBUG    | shortsqueeze.data:_verify_one - UAVS: No short float data from Yahoo or Finviz, dropping (unverified)
2026-07-08 03:02:38 | DEBUG    | shortsqueeze.data:_verify_one - BNRG: No short float data from Yahoo or Finviz, dropping (unverified)
2026-07-08 03:02:38 | DEBUG    | shortsqueeze.data:_verify_one - AZTR: No short float data from Yahoo or Finviz, dropping (unverified)
2026-07-08 03:02:39 | DEBUG    | shortsqueeze.data:_verify_one - CEGX: No short float data from Yahoo or Finviz, dropping (unverified)
2026-07-08 03:02:39 | DEBUG    | shortsqueeze.data:_verify_one - VSA: No short float data from Yahoo or Finviz, dropping (unverified)
2026-07-08 03:02:39 | DEBUG    | shortsqueeze.data:_verify_one - ABAT: No short float data from Yahoo or Finviz, dropping (unverified)
2026-07-08 03:02:39 | DEBUG    | shortsqueeze.data:_verify_one - FIGR: No short float data from Yahoo or Finviz, dropping (unverified)
2026-07-08 03:02:39 | DEBUG    | shortsqueeze.data:_verify_one - MSOX: No short float data from Yahoo or Finviz, dropping (unverified)
2026-07-08 03:02:39 | DEBUG    | shortsqueeze.data:_verify_one - QPUX: No short float data from Yahoo or Finviz, dropping (unverified)
2026-07-08 03:02:40 | DEBUG    | shortsqueeze.data:_verify_one - NBLXF: No short float data from Yahoo or Finviz, dropping (unverified)
2026-07-08 03:02:40 | DEBUG    | shortsqueeze.data:_verify_one - SPXS: No short float data from Yahoo or Finviz, dropping (unverified)
2026-07-08 03:02:40 | DEBUG    | shortsqueeze.data:_verify_one - SAUHY: No short float data from Yahoo or Finviz, dropping (unverified)
2026-07-08 03:02:40 | DEBUG    | shortsqueeze.data:_verify_one - AVCNF: No short float data from Yahoo or Finviz, dropping (unverified)
2026-07-08 03:02:40 | DEBUG    | shortsqueeze.data:_verify_one - CIB: No short float data from Yahoo or Finviz, dropping (unverified)
2026-07-08 03:02:40 | DEBUG    | shortsqueeze.data:_verify_one - MYO: No short float data from Yahoo or Finviz, dropping (unverified)
2026-07-08 03:02:41 | DEBUG    | shortsqueeze.data:_verify_one - MSOS: No short float data from Yahoo or Finviz, dropping (unverified)
2026-07-08 03:02:41 | DEBUG    | shortsqueeze.data:_verify_one - RETL: No short float data from Yahoo or Finviz, dropping (unverified)
2026-07-08 03:02:41 | DEBUG    | shortsqueeze.data:_verify_one - TMSL: No short float data from Yahoo or Finviz, dropping (unverified)
2026-07-08 03:02:41 | DEBUG    | shortsqueeze.data:_verify_one - VLRS: No short float data from Yahoo or Finviz, dropping (unverified)
2026-07-08 03:02:42 | DEBUG    | shortsqueeze.data:_verify_one - KMB: No short float data from Yahoo or Finviz, dropping (unverified)
2026-07-08 03:02:42 | DEBUG    | shortsqueeze.data:_verify_one - AGQ: No short float data from Yahoo or Finviz, dropping (unverified)
2026-07-08 03:02:42 | DEBUG    | shortsqueeze.data:_verify_one - JHLN: No short float data from Yahoo or Finviz, dropping (unverified)
2026-07-08 03:02:42 | DEBUG    | shortsqueeze.data:_verify_one - LUCRF: No short float data from Yahoo or Finviz, dropping (unverified)
2026-07-08 03:02:42 | DEBUG    | shortsqueeze.data:_verify_one - HTCO: No short float data from Yahoo or Finviz, dropping (unverified)
2026-07-08 03:02:42 | DEBUG    | shortsqueeze.data:_verify_one - GASNY: No short float data from Yahoo or Finviz, dropping (unverified)
2026-07-08 03:02:43 | DEBUG    | shortsqueeze.data:_verify_one - ZNB: No short float data from Yahoo or Finviz, dropping (unverified)
2026-07-08 03:02:43 | DEBUG    | shortsqueeze.data:_verify_one - EVMT: No short float data from Yahoo or Finviz, dropping (unverified)
2026-07-08 03:02:43 | DEBUG    | shortsqueeze.data:_verify_one - LTRYW: No short float data from Yahoo or Finviz, dropping (unverified)
2026-07-08 03:02:43 | DEBUG    | shortsqueeze.data:_verify_one - SHPU: No short float data from Yahoo or Finviz, dropping (unverified)
2026-07-08 03:02:43 | DEBUG    | shortsqueeze.data:_verify_one - RAAX: No short float data from Yahoo or Finviz, dropping (unverified)
2026-07-08 03:02:44 | DEBUG    | shortsqueeze.data:_verify_one - ACCL: No short float data from Yahoo or Finviz, dropping (unverified)
2026-07-08 03:02:44 | DEBUG    | shortsqueeze.data:_verify_one - LITZ: No short float data from Yahoo or Finviz, dropping (unverified)
2026-07-08 03:02:44 | DEBUG    | shortsqueeze.data:_verify_one - FTMA: No short float data from Yahoo or Finviz, dropping (unverified)
2026-07-08 03:02:44 | DEBUG    | shortsqueeze.data:_verify_one - KITT: No short float data from Yahoo or Finviz, dropping (unverified)
2026-07-08 03:02:44 | DEBUG    | shortsqueeze.data:_verify_one - DSEAF: No short float data from Yahoo or Finviz, dropping (unverified)
2026-07-08 03:02:45 | DEBUG    | shortsqueeze.data:_verify_one - CPSU: No short float data from Yahoo or Finviz, dropping (unverified)
2026-07-08 03:02:45 | DEBUG    | shortsqueeze.data:_verify_one - EDGF: No short float data from Yahoo or Finviz, dropping (unverified)
2026-07-08 03:02:45 | DEBUG    | shortsqueeze.data:_verify_one - GHVNF: No short float data from Yahoo or Finviz, dropping (unverified)
2026-07-08 03:02:45 | DEBUG    | shortsqueeze.data:_verify_one - SNN: No short float data from Yahoo or Finviz, dropping (unverified)
2026-07-08 03:02:45 | DEBUG    | shortsqueeze.data:_verify_one - UEC: No short float data from Yahoo or Finviz, dropping (unverified)
2026-07-08 03:02:45 | DEBUG    | shortsqueeze.data:_verify_one - CSWC: No short float data from Yahoo or Finviz, dropping (unverified)
2026-07-08 03:02:46 | DEBUG    | shortsqueeze.data:_verify_one - LFTO: No short float data from Yahoo or Finviz, dropping (unverified)
2026-07-08 03:02:46 | DEBUG    | shortsqueeze.data:_verify_one - BHYP: No short float data from Yahoo or Finviz, dropping (unverified)
2026-07-08 03:02:46 | DEBUG    | shortsqueeze.data:_verify_one - MSTY: No short float data from Yahoo or Finviz, dropping (unverified)
2026-07-08 03:02:46 | INFO     | shortsqueeze.data:_verify_with_yahoo - Dropped 584 candidates during verification (unverified or missing price)
2026-07-08 03:02:46 | INFO     | shortsqueeze.data:get_squeeze_candidates - Final watchlist: 146 verified squeeze candidates
2026-07-08 03:02:46 | DEBUG    | shortsqueeze.universe:_apply_filters_no_price - Filtered from 146 to 112 candidates (before price split)
2026-07-08 03:02:46 | INFO     | shortsqueeze.universe:save_watchlists - Saved watchlists: 88 quality ($5+), 22 speculative (<$5)
2026-07-08 03:02:46 | INFO     | shortsqueeze.universe:refresh_watchlist - Watchlists refreshed: 88 quality ($5+), 22 speculative ($1.0-$5.0)
2026-07-08 03:02:46 | INFO     | shortsqueeze.bot:_refresh_watchlist - Watchlist refreshed: 110 candidates
2026-07-08 03:04:44 | DEBUG    | shortsqueeze.bot:_run_scan - Market closed, skipping scan
2026-07-08 03:09:44 | DEBUG    | shortsqueeze.bot:_run_scan - Market closed, skipping scan
2026-07-08 03:14:44 | DEBUG    | shortsqueeze.bot:_run_scan - Market closed, skipping scan
2026-07-08 03:19:44 | DEBUG    | shortsqueeze.bot:_run_scan - Market closed, skipping scan
2026-07-08 03:24:44 | DEBUG    | shortsqueeze.bot:_run_scan - Market closed, skipping scan
2026-07-08 03:29:44 | DEBUG    | shortsqueeze.bot:_run_scan - Market closed, skipping scan
2026-07-08 03:34:44 | DEBUG    | shortsqueeze.bot:_run_scan - Market closed, skipping scan
2026-07-08 03:39:44 | DEBUG    | shortsqueeze.bot:_run_scan - Market closed, skipping scan
2026-07-08 03:44:44 | DEBUG    | shortsqueeze.bot:_run_scan - Market closed, skipping scan
2026-07-08 03:49:44 | DEBUG    | shortsqueeze.bot:_run_scan - Market closed, skipping scan
2026-07-08 03:54:44 | DEBUG    | shortsqueeze.bot:_run_scan - Market closed, skipping scan
2026-07-08 03:59:44 | DEBUG    | shortsqueeze.bot:_run_scan - Market closed, skipping scan
2026-07-08 04:04:44 | DEBUG    | shortsqueeze.bot:_run_scan - Market closed, skipping scan
2026-07-08 04:09:44 | DEBUG    | shortsqueeze.bot:_run_scan - Market closed, skipping scan
2026-07-08 04:14:44 | DEBUG    | shortsqueeze.bot:_run_scan - Market closed, skipping scan
2026-07-08 04:19:44 | DEBUG    | shortsqueeze.bot:_run_scan - Market closed, skipping scan
2026-07-08 04:24:44 | DEBUG    | shortsqueeze.bot:_run_scan - Market closed, skipping scan
2026-07-08 04:29:44 | DEBUG    | shortsqueeze.bot:_run_scan - Market closed, skipping scan
2026-07-08 04:34:44 | DEBUG    | shortsqueeze.bot:_run_scan - Market closed, skipping scan
2026-07-08 04:39:44 | DEBUG    | shortsqueeze.bot:_run_scan - Market closed, skipping scan
2026-07-08 04:44:44 | DEBUG    | shortsqueeze.bot:_run_scan - Market closed, skipping scan
2026-07-08 04:49:44 | DEBUG    | shortsqueeze.bot:_run_scan - Market closed, skipping scan
2026-07-08 04:54:44 | DEBUG    | shortsqueeze.bot:_run_scan - Market closed, skipping scan
2026-07-08 04:59:44 | DEBUG    | shortsqueeze.bot:_run_scan - Market closed, skipping scan
2026-07-08 05:04:44 | DEBUG    | shortsqueeze.bot:_run_scan - Market closed, skipping scan
2026-07-08 05:09:44 | DEBUG    | shortsqueeze.bot:_run_scan - Market closed, skipping scan
2026-07-08 05:14:44 | DEBUG    | shortsqueeze.bot:_run_scan - Market closed, skipping scan
2026-07-08 05:19:44 | DEBUG    | shortsqueeze.bot:_run_scan - Market closed, skipping scan
2026-07-08 05:24:44 | DEBUG    | shortsqueeze.bot:_run_scan - Market closed, skipping scan
2026-07-08 05:29:44 | DEBUG    | shortsqueeze.bot:_run_scan - Market closed, skipping scan
2026-07-08 05:34:44 | DEBUG    | shortsqueeze.bot:_run_scan - Market closed, skipping scan
2026-07-08 05:39:44 | DEBUG    | shortsqueeze.bot:_run_scan - Market closed, skipping scan
2026-07-08 05:44:44 | DEBUG    | shortsqueeze.bot:_run_scan - Market closed, skipping scan
2026-07-08 05:49:44 | DEBUG    | shortsqueeze.bot:_run_scan - Market closed, skipping scan
2026-07-08 05:54:44 | DEBUG    | shortsqueeze.bot:_run_scan - Market closed, skipping scan
2026-07-08 05:59:44 | DEBUG    | shortsqueeze.bot:_run_scan - Market closed, skipping scan
2026-07-08 06:04:44 | DEBUG    | shortsqueeze.bot:_run_scan - Market closed, skipping scan
2026-07-08 06:09:44 | DEBUG    | shortsqueeze.bot:_run_scan - Market closed, skipping scan
2026-07-08 06:14:44 | DEBUG    | shortsqueeze.bot:_run_scan - Market closed, skipping scan
2026-07-08 06:19:44 | DEBUG    | shortsqueeze.bot:_run_scan - Market closed, skipping scan
2026-07-08 06:24:44 | DEBUG    | shortsqueeze.bot:_run_scan - Market closed, skipping scan
2026-07-08 06:29:44 | DEBUG    | shortsqueeze.bot:_run_scan - Market closed, skipping scan
2026-07-08 06:30:45 | INFO     | shortsqueeze.bot:_log_portfolio_snapshot - Portfolio 5/5: FIG -2.6% (0d) | KALV +1.0% (0d) | OCGN +11.4% (0d) | SBH +4.8% (0d) | WULF +9.2% (0d)
2026-07-08 06:34:44 | INFO     | shortsqueeze.bot:_run_scan - Running intraday scan...
2026-07-08 06:34:45 | INFO     | shortsqueeze.bot:_run_scan - Max positions (5) reached. Skipping scan.
2026-07-08 06:39:44 | INFO     | shortsqueeze.bot:_run_scan - Running intraday scan...
2026-07-08 06:39:45 | INFO     | shortsqueeze.bot:_run_scan - Max positions (5) reached. Skipping scan.
2026-07-08 06:44:44 | INFO     | shortsqueeze.bot:_run_scan - Running intraday scan...
2026-07-08 06:44:45 | INFO     | shortsqueeze.bot:_run_scan - Max positions (5) reached. Skipping scan.
2026-07-08 06:49:44 | INFO     | shortsqueeze.bot:_run_scan - Running intraday scan...
2026-07-08 06:49:45 | INFO     | shortsqueeze.bot:_run_scan - Max positions (5) reached. Skipping scan.
2026-07-08 06:54:44 | INFO     | shortsqueeze.bot:_run_scan - Running intraday scan...
2026-07-08 06:54:45 | INFO     | shortsqueeze.bot:_run_scan - Max positions (5) reached. Skipping scan.
2026-07-08 06:59:44 | INFO     | shortsqueeze.bot:_run_scan - Running intraday scan...
2026-07-08 06:59:45 | INFO     | shortsqueeze.bot:_run_scan - Max positions (5) reached. Skipping scan.
2026-07-08 07:04:44 | INFO     | shortsqueeze.bot:_run_scan - Running intraday scan...
2026-07-08 07:04:45 | INFO     | shortsqueeze.bot:_run_scan - Max positions (5) reached. Skipping scan.
2026-07-08 07:09:44 | INFO     | shortsqueeze.bot:_run_scan - Running intraday scan...
2026-07-08 07:09:45 | INFO     | shortsqueeze.bot:_run_scan - Max positions (5) reached. Skipping scan.
2026-07-08 07:14:44 | INFO     | shortsqueeze.bot:_run_scan - Running intraday scan...
2026-07-08 07:14:45 | INFO     | shortsqueeze.bot:_run_scan - Max positions (5) reached. Skipping scan.
2026-07-08 07:19:44 | INFO     | shortsqueeze.bot:_run_scan - Running intraday scan...
2026-07-08 07:19:45 | INFO     | shortsqueeze.bot:_run_scan - Max positions (5) reached. Skipping scan.
2026-07-08 07:24:44 | INFO     | shortsqueeze.bot:_run_scan - Running intraday scan...
2026-07-08 07:24:45 | INFO     | shortsqueeze.bot:_run_scan - Max positions (5) reached. Skipping scan.
2026-07-08 07:29:44 | INFO     | shortsqueeze.bot:_run_scan - Running intraday scan...
2026-07-08 07:29:45 | INFO     | shortsqueeze.bot:_run_scan - Max positions (5) reached. Skipping scan.
2026-07-08 07:31:45 | INFO     | shortsqueeze.bot:_log_portfolio_snapshot - Portfolio 5/5: FIG -4.1% (1d) | KALV +1.0% (0d) | OCGN +13.3% (0d) | SBH +3.6% (0d) | WULF +16.0% (0d)
2026-07-08 07:34:44 | INFO     | shortsqueeze.bot:_run_scan - Running intraday scan...
2026-07-08 07:34:45 | INFO     | shortsqueeze.bot:_run_scan - Max positions (5) reached. Skipping scan.
2026-07-08 07:39:44 | INFO     | shortsqueeze.bot:_run_scan - Running intraday scan...
2026-07-08 07:39:45 | INFO     | shortsqueeze.bot:_run_scan - Max positions (5) reached. Skipping scan.
2026-07-08 07:44:44 | INFO     | shortsqueeze.bot:_run_scan - Running intraday scan...
2026-07-08 07:44:45 | INFO     | shortsqueeze.bot:_run_scan - Max positions (5) reached. Skipping scan.
2026-07-08 07:49:44 | INFO     | shortsqueeze.bot:_run_scan - Running intraday scan...
2026-07-08 07:49:45 | INFO     | shortsqueeze.bot:_run_scan - Max positions (5) reached. Skipping scan.
2026-07-08 07:54:44 | INFO     | shortsqueeze.bot:_run_scan - Running intraday scan...
2026-07-08 07:54:45 | INFO     | shortsqueeze.bot:_run_scan - Max positions (5) reached. Skipping scan.
2026-07-08 07:59:44 | INFO     | shortsqueeze.bot:_run_scan - Running intraday scan...
2026-07-08 07:59:45 | INFO     | shortsqueeze.bot:_run_scan - Max positions (5) reached. Skipping scan.
2026-07-08 08:04:44 | INFO     | shortsqueeze.bot:_run_scan - Running intraday scan...
2026-07-08 08:04:45 | INFO     | shortsqueeze.bot:_run_scan - Max positions (5) reached. Skipping scan.
2026-07-08 08:09:44 | INFO     | shortsqueeze.bot:_run_scan - Running intraday scan...
2026-07-08 08:09:45 | INFO     | shortsqueeze.bot:_run_scan - Max positions (5) reached. Skipping scan.
2026-07-08 08:14:44 | INFO     | shortsqueeze.bot:_run_scan - Running intraday scan...
2026-07-08 08:14:45 | INFO     | shortsqueeze.bot:_run_scan - Max positions (5) reached. Skipping scan.
2026-07-08 08:19:44 | INFO     | shortsqueeze.bot:_run_scan - Running intraday scan...
2026-07-08 08:19:45 | INFO     | shortsqueeze.bot:_run_scan - Max positions (5) reached. Skipping scan.
2026-07-08 08:24:44 | INFO     | shortsqueeze.bot:_run_scan - Running intraday scan...
2026-07-08 08:24:45 | INFO     | shortsqueeze.bot:_run_scan - Max positions (5) reached. Skipping scan.
2026-07-08 08:29:44 | INFO     | shortsqueeze.bot:_run_scan - Running intraday scan...
2026-07-08 08:29:45 | INFO     | shortsqueeze.bot:_run_scan - Max positions (5) reached. Skipping scan.
2026-07-08 08:32:45 | INFO     | shortsqueeze.bot:_log_portfolio_snapshot - Portfolio 5/5: FIG -4.1% (1d) | KALV +1.0% (0d) | OCGN +12.1% (0d) | SBH +2.9% (0d) | WULF +12.7% (0d)
2026-07-08 08:34:44 | INFO     | shortsqueeze.bot:_run_scan - Running intraday scan...
2026-07-08 08:34:45 | INFO     | shortsqueeze.bot:_run_scan - Max positions (5) reached. Skipping scan.
2026-07-08 08:39:44 | INFO     | shortsqueeze.bot:_run_scan - Running intraday scan...
2026-07-08 08:39:45 | INFO     | shortsqueeze.bot:_run_scan - Max positions (5) reached. Skipping scan.
2026-07-08 08:44:44 | INFO     | shortsqueeze.bot:_run_scan - Running intraday scan...
2026-07-08 08:44:45 | INFO     | shortsqueeze.bot:_run_scan - Max positions (5) reached. Skipping scan.
2026-07-08 08:45:45 | INFO     | shortsqueeze.bot:_monitor_positions - Exit signal for WULF: Trailing stop triggered (-5.2% from high)
2026-07-08 08:45:46 | INFO     | shortsqueeze.broker.alpaca_trader:close_position - Submitted close: SELL 48 WULF
2026-07-08 08:46:45 | DEBUG    | shortsqueeze.bot:_update_position_tracking - WULF: position closed; re-entry cooldown started (60min)
2026-07-08 08:49:44 | INFO     | shortsqueeze.bot:_run_scan - Running intraday scan...
2026-07-08 08:49:45 | INFO     | shortsqueeze.signals:scan_watchlist - Scanning 110 stocks from watchlist...
2026-07-08 08:49:55 | DEBUG    | shortsqueeze.signals:scan_stock - GRPN: price=$27.23, prev_close=$26.85 (source: yahoo)
2026-07-08 08:49:56 | DEBUG    | shortsqueeze.signals:scan_stock - GRPN: Yahoo 1-min volume=507,046
2026-07-08 08:49:56 | DEBUG    | shortsqueeze.signals:scan_stock - GRPN: No signal - price=False (+1.4%, need +5.0%), vol=False (ratio=0.9x, need 3.0x, src=yahoo_intraday), vwap=True ($27.23 vs VWAP $26.98), squeeze=True, mom=True (mom_val=6.43)
2026-07-08 08:49:57 | DEBUG    | shortsqueeze.signals:scan_stock - METC: price=$12.05, prev_close=$12.16 (source: yahoo)
2026-07-08 08:49:57 | DEBUG    | shortsqueeze.signals:scan_stock - METC: Yahoo 1-min volume=436,791
2026-07-08 08:49:57 | DEBUG    | shortsqueeze.signals:scan_stock - METC: No signal - price=False (-0.9%, need +5.0%), vol=False (ratio=0.8x, need 3.0x, src=yahoo_intraday), vwap=True ($12.05 vs VWAP $11.81), squeeze=True, mom=False (mom_val=-2.05)
2026-07-08 08:49:58 | DEBUG    | shortsqueeze.signals:scan_stock - REPL: price=$11.11, prev_close=$11.51 (source: yahoo)
2026-07-08 08:49:59 | DEBUG    | shortsqueeze.signals:scan_stock - REPL: Yahoo 1-min volume=1,011,031
2026-07-08 08:49:59 | DEBUG    | shortsqueeze.signals:scan_stock - REPL: No signal - price=False (-3.5%, need +5.0%), vol=False (ratio=0.9x, need 3.0x, src=yahoo_intraday), vwap=False ($11.11 vs VWAP $11.54), squeeze=True, mom=False (mom_val=1.25)
2026-07-08 08:49:59 | DEBUG    | shortsqueeze.signals:scan_stock - CLSK: price=$12.00, prev_close=$12.48 (source: yahoo)
2026-07-08 08:50:00 | DEBUG    | shortsqueeze.signals:scan_stock - CLSK: Yahoo 1-min volume=4,238,294
2026-07-08 08:50:00 | DEBUG    | shortsqueeze.signals:scan_stock - CLSK: No signal - price=False (-3.8%, need +5.0%), vol=False (ratio=0.6x, need 3.0x, src=yahoo_intraday), vwap=False ($12.00 vs VWAP $12.55), squeeze=True, mom=False (mom_val=-2.77)
2026-07-08 08:50:00 | DEBUG    | shortsqueeze.signals:scan_stock - CBRL: price=$47.44, prev_close=$49.50 (source: yahoo)
2026-07-08 08:50:01 | DEBUG    | shortsqueeze.signals:scan_stock - CBRL: Yahoo 1-min volume=429,349
2026-07-08 08:50:01 | DEBUG    | shortsqueeze.signals:scan_stock - CBRL: No signal - price=False (-4.2%, need +5.0%), vol=False (ratio=0.6x, need 3.0x, src=yahoo_intraday), vwap=False ($47.44 vs VWAP $49.58), squeeze=True, mom=False (mom_val=6.98)
2026-07-08 08:50:01 | DEBUG    | shortsqueeze.signals:scan_stock - FIG: price=$21.48, prev_close=$22.19 (source: yahoo)
2026-07-08 08:50:02 | DEBUG    | shortsqueeze.signals:scan_stock - FIG: Yahoo 1-min volume=4,967,701
2026-07-08 08:50:02 | DEBUG    | shortsqueeze.signals:scan_stock - FIG: No signal - price=False (-3.2%, need +5.0%), vol=False (ratio=0.7x, need 3.0x, src=yahoo_intraday), vwap=False ($21.48 vs VWAP $22.62), squeeze=True, mom=True (mom_val=0.62)
2026-07-08 08:50:02 | DEBUG    | shortsqueeze.signals:scan_stock - ULCC: price=$6.95, prev_close=$7.36 (source: yahoo)
2026-07-08 08:50:03 | DEBUG    | shortsqueeze.signals:scan_stock - ULCC: Yahoo 1-min volume=1,896,532
2026-07-08 08:50:03 | DEBUG    | shortsqueeze.signals:scan_stock - ULCC: No signal - price=False (-5.6%, need +5.0%), vol=False (ratio=1.3x, need 3.0x, src=yahoo_intraday), vwap=False ($6.95 vs VWAP $7.44), squeeze=True, mom=False (mom_val=0.78)
2026-07-08 08:50:04 | DEBUG    | shortsqueeze.signals:scan_stock - LCID: price=$5.88, prev_close=$6.00 (source: yahoo)
2026-07-08 08:50:04 | DEBUG    | shortsqueeze.signals:scan_stock - LCID: Yahoo 1-min volume=2,685,620
2026-07-08 08:50:04 | DEBUG    | shortsqueeze.signals:scan_stock - LCID: No signal - price=False (-1.8%, need +5.0%), vol=False (ratio=0.5x, need 3.0x, src=yahoo_intraday), vwap=False ($5.88 vs VWAP $6.12), squeeze=True, mom=False (mom_val=0.86)
2026-07-08 08:50:05 | DEBUG    | shortsqueeze.signals:scan_stock - GO: price=$10.20, prev_close=$10.21 (source: yahoo)
2026-07-08 08:50:05 | DEBUG    | shortsqueeze.signals:scan_stock - GO: Yahoo 1-min volume=524,802
2026-07-08 08:50:05 | DEBUG    | shortsqueeze.signals:scan_stock - GO: No signal - price=False (-0.1%, need +5.0%), vol=False (ratio=0.5x, need 3.0x, src=yahoo_intraday), vwap=False ($10.20 vs VWAP $10.31), squeeze=True, mom=False (mom_val=0.66)
2026-07-08 08:50:06 | DEBUG    | shortsqueeze.signals:scan_stock - SOUN: price=$6.54, prev_close=$6.64 (source: yahoo)
2026-07-08 08:50:06 | DEBUG    | shortsqueeze.signals:scan_stock - SOUN: Yahoo 1-min volume=9,181,285
2026-07-08 08:50:06 | DEBUG    | shortsqueeze.signals:scan_stock - SOUN: No signal - price=False (-1.4%, need +5.0%), vol=False (ratio=1.0x, need 3.0x, src=yahoo_intraday), vwap=False ($6.54 vs VWAP $6.77), squeeze=False, mom=False (mom_val=-0.44)
2026-07-08 08:50:07 | DEBUG    | shortsqueeze.signals:scan_stock - PLAY: price=$9.96, prev_close=$10.73 (source: yahoo)
2026-07-08 08:50:07 | DEBUG    | shortsqueeze.signals:scan_stock - PLAY: Yahoo 1-min volume=880,606
2026-07-08 08:50:07 | DEBUG    | shortsqueeze.signals:scan_stock - PLAY: No signal - price=False (-7.2%, need +5.0%), vol=False (ratio=1.2x, need 3.0x, src=yahoo_intraday), vwap=False ($9.96 vs VWAP $10.61), squeeze=True, mom=False (mom_val=-1.27)
2026-07-08 08:50:08 | DEBUG    | shortsqueeze.signals:scan_stock - WGS: price=$64.28, prev_close=$65.42 (source: yahoo)
2026-07-08 08:50:08 | DEBUG    | shortsqueeze.signals:scan_stock - WGS: Yahoo 1-min volume=171,888
2026-07-08 08:50:08 | DEBUG    | shortsqueeze.signals:scan_stock - WGS: No signal - price=False (-1.8%, need +5.0%), vol=False (ratio=0.5x, need 3.0x, src=yahoo_intraday), vwap=False ($64.28 vs VWAP $65.96), squeeze=True, mom=False (mom_val=5.84)
2026-07-08 08:50:09 | DEBUG    | shortsqueeze.signals:scan_stock - FLNC: price=$14.60, prev_close=$16.20 (source: yahoo)
2026-07-08 08:50:09 | DEBUG    | shortsqueeze.signals:scan_stock - FLNC: Yahoo 1-min volume=7,594,028
2026-07-08 08:50:09 | DEBUG    | shortsqueeze.signals:scan_stock - FLNC: No signal - price=False (-9.9%, need +5.0%), vol=False (ratio=2.0x, need 3.0x, src=yahoo_intraday), vwap=False ($14.60 vs VWAP $16.46), squeeze=True, mom=False (mom_val=-6.05)
2026-07-08 08:50:10 | DEBUG    | shortsqueeze.signals:scan_stock - TEM: price=$55.25, prev_close=$60.09 (source: yahoo)
2026-07-08 08:50:11 | DEBUG    | shortsqueeze.signals:scan_stock - TEM: Yahoo 1-min volume=2,359,098
2026-07-08 08:50:11 | DEBUG    | shortsqueeze.signals:scan_stock - TEM: No signal - price=False (-8.1%, need +5.0%), vol=False (ratio=1.0x, need 3.0x, src=yahoo_intraday), vwap=False ($55.25 vs VWAP $60.36), squeeze=True, mom=False (mom_val=6.72)
2026-07-08 08:50:11 | DEBUG    | shortsqueeze.signals:scan_stock - VITL: price=$12.46, prev_close=$13.15 (source: yahoo)
2026-07-08 08:50:12 | DEBUG    | shortsqueeze.signals:scan_stock - VITL: Yahoo 1-min volume=535,006
2026-07-08 08:50:12 | DEBUG    | shortsqueeze.signals:scan_stock - VITL: No signal - price=False (-5.2%, need +5.0%), vol=False (ratio=0.6x, need 3.0x, src=yahoo_intraday), vwap=False ($12.46 vs VWAP $13.20), squeeze=True, mom=True (mom_val=1.19)
2026-07-08 08:50:13 | DEBUG    | shortsqueeze.signals:scan_stock - WEN: price=$7.38, prev_close=$7.78 (source: yahoo)
2026-07-08 08:50:13 | DEBUG    | shortsqueeze.signals:scan_stock - WEN: Yahoo 1-min volume=6,211,612
2026-07-08 08:50:13 | DEBUG    | shortsqueeze.signals:scan_stock - WEN: No signal - price=False (-5.2%, need +5.0%), vol=False (ratio=0.5x, need 3.0x, src=yahoo_intraday), vwap=False ($7.38 vs VWAP $7.86), squeeze=True, mom=False (mom_val=0.88)
2026-07-08 08:50:14 | DEBUG    | shortsqueeze.signals:scan_stock - XPOF: price=$6.61, prev_close=$6.91 (source: yahoo)
2026-07-08 08:50:14 | DEBUG    | shortsqueeze.signals:scan_stock - XPOF: Yahoo 1-min volume=271,135
2026-07-08 08:50:14 | DEBUG    | shortsqueeze.signals:scan_stock - XPOF: No signal - price=False (-4.4%, need +5.0%), vol=False (ratio=1.3x, need 3.0x, src=yahoo_intraday), vwap=False ($6.61 vs VWAP $6.94), squeeze=True, mom=False (mom_val=0.48)
2026-07-08 08:50:15 | DEBUG    | shortsqueeze.signals:scan_stock - SPHR: price=$153.08, prev_close=$156.48 (source: yahoo)
2026-07-08 08:50:16 | DEBUG    | shortsqueeze.signals:scan_stock - SPHR: Yahoo 1-min volume=140,526
2026-07-08 08:50:16 | DEBUG    | shortsqueeze.signals:scan_stock - SPHR: No signal - price=False (-2.2%, need +5.0%), vol=False (ratio=0.5x, need 3.0x, src=yahoo_intraday), vwap=False ($153.08 vs VWAP $155.37), squeeze=True, mom=False (mom_val=8.60)
2026-07-08 08:50:16 | DEBUG    | shortsqueeze.signals:scan_stock - SATS: price=$102.68, prev_close=$106.40 (source: daily_bars)
2026-07-08 08:50:17 | DEBUG    | shortsqueeze.signals:scan_stock - SATS: Using Yahoo info volume=11,498,135
2026-07-08 08:50:17 | DEBUG    | shortsqueeze.signals:scan_stock - SATS: No signal - price=False (-3.5%, need +5.0%), vol=False (ratio=2.4x, need 3.0x, src=yahoo), vwap=True, squeeze=True, mom=False (mom_val=-12.15)
2026-07-08 08:50:18 | DEBUG    | shortsqueeze.signals:scan_stock - VYX: price=$7.79, prev_close=$8.52 (source: yahoo)
2026-07-08 08:50:18 | DEBUG    | shortsqueeze.signals:scan_stock - VYX: Yahoo 1-min volume=684,471
2026-07-08 08:50:18 | DEBUG    | shortsqueeze.signals:scan_stock - VYX: No signal - price=False (-8.6%, need +5.0%), vol=False (ratio=0.7x, need 3.0x, src=yahoo_intraday), vwap=False ($7.79 vs VWAP $8.59), squeeze=True, mom=False (mom_val=0.70)
2026-07-08 08:50:19 | DEBUG    | shortsqueeze.signals:scan_stock - CPB: price=$22.34, prev_close=$22.90 (source: yahoo)
2026-07-08 08:50:20 | DEBUG    | shortsqueeze.signals:scan_stock - CPB: Yahoo 1-min volume=2,454,414
2026-07-08 08:50:20 | DEBUG    | shortsqueeze.signals:scan_stock - CPB: No signal - price=False (-2.5%, need +5.0%), vol=False (ratio=0.6x, need 3.0x, src=yahoo_intraday), vwap=False ($22.34 vs VWAP $23.17), squeeze=True, mom=False (mom_val=0.45)
2026-07-08 08:50:20 | DEBUG    | shortsqueeze.signals:scan_stock - TRIP: price=$13.04, prev_close=$13.72 (source: yahoo)
2026-07-08 08:50:21 | DEBUG    | shortsqueeze.signals:scan_stock - TRIP: Yahoo 1-min volume=911,311
2026-07-08 08:50:21 | DEBUG    | shortsqueeze.signals:scan_stock - TRIP: No signal - price=False (-5.0%, need +5.0%), vol=False (ratio=0.6x, need 3.0x, src=yahoo_intraday), vwap=False ($13.04 vs VWAP $13.78), squeeze=True, mom=False (mom_val=0.87)
2026-07-08 08:50:21 | DEBUG    | shortsqueeze.signals:scan_stock - IBRX: price=$8.70, prev_close=$8.76 (source: yahoo)
2026-07-08 08:50:22 | DEBUG    | shortsqueeze.signals:scan_stock - IBRX: Yahoo 1-min volume=5,163,096
2026-07-08 08:50:22 | DEBUG    | shortsqueeze.signals:scan_stock - IBRX: No signal - price=False (-0.7%, need +5.0%), vol=False (ratio=1.1x, need 3.0x, src=yahoo_intraday), vwap=True ($8.70 vs VWAP $8.59), squeeze=True, mom=True (mom_val=1.35)
2026-07-08 08:50:23 | DEBUG    | shortsqueeze.signals:scan_stock - ASAN: price=$7.14, prev_close=$7.49 (source: yahoo)
2026-07-08 08:50:23 | DEBUG    | shortsqueeze.signals:scan_stock - ASAN: Yahoo 1-min volume=1,923,574
2026-07-08 08:50:23 | DEBUG    | shortsqueeze.signals:scan_stock - ASAN: No signal - price=False (-4.6%, need +5.0%), vol=False (ratio=1.0x, need 3.0x, src=yahoo_intraday), vwap=False ($7.14 vs VWAP $7.62), squeeze=True, mom=False (mom_val=-0.35)
2026-07-08 08:50:24 | DEBUG    | shortsqueeze.signals:scan_stock - ACHC: price=$28.45, prev_close=$31.92 (source: yahoo)
2026-07-08 08:50:24 | DEBUG    | shortsqueeze.signals:scan_stock - ACHC: Yahoo 1-min volume=306,478
2026-07-08 08:50:24 | DEBUG    | shortsqueeze.signals:scan_stock - ACHC: No signal - price=False (-10.9%, need +5.0%), vol=False (ratio=0.3x, need 3.0x, src=yahoo_intraday), vwap=False ($28.45 vs VWAP $31.74), squeeze=True, mom=True (mom_val=4.24)
2026-07-08 08:50:25 | DEBUG    | shortsqueeze.signals:scan_stock - HIMS: price=$34.31, prev_close=$36.17 (source: yahoo)
2026-07-08 08:50:25 | DEBUG    | shortsqueeze.signals:scan_stock - HIMS: Yahoo 1-min volume=5,121,577
2026-07-08 08:50:25 | DEBUG    | shortsqueeze.signals:scan_stock - HIMS: No signal - price=False (-5.1%, need +5.0%), vol=False (ratio=0.8x, need 3.0x, src=yahoo_intraday), vwap=False ($34.31 vs VWAP $36.99), squeeze=True, mom=False (mom_val=4.40)
2026-07-08 08:50:26 | DEBUG    | shortsqueeze.signals:scan_stock - SPRY: price=$7.77, prev_close=$8.19 (source: yahoo)
2026-07-08 08:50:27 | DEBUG    | shortsqueeze.signals:scan_stock - SPRY: Yahoo 1-min volume=853,766
2026-07-08 08:50:27 | DEBUG    | shortsqueeze.signals:scan_stock - SPRY: No signal - price=False (-5.1%, need +5.0%), vol=False (ratio=1.3x, need 3.0x, src=yahoo_intraday), vwap=False ($7.77 vs VWAP $8.29), squeeze=True, mom=False (mom_val=-1.33)
2026-07-08 08:50:28 | DEBUG    | shortsqueeze.signals:scan_stock - PCT: price=$7.17, prev_close=$7.15 (source: yahoo)
2026-07-08 08:50:28 | DEBUG    | shortsqueeze.signals:scan_stock - PCT: Yahoo 1-min volume=1,382,854
2026-07-08 08:50:28 | DEBUG    | shortsqueeze.signals:scan_stock - PCT: No signal - price=False (+0.2%, need +5.0%), vol=False (ratio=0.5x, need 3.0x, src=yahoo_intraday), vwap=False ($7.17 vs VWAP $7.28), squeeze=True, mom=False (mom_val=-2.32)
2026-07-08 08:50:30 | DEBUG    | shortsqueeze.signals:scan_stock - ONDS: price=$7.31, prev_close=$7.35 (source: yahoo)
2026-07-08 08:50:30 | DEBUG    | shortsqueeze.signals:scan_stock - ONDS: Yahoo 1-min volume=20,683,410
2026-07-08 08:50:30 | DEBUG    | shortsqueeze.signals:scan_stock - ONDS: No signal - price=False (-0.5%, need +5.0%), vol=False (ratio=0.9x, need 3.0x, src=yahoo_intraday), vwap=False ($7.31 vs VWAP $7.47), squeeze=True, mom=False (mom_val=-1.98)
2026-07-08 08:50:31 | DEBUG    | shortsqueeze.signals:scan_stock - SLS: price=$12.73, prev_close=$13.50 (source: yahoo)
2026-07-08 08:50:32 | DEBUG    | shortsqueeze.signals:scan_stock - SLS: Yahoo 1-min volume=7,528,488
2026-07-08 08:50:32 | DEBUG    | shortsqueeze.signals:scan_stock - SLS: No signal - price=False (-5.7%, need +5.0%), vol=False (ratio=1.9x, need 3.0x, src=yahoo_intraday), vwap=False ($12.73 vs VWAP $13.24), squeeze=True, mom=False (mom_val=3.90)
2026-07-08 08:50:32 | DEBUG    | shortsqueeze.signals:scan_stock - ODD: price=$16.66, prev_close=$17.52 (source: yahoo)
2026-07-08 08:50:33 | DEBUG    | shortsqueeze.signals:scan_stock - ODD: Yahoo 1-min volume=245,547
2026-07-08 08:50:33 | DEBUG    | shortsqueeze.signals:scan_stock - ODD: No signal - price=False (-4.9%, need +5.0%), vol=False (ratio=0.4x, need 3.0x, src=yahoo_intraday), vwap=False ($16.66 vs VWAP $17.64), squeeze=True, mom=False (mom_val=4.35)
2026-07-08 08:50:34 | DEBUG    | shortsqueeze.signals:scan_stock - AI: price=$8.75, prev_close=$8.93 (source: yahoo)
2026-07-08 08:50:34 | DEBUG    | shortsqueeze.signals:scan_stock - AI: Yahoo 1-min volume=1,438,143
2026-07-08 08:50:34 | DEBUG    | shortsqueeze.signals:scan_stock - AI: No signal - price=False (-2.0%, need +5.0%), vol=False (ratio=0.6x, need 3.0x, src=yahoo_intraday), vwap=False ($8.75 vs VWAP $9.04), squeeze=True, mom=False (mom_val=-1.57)
2026-07-08 08:50:35 | DEBUG    | shortsqueeze.signals:scan_stock - KSS: price=$15.77, prev_close=$16.76 (source: yahoo)
2026-07-08 08:50:35 | DEBUG    | shortsqueeze.signals:scan_stock - KSS: Yahoo 1-min volume=1,093,954
2026-07-08 08:50:35 | DEBUG    | shortsqueeze.signals:scan_stock - KSS: No signal - price=False (-5.9%, need +5.0%), vol=False (ratio=0.6x, need 3.0x, src=yahoo_intraday), vwap=False ($15.77 vs VWAP $16.77), squeeze=True, mom=False (mom_val=-0.05)
2026-07-08 08:50:36 | DEBUG    | shortsqueeze.signals:scan_stock - MARA: price=$11.68, prev_close=$12.05 (source: yahoo)
2026-07-08 08:50:36 | DEBUG    | shortsqueeze.signals:scan_stock - MARA: Yahoo 1-min volume=14,182,125
2026-07-08 08:50:36 | DEBUG    | shortsqueeze.signals:scan_stock - MARA: No signal - price=False (-3.0%, need +5.0%), vol=False (ratio=1.0x, need 3.0x, src=yahoo_intraday), vwap=False ($11.68 vs VWAP $12.23), squeeze=False, mom=False (mom_val=-1.13)
2026-07-08 08:50:37 | DEBUG    | shortsqueeze.signals:scan_stock - PAR: price=$17.24, prev_close=$18.30 (source: yahoo)
2026-07-08 08:50:38 | DEBUG    | shortsqueeze.signals:scan_stock - PAR: Yahoo 1-min volume=207,250
2026-07-08 08:50:38 | DEBUG    | shortsqueeze.signals:scan_stock - PAR: No signal - price=False (-5.8%, need +5.0%), vol=False (ratio=0.5x, need 3.0x, src=yahoo_intraday), vwap=False ($17.24 vs VWAP $18.49), squeeze=True, mom=False (mom_val=2.82)
2026-07-08 08:50:38 | DEBUG    | shortsqueeze.signals:scan_stock - UPWK: price=$8.61, prev_close=$8.87 (source: yahoo)
2026-07-08 08:50:39 | DEBUG    | shortsqueeze.signals:scan_stock - UPWK: Yahoo 1-min volume=686,199
2026-07-08 08:50:39 | DEBUG    | shortsqueeze.signals:scan_stock - UPWK: No signal - price=False (-2.9%, need +5.0%), vol=False (ratio=0.6x, need 3.0x, src=yahoo_intraday), vwap=False ($8.61 vs VWAP $8.95), squeeze=True, mom=True (mom_val=0.17)
2026-07-08 08:50:40 | DEBUG    | shortsqueeze.signals:scan_stock - QUBT: price=$8.54, prev_close=$8.69 (source: yahoo)
2026-07-08 08:50:41 | DEBUG    | shortsqueeze.signals:scan_stock - QUBT: Yahoo 1-min volume=3,888,015
2026-07-08 08:50:41 | DEBUG    | shortsqueeze.signals:scan_stock - QUBT: No signal - price=False (-1.8%, need +5.0%), vol=False (ratio=0.7x, need 3.0x, src=yahoo_intraday), vwap=False ($8.54 vs VWAP $8.76), squeeze=True, mom=False (mom_val=-0.93)
2026-07-08 08:50:41 | DEBUG    | shortsqueeze.signals:scan_stock - BTDR: price=$12.11, prev_close=$12.88 (source: yahoo)
2026-07-08 08:50:42 | DEBUG    | shortsqueeze.signals:scan_stock - BTDR: Yahoo 1-min volume=3,558,337
2026-07-08 08:50:42 | DEBUG    | shortsqueeze.signals:scan_stock - BTDR: No signal - price=False (-5.9%, need +5.0%), vol=False (ratio=1.0x, need 3.0x, src=yahoo_intraday), vwap=False ($12.11 vs VWAP $13.13), squeeze=True, mom=False (mom_val=-3.33)
2026-07-08 08:50:43 | DEBUG    | shortsqueeze.signals:scan_stock - WYFI: price=$35.72, prev_close=$33.42 (source: yahoo)
2026-07-08 08:50:43 | DEBUG    | shortsqueeze.signals:scan_stock - WYFI: Yahoo 1-min volume=1,661,629
2026-07-08 08:50:43 | DEBUG    | shortsqueeze.signals:scan_stock - WYFI: No signal - price=True (+6.9%, need +5.0%), vol=False (ratio=1.7x, need 3.0x, src=yahoo_intraday), vwap=True ($35.72 vs VWAP $33.72), squeeze=True, mom=False (mom_val=4.17)
2026-07-08 08:50:44 | DEBUG    | shortsqueeze.signals:scan_stock - RUN: price=$11.34, prev_close=$12.20 (source: yahoo)
2026-07-08 08:50:44 | DEBUG    | shortsqueeze.signals:scan_stock - RUN: Yahoo 1-min volume=10,666,680
2026-07-08 08:50:44 | DEBUG    | shortsqueeze.signals:scan_stock - RUN: No signal - price=False (-7.0%, need +5.0%), vol=False (ratio=2.5x, need 3.0x, src=yahoo_intraday), vwap=False ($11.34 vs VWAP $12.10), squeeze=False, mom=False (mom_val=-0.63)
2026-07-08 08:50:45 | DEBUG    | shortsqueeze.signals:scan_stock - CRML: price=$8.27, prev_close=$8.75 (source: yahoo)
2026-07-08 08:50:45 | DEBUG    | shortsqueeze.signals:scan_stock - CRML: Yahoo 1-min volume=2,049,542
2026-07-08 08:50:45 | DEBUG    | shortsqueeze.signals:scan_stock - CRML: No signal - price=False (-5.5%, need +5.0%), vol=False (ratio=1.2x, need 3.0x, src=yahoo_intraday), vwap=False ($8.27 vs VWAP $8.69), squeeze=True, mom=False (mom_val=-0.48)
2026-07-08 08:50:46 | DEBUG    | shortsqueeze.signals:scan_stock - SBH: price=$14.02, prev_close=$14.35 (source: yahoo)
2026-07-08 08:50:46 | DEBUG    | shortsqueeze.signals:scan_stock - SBH: Yahoo 1-min volume=363,002
2026-07-08 08:50:46 | DEBUG    | shortsqueeze.signals:scan_stock - SBH: No signal - price=False (-2.3%, need +5.0%), vol=False (ratio=0.7x, need 3.0x, src=yahoo_intraday), vwap=False ($14.02 vs VWAP $14.30), squeeze=True, mom=False (mom_val=0.82)
2026-07-08 08:50:47 | DEBUG    | shortsqueeze.signals:scan_stock - IMRX: price=$5.29, prev_close=$5.10 (source: yahoo)
2026-07-08 08:50:47 | DEBUG    | shortsqueeze.signals:scan_stock - IMRX: Yahoo 1-min volume=596,817
2026-07-08 08:50:47 | DEBUG    | shortsqueeze.signals:scan_stock - IMRX: No signal - price=False (+3.6%, need +5.0%), vol=False (ratio=1.0x, need 3.0x, src=yahoo_intraday), vwap=True ($5.29 vs VWAP $5.13), squeeze=True, mom=True (mom_val=0.86)
2026-07-08 08:50:48 | DEBUG    | shortsqueeze.signals:scan_stock - SRPT: price=$20.21, prev_close=$19.79 (source: yahoo)
2026-07-08 08:50:48 | DEBUG    | shortsqueeze.signals:scan_stock - SRPT: Yahoo 1-min volume=917,333
2026-07-08 08:50:48 | DEBUG    | shortsqueeze.signals:scan_stock - SRPT: No signal - price=False (+2.1%, need +5.0%), vol=False (ratio=0.7x, need 3.0x, src=yahoo_intraday), vwap=True ($20.21 vs VWAP $19.53), squeeze=True, mom=True (mom_val=2.63)
2026-07-08 08:50:49 | DEBUG    | shortsqueeze.signals:scan_stock - CERT: price=$6.69, prev_close=$7.17 (source: yahoo)
2026-07-08 08:50:49 | DEBUG    | shortsqueeze.signals:scan_stock - CERT: Yahoo 1-min volume=777,171
2026-07-08 08:50:49 | DEBUG    | shortsqueeze.signals:scan_stock - CERT: No signal - price=False (-6.8%, need +5.0%), vol=False (ratio=0.4x, need 3.0x, src=yahoo_intraday), vwap=False ($6.69 vs VWAP $7.16), squeeze=True, mom=True (mom_val=0.95)
2026-07-08 08:50:50 | DEBUG    | shortsqueeze.signals:scan_stock - MNRO: price=$15.25, prev_close=$17.32 (source: yahoo)
2026-07-08 08:50:50 | DEBUG    | shortsqueeze.signals:scan_stock - MNRO: Yahoo 1-min volume=502,755
2026-07-08 08:50:50 | DEBUG    | shortsqueeze.signals:scan_stock - MNRO: No signal - price=False (-12.0%, need +5.0%), vol=False (ratio=1.1x, need 3.0x, src=yahoo_intraday), vwap=False ($15.25 vs VWAP $17.33), squeeze=True, mom=False (mom_val=1.56)
2026-07-08 08:50:51 | DEBUG    | shortsqueeze.signals:scan_stock - CSIQ: price=$14.02, prev_close=$14.35 (source: yahoo)
2026-07-08 08:50:52 | DEBUG    | shortsqueeze.signals:scan_stock - CSIQ: Yahoo 1-min volume=632,111
2026-07-08 08:50:52 | DEBUG    | shortsqueeze.signals:scan_stock - CSIQ: No signal - price=False (-2.3%, need +5.0%), vol=False (ratio=0.7x, need 3.0x, src=yahoo_intraday), vwap=False ($14.02 vs VWAP $14.26), squeeze=False, mom=False (mom_val=-1.50)
2026-07-08 08:50:52 | DEBUG    | shortsqueeze.signals:scan_stock - NNE: price=$17.87, prev_close=$18.88 (source: yahoo)
2026-07-08 08:50:53 | DEBUG    | shortsqueeze.signals:scan_stock - NNE: Yahoo 1-min volume=763,037
2026-07-08 08:50:53 | DEBUG    | shortsqueeze.signals:scan_stock - NNE: No signal - price=False (-5.3%, need +5.0%), vol=False (ratio=0.7x, need 3.0x, src=yahoo_intraday), vwap=False ($17.87 vs VWAP $18.71), squeeze=True, mom=False (mom_val=-4.17)
2026-07-08 08:50:54 | DEBUG    | shortsqueeze.signals:scan_stock - NVAX: price=$9.27, prev_close=$9.46 (source: yahoo)
2026-07-08 08:50:54 | DEBUG    | shortsqueeze.signals:scan_stock - NVAX: Yahoo 1-min volume=1,141,162
2026-07-08 08:50:54 | DEBUG    | shortsqueeze.signals:scan_stock - NVAX: No signal - price=False (-2.1%, need +5.0%), vol=False (ratio=0.7x, need 3.0x, src=yahoo_intraday), vwap=True ($9.27 vs VWAP $9.22), squeeze=False, mom=True (mom_val=0.25)
2026-07-08 08:50:55 | DEBUG    | shortsqueeze.signals:scan_stock - SERV: price=$5.76, prev_close=$6.05 (source: yahoo)
2026-07-08 08:50:55 | DEBUG    | shortsqueeze.signals:scan_stock - SERV: Yahoo 1-min volume=1,320,177
2026-07-08 08:50:55 | DEBUG    | shortsqueeze.signals:scan_stock - SERV: No signal - price=False (-4.7%, need +5.0%), vol=False (ratio=0.7x, need 3.0x, src=yahoo_intraday), vwap=False ($5.76 vs VWAP $6.09), squeeze=True, mom=False (mom_val=-0.82)
2026-07-08 08:50:56 | DEBUG    | shortsqueeze.signals:scan_stock - VELO: price=$12.16, prev_close=$13.58 (source: yahoo)
2026-07-08 08:50:56 | DEBUG    | shortsqueeze.signals:scan_stock - VELO: Yahoo 1-min volume=807,007
2026-07-08 08:50:56 | DEBUG    | shortsqueeze.signals:scan_stock - VELO: No signal - price=False (-10.5%, need +5.0%), vol=False (ratio=0.4x, need 3.0x, src=yahoo_intraday), vwap=False ($12.16 vs VWAP $13.95), squeeze=True, mom=False (mom_val=-8.58)
2026-07-08 08:50:57 | DEBUG    | shortsqueeze.signals:scan_stock - ABEO: price=$6.71, prev_close=$6.55 (source: yahoo)
2026-07-08 08:50:57 | DEBUG    | shortsqueeze.signals:scan_stock - ABEO: Yahoo 1-min volume=583,194
2026-07-08 08:50:57 | DEBUG    | shortsqueeze.signals:scan_stock - ABEO: No signal - price=False (+2.4%, need +5.0%), vol=False (ratio=1.2x, need 3.0x, src=yahoo_intraday), vwap=True ($6.71 vs VWAP $6.57), squeeze=True, mom=True (mom_val=0.56)
2026-07-08 08:50:58 | DEBUG    | shortsqueeze.signals:scan_stock - ABSI: price=$10.46, prev_close=$11.33 (source: yahoo)
2026-07-08 08:50:58 | DEBUG    | shortsqueeze.signals:scan_stock - ABSI: Yahoo 1-min volume=2,241,927
2026-07-08 08:50:58 | DEBUG    | shortsqueeze.signals:scan_stock - ABSI: No signal - price=False (-7.7%, need +5.0%), vol=False (ratio=0.8x, need 3.0x, src=yahoo_intraday), vwap=False ($10.46 vs VWAP $11.37), squeeze=True, mom=False (mom_val=2.95)
2026-07-08 08:50:59 | DEBUG    | shortsqueeze.signals:scan_stock - OMER: price=$10.34, prev_close=$10.33 (source: yahoo)
2026-07-08 08:50:59 | DEBUG    | shortsqueeze.signals:scan_stock - OMER: Yahoo 1-min volume=403,419
2026-07-08 08:50:59 | DEBUG    | shortsqueeze.signals:scan_stock - OMER: No signal - price=False (+0.1%, need +5.0%), vol=False (ratio=0.5x, need 3.0x, src=yahoo_intraday), vwap=True ($10.34 vs VWAP $10.25), squeeze=False, mom=True (mom_val=1.17)
2026-07-08 08:51:00 | DEBUG    | shortsqueeze.signals:scan_stock - WULF: price=$21.76, prev_close=$20.24 (source: yahoo)
2026-07-08 08:51:01 | DEBUG    | shortsqueeze.signals:scan_stock - WULF: Yahoo 1-min volume=21,367,418
2026-07-08 08:51:01 | DEBUG    | shortsqueeze.signals:scan_stock - WULF: No signal - price=True (+7.5%, need +5.0%), vol=False (ratio=1.8x, need 3.0x, src=yahoo_intraday), vwap=True ($21.76 vs VWAP $20.25), squeeze=True, mom=False (mom_val=-3.37)
2026-07-08 08:51:02 | DEBUG    | shortsqueeze.signals:scan_stock - BKKT: price=$8.04, prev_close=$8.28 (source: yahoo)
2026-07-08 08:51:02 | DEBUG    | shortsqueeze.signals:scan_stock - BKKT: Yahoo 1-min volume=262,445
2026-07-08 08:51:02 | DEBUG    | shortsqueeze.signals:scan_stock - BKKT: No signal - price=False (-2.9%, need +5.0%), vol=False (ratio=0.5x, need 3.0x, src=yahoo_intraday), vwap=False ($8.04 vs VWAP $8.37), squeeze=False, mom=False (mom_val=-0.04)
2026-07-08 08:51:03 | DEBUG    | shortsqueeze.signals:scan_stock - BLSH: price=$25.11, prev_close=$25.77 (source: yahoo)
2026-07-08 08:51:03 | DEBUG    | shortsqueeze.signals:scan_stock - BLSH: Yahoo 1-min volume=306,757
2026-07-08 08:51:03 | DEBUG    | shortsqueeze.signals:scan_stock - BLSH: No signal - price=False (-2.6%, need +5.0%), vol=False (ratio=0.5x, need 3.0x, src=yahoo_intraday), vwap=False ($25.11 vs VWAP $26.04), squeeze=True, mom=False (mom_val=-0.33)
2026-07-08 08:51:04 | DEBUG    | shortsqueeze.signals:scan_stock - OWL: price=$9.23, prev_close=$9.39 (source: yahoo)
2026-07-08 08:51:05 | DEBUG    | shortsqueeze.signals:scan_stock - OWL: Yahoo 1-min volume=4,753,969
2026-07-08 08:51:05 | DEBUG    | shortsqueeze.signals:scan_stock - OWL: No signal - price=False (-1.8%, need +5.0%), vol=False (ratio=0.6x, need 3.0x, src=yahoo_intraday), vwap=False ($9.23 vs VWAP $9.44), squeeze=True, mom=False (mom_val=-0.42)
2026-07-08 08:51:05 | DEBUG    | shortsqueeze.signals:scan_stock - LYFT: price=$14.89, prev_close=$15.44 (source: yahoo)
2026-07-08 08:51:06 | DEBUG    | shortsqueeze.signals:scan_stock - LYFT: Yahoo 1-min volume=3,090,363
2026-07-08 08:51:06 | DEBUG    | shortsqueeze.signals:scan_stock - LYFT: No signal - price=False (-3.5%, need +5.0%), vol=False (ratio=0.7x, need 3.0x, src=yahoo_intraday), vwap=False ($14.89 vs VWAP $15.50), squeeze=True, mom=True (mom_val=0.86)
2026-07-08 08:51:06 | DEBUG    | shortsqueeze.signals:scan_stock - CADL: price=$8.87, prev_close=$9.85 (source: yahoo)
2026-07-08 08:51:07 | DEBUG    | shortsqueeze.signals:scan_stock - CADL: Yahoo 1-min volume=441,695
2026-07-08 08:51:07 | DEBUG    | shortsqueeze.signals:scan_stock - CADL: No signal - price=False (-10.0%, need +5.0%), vol=False (ratio=0.6x, need 3.0x, src=yahoo_intraday), vwap=False ($8.87 vs VWAP $9.79), squeeze=True, mom=False (mom_val=0.83)
2026-07-08 08:51:08 | DEBUG    | shortsqueeze.signals:scan_stock - CRVS: price=$15.98, prev_close=$15.63 (source: yahoo)
2026-07-08 08:51:08 | DEBUG    | shortsqueeze.signals:scan_stock - CRVS: Yahoo 1-min volume=1,104,088
2026-07-08 08:51:08 | DEBUG    | shortsqueeze.signals:scan_stock - CRVS: No signal - price=False (+2.2%, need +5.0%), vol=False (ratio=2.2x, need 3.0x, src=yahoo_intraday), vwap=True ($15.98 vs VWAP $15.58), squeeze=True, mom=True (mom_val=2.88)
2026-07-08 08:51:09 | DEBUG    | shortsqueeze.signals:scan_stock - VNET: price=$8.25, prev_close=$7.71 (source: yahoo)
2026-07-08 08:51:10 | DEBUG    | shortsqueeze.signals:scan_stock - VNET: Yahoo 1-min volume=2,058,397
2026-07-08 08:51:10 | DEBUG    | shortsqueeze.signals:scan_stock - VNET: No signal - price=True (+7.1%, need +5.0%), vol=False (ratio=1.0x, need 3.0x, src=yahoo_intraday), vwap=True ($8.25 vs VWAP $7.74), squeeze=True, mom=False (mom_val=-0.87)
2026-07-08 08:51:10 | DEBUG    | shortsqueeze.signals:scan_stock - ASST: price=$12.08, prev_close=$12.70 (source: yahoo)
2026-07-08 08:51:11 | DEBUG    | shortsqueeze.signals:scan_stock - ASST: Yahoo 1-min volume=1,410,669
2026-07-08 08:51:11 | DEBUG    | shortsqueeze.signals:scan_stock - ASST: No signal - price=False (-4.9%, need +5.0%), vol=False (ratio=0.8x, need 3.0x, src=yahoo_intraday), vwap=False ($12.08 vs VWAP $12.85), squeeze=True, mom=False (mom_val=-2.00)
2026-07-08 08:51:11 | DEBUG    | shortsqueeze.signals:scan_stock - RUM: price=$6.05, prev_close=$6.19 (source: yahoo)
2026-07-08 08:51:12 | DEBUG    | shortsqueeze.signals:scan_stock - RUM: Yahoo 1-min volume=671,022
2026-07-08 08:51:12 | DEBUG    | shortsqueeze.signals:scan_stock - RUM: No signal - price=False (-2.3%, need +5.0%), vol=False (ratio=0.5x, need 3.0x, src=yahoo_intraday), vwap=False ($6.05 vs VWAP $6.28), squeeze=True, mom=False (mom_val=-1.28)
2026-07-08 08:51:12 | DEBUG    | shortsqueeze.signals:scan_stock - BETR: price=$23.07, prev_close=$27.87 (source: yahoo)
2026-07-08 08:51:13 | DEBUG    | shortsqueeze.signals:scan_stock - BETR: Yahoo 1-min volume=172,117
2026-07-08 08:51:13 | DEBUG    | shortsqueeze.signals:scan_stock - BETR: No signal - price=False (-17.2%, need +5.0%), vol=False (ratio=1.5x, need 3.0x, src=yahoo_intraday), vwap=False ($23.07 vs VWAP $28.13), squeeze=False, mom=False (mom_val=0.94)
2026-07-08 08:51:14 | DEBUG    | shortsqueeze.signals:scan_stock - SMR: price=$8.57, prev_close=$8.96 (source: yahoo)
2026-07-08 08:51:14 | DEBUG    | shortsqueeze.signals:scan_stock - SMR: Yahoo 1-min volume=8,596,325
2026-07-08 08:51:14 | DEBUG    | shortsqueeze.signals:scan_stock - SMR: No signal - price=False (-4.3%, need +5.0%), vol=False (ratio=0.7x, need 3.0x, src=yahoo_intraday), vwap=False ($8.57 vs VWAP $8.97), squeeze=True, mom=False (mom_val=-0.83)
2026-07-08 08:51:15 | DEBUG    | shortsqueeze.signals:scan_stock - ALMU: price=$17.38, prev_close=$17.49 (source: yahoo)
2026-07-08 08:51:15 | DEBUG    | shortsqueeze.signals:scan_stock - ALMU: Yahoo 1-min volume=225,977
2026-07-08 08:51:15 | DEBUG    | shortsqueeze.signals:scan_stock - ALMU: No signal - price=False (-0.6%, need +5.0%), vol=False (ratio=0.9x, need 3.0x, src=yahoo_intraday), vwap=False ($17.38 vs VWAP $17.71), squeeze=True, mom=False (mom_val=-4.27)
2026-07-08 08:51:16 | DEBUG    | shortsqueeze.signals:scan_stock - PGEN: price=$5.49, prev_close=$5.51 (source: yahoo)
2026-07-08 08:51:16 | DEBUG    | shortsqueeze.signals:scan_stock - PGEN: Yahoo 1-min volume=1,065,163
2026-07-08 08:51:16 | DEBUG    | shortsqueeze.signals:scan_stock - PGEN: No signal - price=False (-0.5%, need +5.0%), vol=False (ratio=0.5x, need 3.0x, src=yahoo_intraday), vwap=False ($5.49 vs VWAP $5.59), squeeze=True, mom=False (mom_val=1.04)
2026-07-08 08:51:17 | DEBUG    | shortsqueeze.signals:scan_stock - CAPR: price=$20.20, prev_close=$22.22 (source: yahoo)
2026-07-08 08:51:17 | DEBUG    | shortsqueeze.signals:scan_stock - CAPR: Yahoo 1-min volume=407,795
2026-07-08 08:51:17 | DEBUG    | shortsqueeze.signals:scan_stock - CAPR: No signal - price=False (-9.1%, need +5.0%), vol=False (ratio=0.7x, need 3.0x, src=yahoo_intraday), vwap=False ($20.20 vs VWAP $22.21), squeeze=True, mom=False (mom_val=-2.72)
2026-07-08 08:51:18 | DEBUG    | shortsqueeze.signals:scan_stock - SG: price=$7.71, prev_close=$7.74 (source: yahoo)
2026-07-08 08:51:18 | DEBUG    | shortsqueeze.signals:scan_stock - SG: Yahoo 1-min volume=1,407,196
2026-07-08 08:51:19 | DEBUG    | shortsqueeze.signals:scan_stock - SG: No signal - price=False (-0.3%, need +5.0%), vol=False (ratio=0.8x, need 3.0x, src=yahoo_intraday), vwap=True ($7.71 vs VWAP $7.70), squeeze=False, mom=False (mom_val=-0.20)
2026-07-08 08:51:19 | DEBUG    | shortsqueeze.signals:scan_stock - BKSY: price=$25.43, prev_close=$25.46 (source: yahoo)
2026-07-08 08:51:20 | DEBUG    | shortsqueeze.signals:scan_stock - BKSY: Yahoo 1-min volume=426,095
2026-07-08 08:51:20 | DEBUG    | shortsqueeze.signals:scan_stock - BKSY: No signal - price=False (-0.1%, need +5.0%), vol=False (ratio=0.6x, need 3.0x, src=yahoo_intraday), vwap=False ($25.43 vs VWAP $25.96), squeeze=True, mom=False (mom_val=-4.35)
2026-07-08 08:51:21 | DEBUG    | shortsqueeze.signals:scan_stock - TE: price=$6.59, prev_close=$6.95 (source: yahoo)
2026-07-08 08:51:21 | DEBUG    | shortsqueeze.signals:scan_stock - TE: Yahoo 1-min volume=14,328,815
2026-07-08 08:51:21 | DEBUG    | shortsqueeze.signals:scan_stock - TE: No signal - price=False (-5.1%, need +5.0%), vol=False (ratio=1.2x, need 3.0x, src=yahoo_intraday), vwap=False ($6.59 vs VWAP $7.36), squeeze=False, mom=False (mom_val=-1.14)
2026-07-08 08:51:22 | DEBUG    | shortsqueeze.signals:scan_stock - TDUP: price=$6.24, prev_close=$6.84 (source: yahoo)
2026-07-08 08:51:22 | DEBUG    | shortsqueeze.signals:scan_stock - TDUP: Yahoo 1-min volume=1,486,283
2026-07-08 08:51:22 | DEBUG    | shortsqueeze.signals:scan_stock - TDUP: No signal - price=False (-8.8%, need +5.0%), vol=False (ratio=2.1x, need 3.0x, src=yahoo_intraday), vwap=False ($6.24 vs VWAP $6.83), squeeze=True, mom=False (mom_val=1.22)
2026-07-08 08:51:23 | DEBUG    | shortsqueeze.signals:scan_stock - SVV: price=$8.67, prev_close=$9.63 (source: yahoo)
2026-07-08 08:51:23 | DEBUG    | shortsqueeze.signals:scan_stock - SVV: Yahoo 1-min volume=64,608
2026-07-08 08:51:23 | DEBUG    | shortsqueeze.signals:scan_stock - SVV: No signal - price=False (-10.0%, need +5.0%), vol=False (ratio=0.2x, need 3.0x, src=yahoo_intraday), vwap=False ($8.67 vs VWAP $9.64), squeeze=False, mom=False (mom_val=-0.15)
2026-07-08 08:51:24 | DEBUG    | shortsqueeze.signals:scan_stock - UAMY: price=$6.42, prev_close=$6.80 (source: yahoo)
2026-07-08 08:51:24 | DEBUG    | shortsqueeze.signals:scan_stock - UAMY: Yahoo 1-min volume=2,320,573
2026-07-08 08:51:24 | DEBUG    | shortsqueeze.signals:scan_stock - UAMY: No signal - price=False (-5.7%, need +5.0%), vol=False (ratio=0.9x, need 3.0x, src=yahoo_intraday), vwap=False ($6.42 vs VWAP $6.77), squeeze=False, mom=False (mom_val=-0.37)
2026-07-08 08:51:25 | DEBUG    | shortsqueeze.signals:scan_stock - QXO: price=$13.91, prev_close=$15.25 (source: yahoo)
2026-07-08 08:51:26 | DEBUG    | shortsqueeze.signals:scan_stock - QXO: Yahoo 1-min volume=24,493,805
2026-07-08 08:51:26 | DEBUG    | shortsqueeze.signals:scan_stock - QXO: No signal - price=False (-8.8%, need +5.0%), vol=False (ratio=2.7x, need 3.0x, src=yahoo_intraday), vwap=False ($13.91 vs VWAP $15.35), squeeze=True, mom=False (mom_val=-0.37)
2026-07-08 08:51:27 | DEBUG    | shortsqueeze.signals:scan_stock - AESI: price=$15.63, prev_close=$13.98 (source: yahoo)
2026-07-08 08:51:27 | DEBUG    | shortsqueeze.signals:scan_stock - AESI: Yahoo 1-min volume=704,876
2026-07-08 08:51:27 | DEBUG    | shortsqueeze.signals:scan_stock - AESI: No signal - price=True (+11.8%, need +5.0%), vol=False (ratio=0.7x, need 3.0x, src=yahoo_intraday), vwap=True ($15.63 vs VWAP $13.83), squeeze=True, mom=False (mom_val=-1.16)
2026-07-08 08:51:28 | DEBUG    | shortsqueeze.signals:scan_stock - FLO: price=$8.45, prev_close=$8.60 (source: yahoo)
2026-07-08 08:51:28 | DEBUG    | shortsqueeze.signals:scan_stock - FLO: Yahoo 1-min volume=1,779,136
2026-07-08 08:51:28 | DEBUG    | shortsqueeze.signals:scan_stock - FLO: No signal - price=False (-1.8%, need +5.0%), vol=False (ratio=0.6x, need 3.0x, src=yahoo_intraday), vwap=False ($8.45 vs VWAP $8.68), squeeze=True, mom=True (mom_val=0.54)
2026-07-08 08:51:29 | DEBUG    | shortsqueeze.signals:scan_stock - XNDU: price=$10.28, prev_close=$11.30 (source: yahoo)
2026-07-08 08:51:29 | DEBUG    | shortsqueeze.signals:scan_stock - XNDU: Yahoo 1-min volume=399,556
2026-07-08 08:51:29 | DEBUG    | shortsqueeze.signals:scan_stock - XNDU: No signal - price=False (-9.0%, need +5.0%), vol=False (ratio=0.4x, need 3.0x, src=yahoo_intraday), vwap=False ($10.28 vs VWAP $11.42), squeeze=True, mom=False (mom_val=-1.17)
2026-07-08 08:51:30 | DEBUG    | shortsqueeze.signals:scan_stock - FOUR: price=$47.33, prev_close=$51.16 (source: yahoo)
2026-07-08 08:51:30 | DEBUG    | shortsqueeze.signals:scan_stock - FOUR: Yahoo 1-min volume=592,604
2026-07-08 08:51:30 | DEBUG    | shortsqueeze.signals:scan_stock - FOUR: No signal - price=False (-7.5%, need +5.0%), vol=False (ratio=0.9x, need 3.0x, src=yahoo_intraday), vwap=False ($47.33 vs VWAP $51.53), squeeze=True, mom=False (mom_val=8.65)
2026-07-08 08:51:31 | DEBUG    | shortsqueeze.signals:scan_stock - SAIL: price=$15.46, prev_close=$16.19 (source: yahoo)
2026-07-08 08:51:31 | DEBUG    | shortsqueeze.signals:scan_stock - SAIL: Yahoo 1-min volume=2,556,683
2026-07-08 08:51:31 | DEBUG    | shortsqueeze.signals:scan_stock - SAIL: No signal - price=False (-4.5%, need +5.0%), vol=False (ratio=1.3x, need 3.0x, src=yahoo_intraday), vwap=False ($15.46 vs VWAP $16.39), squeeze=True, mom=False (mom_val=-0.34)
2026-07-08 08:51:32 | DEBUG    | shortsqueeze.signals:scan_stock - RCAT: price=$9.00, prev_close=$9.23 (source: yahoo)
2026-07-08 08:51:33 | DEBUG    | shortsqueeze.signals:scan_stock - RCAT: Yahoo 1-min volume=4,370,117
2026-07-08 08:51:33 | DEBUG    | shortsqueeze.signals:scan_stock - RCAT: No signal - price=False (-2.5%, need +5.0%), vol=False (ratio=1.0x, need 3.0x, src=yahoo_intraday), vwap=False ($9.00 vs VWAP $9.42), squeeze=True, mom=False (mom_val=-2.06)
2026-07-08 08:51:33 | DEBUG    | shortsqueeze.signals:scan_stock - OPTX: price=$9.45, prev_close=$9.60 (source: yahoo)
2026-07-08 08:51:34 | DEBUG    | shortsqueeze.signals:scan_stock - OPTX: Yahoo 1-min volume=274,480
2026-07-08 08:51:34 | DEBUG    | shortsqueeze.signals:scan_stock - OPTX: No signal - price=False (-1.6%, need +5.0%), vol=False (ratio=0.8x, need 3.0x, src=yahoo_intraday), vwap=False ($9.45 vs VWAP $9.62), squeeze=True, mom=False (mom_val=-2.55)
2026-07-08 08:51:35 | DEBUG    | shortsqueeze.signals:scan_stock - CWH: price=$6.38, prev_close=$6.69 (source: yahoo)
2026-07-08 08:51:35 | DEBUG    | shortsqueeze.signals:scan_stock - CWH: Yahoo 1-min volume=529,204
2026-07-08 08:51:35 | DEBUG    | shortsqueeze.signals:scan_stock - CWH: No signal - price=False (-4.6%, need +5.0%), vol=False (ratio=0.7x, need 3.0x, src=yahoo_intraday), vwap=False ($6.38 vs VWAP $6.82), squeeze=False, mom=False (mom_val=-0.43)
2026-07-08 08:51:36 | DEBUG    | shortsqueeze.signals:scan_stock - BIRK: price=$43.95, prev_close=$45.56 (source: yahoo)
2026-07-08 08:51:36 | DEBUG    | shortsqueeze.signals:scan_stock - BIRK: Yahoo 1-min volume=327,937
2026-07-08 08:51:36 | DEBUG    | shortsqueeze.signals:scan_stock - BIRK: No signal - price=False (-3.5%, need +5.0%), vol=False (ratio=0.4x, need 3.0x, src=yahoo_intraday), vwap=False ($43.95 vs VWAP $45.58), squeeze=True, mom=False (mom_val=-3.10)
2026-07-08 08:51:37 | DEBUG    | shortsqueeze.signals:scan_stock - ORIC: price=$9.67, prev_close=$10.88 (source: yahoo)
2026-07-08 08:51:37 | DEBUG    | shortsqueeze.signals:scan_stock - ORIC: Yahoo 1-min volume=499,655
2026-07-08 08:51:37 | DEBUG    | shortsqueeze.signals:scan_stock - ORIC: No signal - price=False (-11.1%, need +5.0%), vol=False (ratio=0.8x, need 3.0x, src=yahoo_intraday), vwap=False ($9.67 vs VWAP $10.76), squeeze=True, mom=False (mom_val=1.95)
2026-07-08 08:51:38 | DEBUG    | shortsqueeze.signals:scan_stock - ASPI: price=$4.84, prev_close=$5.06 (source: yahoo)
2026-07-08 08:51:38 | DEBUG    | shortsqueeze.signals:scan_stock - ASPI: Yahoo 1-min volume=1,202,704
2026-07-08 08:51:38 | DEBUG    | shortsqueeze.signals:scan_stock - ASPI: No signal - price=False (-4.2%, need +5.0%), vol=False (ratio=0.7x, need 3.0x, src=yahoo_intraday), vwap=False ($4.84 vs VWAP $5.11), squeeze=True, mom=False (mom_val=-1.03)
2026-07-08 08:51:39 | DEBUG    | shortsqueeze.signals:scan_stock - VOYG: price=$33.46, prev_close=$31.89 (source: yahoo)
2026-07-08 08:51:40 | DEBUG    | shortsqueeze.signals:scan_stock - VOYG: Yahoo 1-min volume=540,990
2026-07-08 08:51:40 | DEBUG    | shortsqueeze.signals:scan_stock - VOYG: No signal - price=False (+4.9%, need +5.0%), vol=False (ratio=0.5x, need 3.0x, src=yahoo_intraday), vwap=True ($33.46 vs VWAP $31.87), squeeze=True, mom=False (mom_val=-8.21)
2026-07-08 08:51:41 | DEBUG    | shortsqueeze.signals:scan_stock - OPTU: price=$1.31, prev_close=$1.18 (source: yahoo)
2026-07-08 08:51:41 | DEBUG    | shortsqueeze.signals:scan_stock - OPTU: Yahoo 1-min volume=5,456,326
2026-07-08 08:51:41 | DEBUG    | shortsqueeze.signals:scan_stock - OPTU: No signal - price=True (+10.6%, need +5.0%), vol=False (ratio=1.0x, need 3.0x, src=yahoo_intraday), vwap=True ($1.31 vs VWAP $1.27), squeeze=True, mom=False (mom_val=-0.01)
2026-07-08 08:51:42 | DEBUG    | shortsqueeze.signals:scan_stock - HTZ: price=$1.94, prev_close=$2.10 (source: yahoo)
2026-07-08 08:51:42 | DEBUG    | shortsqueeze.signals:scan_stock - HTZ: Yahoo 1-min volume=10,588,419
2026-07-08 08:51:42 | DEBUG    | shortsqueeze.signals:scan_stock - HTZ: No signal - price=False (-7.4%, need +5.0%), vol=False (ratio=1.1x, need 3.0x, src=yahoo_intraday), vwap=False ($1.94 vs VWAP $2.13), squeeze=True, mom=False (mom_val=-2.12)
2026-07-08 08:51:43 | DEBUG    | shortsqueeze.signals:scan_stock - FLWS: price=$3.66, prev_close=$3.77 (source: yahoo)
2026-07-08 08:51:43 | DEBUG    | shortsqueeze.signals:scan_stock - FLWS: Yahoo 1-min volume=55,228
2026-07-08 08:51:43 | DEBUG    | shortsqueeze.signals:scan_stock - FLWS: No signal - price=False (-3.1%, need +5.0%), vol=False (ratio=0.3x, need 3.0x, src=yahoo_intraday), vwap=False ($3.66 vs VWAP $3.79), squeeze=True, mom=False (mom_val=-0.45)
2026-07-08 08:51:44 | DEBUG    | shortsqueeze.signals:scan_stock - RXRX: price=$3.65, prev_close=$3.84 (source: yahoo)
2026-07-08 08:51:44 | DEBUG    | shortsqueeze.signals:scan_stock - RXRX: Yahoo 1-min volume=10,234,503
2026-07-08 08:51:44 | DEBUG    | shortsqueeze.signals:scan_stock - RXRX: No signal - price=False (-5.1%, need +5.0%), vol=False (ratio=1.3x, need 3.0x, src=yahoo_intraday), vwap=False ($3.65 vs VWAP $3.90), squeeze=True, mom=True (mom_val=0.35)
2026-07-08 08:51:45 | DEBUG    | shortsqueeze.signals:scan_stock - EVGO: price=$1.81, prev_close=$1.82 (source: yahoo)
2026-07-08 08:51:45 | DEBUG    | shortsqueeze.signals:scan_stock - EVGO: Yahoo 1-min volume=1,086,107
2026-07-08 08:51:45 | DEBUG    | shortsqueeze.signals:scan_stock - EVGO: No signal - price=False (-0.3%, need +5.0%), vol=False (ratio=0.8x, need 3.0x, src=yahoo_intraday), vwap=False ($1.81 vs VWAP $1.83), squeeze=False, mom=False (mom_val=-0.16)
2026-07-08 08:51:46 | DEBUG    | shortsqueeze.signals:scan_stock - XRX: price=$2.62, prev_close=$2.67 (source: yahoo)
2026-07-08 08:51:47 | DEBUG    | shortsqueeze.signals:scan_stock - XRX: Yahoo 1-min volume=885,563
2026-07-08 08:51:47 | DEBUG    | shortsqueeze.signals:scan_stock - XRX: No signal - price=False (-1.9%, need +5.0%), vol=False (ratio=0.6x, need 3.0x, src=yahoo_intraday), vwap=False ($2.62 vs VWAP $2.77), squeeze=True, mom=False (mom_val=-0.49)
2026-07-08 08:51:47 | DEBUG    | shortsqueeze.signals:scan_stock - SPCE: price=$2.58, prev_close=$2.57 (source: yahoo)
2026-07-08 08:51:48 | DEBUG    | shortsqueeze.signals:scan_stock - SPCE: Yahoo 1-min volume=3,951,988
2026-07-08 08:51:48 | DEBUG    | shortsqueeze.signals:scan_stock - SPCE: No signal - price=False (+0.6%, need +5.0%), vol=False (ratio=0.3x, need 3.0x, src=yahoo_intraday), vwap=True ($2.58 vs VWAP $2.58), squeeze=True, mom=False (mom_val=-1.88)
2026-07-08 08:51:49 | DEBUG    | shortsqueeze.signals:scan_stock - TTEC: price=$2.05, prev_close=$2.08 (source: yahoo)
2026-07-08 08:51:49 | DEBUG    | shortsqueeze.signals:scan_stock - TTEC: Yahoo 1-min volume=370,630
2026-07-08 08:51:49 | DEBUG    | shortsqueeze.signals:scan_stock - TTEC: No signal - price=False (-1.4%, need +5.0%), vol=False (ratio=1.3x, need 3.0x, src=yahoo_intraday), vwap=False ($2.05 vs VWAP $2.10), squeeze=True, mom=False (mom_val=-0.15)
2026-07-08 08:51:50 | DEBUG    | shortsqueeze.signals:scan_stock - INDI: price=$4.01, prev_close=$4.12 (source: yahoo)
2026-07-08 08:51:50 | DEBUG    | shortsqueeze.signals:scan_stock - INDI: Yahoo 1-min volume=1,626,859
2026-07-08 08:51:50 | DEBUG    | shortsqueeze.signals:scan_stock - INDI: No signal - price=False (-2.5%, need +5.0%), vol=False (ratio=0.7x, need 3.0x, src=yahoo_intraday), vwap=False ($4.01 vs VWAP $4.15), squeeze=False, mom=True (mom_val=0.08)
2026-07-08 08:51:51 | DEBUG    | shortsqueeze.signals:scan_stock - EOSE: price=$4.49, prev_close=$4.74 (source: yahoo)
2026-07-08 08:51:51 | DEBUG    | shortsqueeze.signals:scan_stock - EOSE: Yahoo 1-min volume=8,662,414
2026-07-08 08:51:51 | DEBUG    | shortsqueeze.signals:scan_stock - EOSE: No signal - price=False (-5.4%, need +5.0%), vol=False (ratio=1.0x, need 3.0x, src=yahoo_intraday), vwap=False ($4.49 vs VWAP $4.71), squeeze=True, mom=False (mom_val=-1.34)
2026-07-08 08:51:52 | DEBUG    | shortsqueeze.signals:scan_stock - MPT: price=$4.50, prev_close=$4.56 (source: yahoo)
2026-07-08 08:51:52 | DEBUG    | shortsqueeze.signals:scan_stock - MPT: Yahoo 1-min volume=2,188,407
2026-07-08 08:51:52 | DEBUG    | shortsqueeze.signals:scan_stock - MPT: No signal - price=False (-1.4%, need +5.0%), vol=False (ratio=0.9x, need 3.0x, src=yahoo_intraday), vwap=False ($4.50 vs VWAP $4.59), squeeze=True, mom=False (mom_val=-0.21)
2026-07-08 08:51:53 | DEBUG    | shortsqueeze.signals:scan_stock - BBAI: price=$3.29, prev_close=$3.43 (source: yahoo)
2026-07-08 08:51:53 | DEBUG    | shortsqueeze.signals:scan_stock - BBAI: Yahoo 1-min volume=9,500,787
2026-07-08 08:51:53 | DEBUG    | shortsqueeze.signals:scan_stock - BBAI: No signal - price=False (-3.9%, need +5.0%), vol=False (ratio=0.9x, need 3.0x, src=yahoo_intraday), vwap=False ($3.29 vs VWAP $3.50), squeeze=True, mom=False (mom_val=-0.56)
2026-07-08 08:51:54 | DEBUG    | shortsqueeze.signals:scan_stock - STIM: price=$1.50, prev_close=$1.55 (source: yahoo)
2026-07-08 08:51:54 | DEBUG    | shortsqueeze.signals:scan_stock - STIM: Yahoo 1-min volume=373,836
2026-07-08 08:51:54 | DEBUG    | shortsqueeze.signals:scan_stock - STIM: No signal - price=False (-3.5%, need +5.0%), vol=False (ratio=0.8x, need 3.0x, src=yahoo_intraday), vwap=False ($1.50 vs VWAP $1.52), squeeze=True, mom=True (mom_val=0.10)
2026-07-08 08:51:55 | DEBUG    | shortsqueeze.signals:scan_stock - PLUG: price=$2.42, prev_close=$2.48 (source: yahoo)
2026-07-08 08:51:56 | DEBUG    | shortsqueeze.signals:scan_stock - PLUG: Yahoo 1-min volume=23,444,048
2026-07-08 08:51:56 | DEBUG    | shortsqueeze.signals:scan_stock - PLUG: No signal - price=False (-2.2%, need +5.0%), vol=False (ratio=1.2x, need 3.0x, src=yahoo_intraday), vwap=False ($2.42 vs VWAP $2.51), squeeze=False, mom=False (mom_val=-0.35)
2026-07-08 08:51:56 | DEBUG    | shortsqueeze.signals:scan_stock - RR: price=$1.77, prev_close=$1.82 (source: yahoo)
2026-07-08 08:51:57 | DEBUG    | shortsqueeze.signals:scan_stock - RR: Yahoo 1-min volume=5,069,925
2026-07-08 08:51:57 | DEBUG    | shortsqueeze.signals:scan_stock - RR: No signal - price=False (-2.7%, need +5.0%), vol=False (ratio=1.5x, need 3.0x, src=yahoo_intraday), vwap=False ($1.77 vs VWAP $1.90), squeeze=True, mom=False (mom_val=-0.28)
2026-07-08 08:51:57 | DEBUG    | shortsqueeze.signals:scan_stock - OCGN: price=$1.46, prev_close=$1.50 (source: yahoo)
2026-07-08 08:51:58 | DEBUG    | shortsqueeze.signals:scan_stock - OCGN: Yahoo 1-min volume=2,421,355
2026-07-08 08:51:58 | DEBUG    | shortsqueeze.signals:scan_stock - OCGN: No signal - price=False (-2.3%, need +5.0%), vol=False (ratio=0.7x, need 3.0x, src=yahoo_intraday), vwap=False ($1.46 vs VWAP $1.48), squeeze=True, mom=False (mom_val=0.19)
2026-07-08 08:51:59 | DEBUG    | shortsqueeze.signals:scan_stock - ENVX: price=$4.92, prev_close=$4.99 (source: yahoo)
2026-07-08 08:51:59 | DEBUG    | shortsqueeze.signals:scan_stock - ENVX: Yahoo 1-min volume=2,275,166
2026-07-08 08:51:59 | DEBUG    | shortsqueeze.signals:scan_stock - ENVX: No signal - price=False (-1.2%, need +5.0%), vol=False (ratio=1.2x, need 3.0x, src=yahoo_intraday), vwap=False ($4.92 vs VWAP $5.07), squeeze=True, mom=False (mom_val=-1.39)
2026-07-08 08:52:00 | DEBUG    | shortsqueeze.signals:scan_stock - IOVA: price=$4.21, prev_close=$4.35 (source: yahoo)
2026-07-08 08:52:00 | DEBUG    | shortsqueeze.signals:scan_stock - IOVA: Yahoo 1-min volume=4,817,208
2026-07-08 08:52:00 | DEBUG    | shortsqueeze.signals:scan_stock - IOVA: No signal - price=False (-3.1%, need +5.0%), vol=False (ratio=1.0x, need 3.0x, src=yahoo_intraday), vwap=False ($4.21 vs VWAP $4.28), squeeze=False, mom=True (mom_val=0.09)
2026-07-08 08:52:01 | DEBUG    | shortsqueeze.signals:scan_stock - RCKT: price=$4.05, prev_close=$4.07 (source: yahoo)
2026-07-08 08:52:01 | DEBUG    | shortsqueeze.signals:scan_stock - RCKT: Yahoo 1-min volume=1,025,445
2026-07-08 08:52:01 | DEBUG    | shortsqueeze.signals:scan_stock - RCKT: No signal - price=False (-0.4%, need +5.0%), vol=False (ratio=0.9x, need 3.0x, src=yahoo_intraday), vwap=True ($4.05 vs VWAP $4.00), squeeze=True, mom=True (mom_val=0.81)
2026-07-08 08:52:02 | DEBUG    | shortsqueeze.signals:scan_stock - PRME: price=$4.58, prev_close=$3.99 (source: yahoo)
2026-07-08 08:52:02 | DEBUG    | shortsqueeze.signals:scan_stock - PRME: Yahoo 1-min volume=5,844,781
2026-07-08 08:52:02 | INFO     | shortsqueeze.signals:scan_stock - PRME: Entry signal detected - strong - Squeeze fired | Bullish momentum | +14.9% | 4.3x volume
2026-07-08 08:52:03 | DEBUG    | shortsqueeze.signals:scan_stock - KULR: price=$3.20, prev_close=$3.51 (source: yahoo)
2026-07-08 08:52:03 | DEBUG    | shortsqueeze.signals:scan_stock - KULR: Yahoo 1-min volume=1,011,227
2026-07-08 08:52:03 | DEBUG    | shortsqueeze.signals:scan_stock - KULR: No signal - price=False (-8.8%, need +5.0%), vol=False (ratio=1.3x, need 3.0x, src=yahoo_intraday), vwap=False ($3.20 vs VWAP $3.60), squeeze=False, mom=False (mom_val=-0.26)
2026-07-08 08:52:04 | DEBUG    | shortsqueeze.signals:scan_stock - SLNH: price=$1.21, prev_close=$1.17 (source: yahoo)
2026-07-08 08:52:04 | DEBUG    | shortsqueeze.signals:scan_stock - SLNH: Yahoo 1-min volume=7,833,085
2026-07-08 08:52:04 | DEBUG    | shortsqueeze.signals:scan_stock - SLNH: No signal - price=False (+3.8%, need +5.0%), vol=False (ratio=1.2x, need 3.0x, src=yahoo_intraday), vwap=True ($1.21 vs VWAP $1.20), squeeze=True, mom=False (mom_val=-0.20)
2026-07-08 08:52:04 | INFO     | shortsqueeze.signals:scan_watchlist - Scan complete: 110 stocks scanned, 1 signals detected, 0 errors
2026-07-08 08:52:04 | INFO     | shortsqueeze.bot:_run_scan - Processing 1 filtered signals
2026-07-08 08:52:05 | INFO     | shortsqueeze.bot:_process_signal - Executing entry for PRME: 184 shares @ $4.58 (SL: $4.25)
2026-07-08 08:52:05 | INFO     | shortsqueeze.broker.alpaca_trader:submit_bracket_order - Bracket order submitted: BUY 184 PRME @ $4.59 (SL: $4.25, TP: $5.58)
2026-07-08 08:52:05 | INFO     | shortsqueeze.bot:_process_signal - Trade submitted for PRME: Order ID eb52fa51-e579-405a-9473-8045666eb140
2026-07-08 08:54:44 | INFO     | shortsqueeze.bot:_run_scan - Running intraday scan...
2026-07-08 08:54:45 | INFO     | shortsqueeze.bot:_run_scan - Max positions (5) reached. Skipping scan.
2026-07-08 08:59:44 | INFO     | shortsqueeze.bot:_run_scan - Running intraday scan...
2026-07-08 08:59:45 | INFO     | shortsqueeze.bot:_run_scan - Max positions (5) reached. Skipping scan.
2026-07-08 09:04:44 | INFO     | shortsqueeze.bot:_run_scan - Running intraday scan...
2026-07-08 09:04:45 | INFO     | shortsqueeze.bot:_run_scan - Max positions (5) reached. Skipping scan.
2026-07-08 09:09:44 | INFO     | shortsqueeze.bot:_run_scan - Running intraday scan...
2026-07-08 09:09:45 | INFO     | shortsqueeze.bot:_run_scan - Max positions (5) reached. Skipping scan.
2026-07-08 09:14:44 | INFO     | shortsqueeze.bot:_run_scan - Running intraday scan...
2026-07-08 09:14:45 | INFO     | shortsqueeze.bot:_run_scan - Max positions (5) reached. Skipping scan.
2026-07-08 09:19:44 | INFO     | shortsqueeze.bot:_run_scan - Running intraday scan...
2026-07-08 09:19:45 | INFO     | shortsqueeze.bot:_run_scan - Max positions (5) reached. Skipping scan.
2026-07-08 09:24:44 | INFO     | shortsqueeze.bot:_run_scan - Running intraday scan...
2026-07-08 09:24:45 | INFO     | shortsqueeze.bot:_run_scan - Max positions (5) reached. Skipping scan.
2026-07-08 09:29:44 | INFO     | shortsqueeze.bot:_run_scan - Running intraday scan...
2026-07-08 09:29:45 | INFO     | shortsqueeze.bot:_run_scan - Max positions (5) reached. Skipping scan.
2026-07-08 09:32:45 | INFO     | shortsqueeze.bot:_log_portfolio_snapshot - Portfolio 5/5: FIG -3.2% (1d) | KALV +1.0% (1d) | OCGN +11.7% (1d) | PRME -1.8% (0d) | SBH +3.2% (1d)
2026-07-08 09:34:44 | INFO     | shortsqueeze.bot:_run_scan - Running intraday scan...
2026-07-08 09:34:45 | INFO     | shortsqueeze.bot:_run_scan - Max positions (5) reached. Skipping scan.
2026-07-08 09:39:44 | INFO     | shortsqueeze.bot:_run_scan - Running intraday scan...
2026-07-08 09:39:45 | INFO     | shortsqueeze.bot:_run_scan - Max positions (5) reached. Skipping scan.
2026-07-08 09:44:44 | INFO     | shortsqueeze.bot:_run_scan - Running intraday scan...
2026-07-08 09:44:45 | INFO     | shortsqueeze.bot:_run_scan - Max positions (5) reached. Skipping scan.
2026-07-08 09:49:44 | INFO     | shortsqueeze.bot:_run_scan - Running intraday scan...
2026-07-08 09:49:45 | INFO     | shortsqueeze.bot:_run_scan - Max positions (5) reached. Skipping scan.
2026-07-08 09:54:44 | INFO     | shortsqueeze.bot:_run_scan - Running intraday scan...
2026-07-08 09:54:45 | INFO     | shortsqueeze.bot:_run_scan - Max positions (5) reached. Skipping scan.
2026-07-08 09:59:44 | INFO     | shortsqueeze.bot:_run_scan - Running intraday scan...
2026-07-08 09:59:45 | INFO     | shortsqueeze.bot:_run_scan - Max positions (5) reached. Skipping scan.
2026-07-08 10:04:44 | INFO     | shortsqueeze.bot:_run_scan - Running intraday scan...
2026-07-08 10:04:45 | INFO     | shortsqueeze.bot:_run_scan - Max positions (5) reached. Skipping scan.
2026-07-08 10:09:44 | INFO     | shortsqueeze.bot:_run_scan - Running intraday scan...
2026-07-08 10:09:45 | INFO     | shortsqueeze.bot:_run_scan - Max positions (5) reached. Skipping scan.
2026-07-08 10:14:44 | INFO     | shortsqueeze.bot:_run_scan - Running intraday scan...
2026-07-08 10:14:45 | INFO     | shortsqueeze.bot:_run_scan - Max positions (5) reached. Skipping scan.
2026-07-08 10:19:44 | INFO     | shortsqueeze.bot:_run_scan - Running intraday scan...
2026-07-08 10:19:45 | INFO     | shortsqueeze.bot:_run_scan - Max positions (5) reached. Skipping scan.
2026-07-08 10:24:44 | INFO     | shortsqueeze.bot:_run_scan - Running intraday scan...
2026-07-08 10:24:45 | INFO     | shortsqueeze.bot:_run_scan - Max positions (5) reached. Skipping scan.
2026-07-08 10:29:44 | INFO     | shortsqueeze.bot:_run_scan - Running intraday scan...
2026-07-08 10:29:45 | INFO     | shortsqueeze.bot:_run_scan - Max positions (5) reached. Skipping scan.
2026-07-08 10:32:45 | INFO     | shortsqueeze.bot:_log_portfolio_snapshot - Portfolio 5/5: FIG -0.9% (1d) | KALV +1.0% (1d) | OCGN +12.9% (1d) | PRME -1.1% (0d) | SBH +4.2% (1d)
2026-07-08 10:34:44 | INFO     | shortsqueeze.bot:_run_scan - Running intraday scan...
2026-07-08 10:34:45 | INFO     | shortsqueeze.bot:_run_scan - Max positions (5) reached. Skipping scan.
2026-07-08 10:39:44 | INFO     | shortsqueeze.bot:_run_scan - Running intraday scan...
2026-07-08 10:39:45 | INFO     | shortsqueeze.bot:_run_scan - Max positions (5) reached. Skipping scan.
2026-07-08 10:44:44 | INFO     | shortsqueeze.bot:_run_scan - Running intraday scan...
2026-07-08 10:44:45 | INFO     | shortsqueeze.bot:_run_scan - Max positions (5) reached. Skipping scan.
2026-07-08 10:49:44 | INFO     | shortsqueeze.bot:_run_scan - Running intraday scan...
2026-07-08 10:49:45 | INFO     | shortsqueeze.bot:_run_scan - Max positions (5) reached. Skipping scan.
2026-07-08 10:54:44 | INFO     | shortsqueeze.bot:_run_scan - Running intraday scan...
2026-07-08 10:54:45 | INFO     | shortsqueeze.bot:_run_scan - Max positions (5) reached. Skipping scan.
2026-07-08 10:59:44 | INFO     | shortsqueeze.bot:_run_scan - Running intraday scan...
2026-07-08 10:59:45 | INFO     | shortsqueeze.bot:_run_scan - Max positions (5) reached. Skipping scan.
2026-07-08 11:04:44 | INFO     | shortsqueeze.bot:_run_scan - Running intraday scan...
2026-07-08 11:04:45 | INFO     | shortsqueeze.bot:_run_scan - Max positions (5) reached. Skipping scan.
2026-07-08 11:09:44 | INFO     | shortsqueeze.bot:_run_scan - Running intraday scan...
2026-07-08 11:09:45 | WARNING  | shortsqueeze.broker.alpaca_data:wrapper - Remote connection error in _get_positions_with_retry, retrying in 2.0s (1/3): ('Connection aborted.', RemoteDisconnected('Remote end closed connection without response'))
2026-07-08 11:09:47 | INFO     | shortsqueeze.bot:_run_scan - Max positions (5) reached. Skipping scan.
2026-07-08 11:14:44 | INFO     | shortsqueeze.bot:_run_scan - Running intraday scan...
2026-07-08 11:14:45 | INFO     | shortsqueeze.bot:_run_scan - Max positions (5) reached. Skipping scan.
2026-07-08 11:19:44 | INFO     | shortsqueeze.bot:_run_scan - Running intraday scan...
2026-07-08 11:19:45 | INFO     | shortsqueeze.bot:_run_scan - Max positions (5) reached. Skipping scan.
2026-07-08 11:24:44 | INFO     | shortsqueeze.bot:_run_scan - Running intraday scan...
2026-07-08 11:24:45 | INFO     | shortsqueeze.bot:_run_scan - Max positions (5) reached. Skipping scan.
2026-07-08 11:29:44 | INFO     | shortsqueeze.bot:_run_scan - Running intraday scan...
2026-07-08 11:29:45 | INFO     | shortsqueeze.bot:_run_scan - Max positions (5) reached. Skipping scan.
2026-07-08 11:33:45 | INFO     | shortsqueeze.bot:_log_portfolio_snapshot - Portfolio 5/5: FIG -2.4% (1d) | KALV +1.0% (1d) | OCGN +13.6% (1d) | PRME +1.5% (0d) | SBH +4.2% (1d)
2026-07-08 11:34:44 | INFO     | shortsqueeze.bot:_run_scan - Running intraday scan...
2026-07-08 11:34:45 | INFO     | shortsqueeze.bot:_run_scan - Max positions (5) reached. Skipping scan.
2026-07-08 11:39:44 | INFO     | shortsqueeze.bot:_run_scan - Running intraday scan...
2026-07-08 11:39:45 | INFO     | shortsqueeze.bot:_run_scan - Max positions (5) reached. Skipping scan.
2026-07-08 11:44:44 | INFO     | shortsqueeze.bot:_run_scan - Running intraday scan...
2026-07-08 11:44:45 | INFO     | shortsqueeze.bot:_run_scan - Max positions (5) reached. Skipping scan.
2026-07-08 11:49:44 | INFO     | shortsqueeze.bot:_run_scan - Running intraday scan...
2026-07-08 11:49:45 | INFO     | shortsqueeze.bot:_run_scan - Max positions (5) reached. Skipping scan.
2026-07-08 11:54:44 | INFO     | shortsqueeze.bot:_run_scan - Running intraday scan...
2026-07-08 11:54:45 | INFO     | shortsqueeze.bot:_run_scan - Max positions (5) reached. Skipping scan.
2026-07-08 11:59:44 | INFO     | shortsqueeze.bot:_run_scan - Running intraday scan...
2026-07-08 11:59:45 | INFO     | shortsqueeze.bot:_run_scan - Max positions (5) reached. Skipping scan.
2026-07-08 12:04:44 | INFO     | shortsqueeze.bot:_run_scan - Running intraday scan...
2026-07-08 12:04:45 | INFO     | shortsqueeze.bot:_run_scan - Max positions (5) reached. Skipping scan.
2026-07-08 12:09:44 | INFO     | shortsqueeze.bot:_run_scan - Running intraday scan...
2026-07-08 12:09:45 | INFO     | shortsqueeze.bot:_run_scan - Max positions (5) reached. Skipping scan.
2026-07-08 12:14:44 | INFO     | shortsqueeze.bot:_run_scan - Running intraday scan...
2026-07-08 12:14:45 | INFO     | shortsqueeze.bot:_run_scan - Max positions (5) reached. Skipping scan.
2026-07-08 12:19:44 | INFO     | shortsqueeze.bot:_run_scan - Running intraday scan...
2026-07-08 12:19:45 | INFO     | shortsqueeze.bot:_run_scan - Max positions (5) reached. Skipping scan.
2026-07-08 12:24:44 | INFO     | shortsqueeze.bot:_run_scan - Running intraday scan...
2026-07-08 12:24:45 | INFO     | shortsqueeze.bot:_run_scan - Max positions (5) reached. Skipping scan.
2026-07-08 12:29:44 | INFO     | shortsqueeze.bot:_run_scan - Running intraday scan...
2026-07-08 12:29:45 | INFO     | shortsqueeze.bot:_run_scan - Max positions (5) reached. Skipping scan.
2026-07-08 12:33:45 | INFO     | shortsqueeze.bot:_log_portfolio_snapshot - Portfolio 5/5: FIG -2.5% (1d) | KALV +1.0% (1d) | OCGN +11.9% (1d) | PRME -0.8% (0d) | SBH +4.3% (1d)
2026-07-08 12:34:44 | INFO     | shortsqueeze.bot:_run_scan - Running intraday scan...
2026-07-08 12:34:45 | INFO     | shortsqueeze.bot:_run_scan - Max positions (5) reached. Skipping scan.
2026-07-08 12:39:44 | INFO     | shortsqueeze.bot:_run_scan - Running intraday scan...
2026-07-08 12:39:45 | INFO     | shortsqueeze.bot:_run_scan - Max positions (5) reached. Skipping scan.
2026-07-08 12:44:44 | INFO     | shortsqueeze.bot:_run_scan - Running intraday scan...
2026-07-08 12:44:45 | INFO     | shortsqueeze.bot:_run_scan - Max positions (5) reached. Skipping scan.
2026-07-08 12:49:44 | INFO     | shortsqueeze.bot:_run_scan - Running intraday scan...
2026-07-08 12:49:45 | INFO     | shortsqueeze.bot:_run_scan - Max positions (5) reached. Skipping scan.
2026-07-08 12:54:44 | INFO     | shortsqueeze.bot:_run_scan - Running intraday scan...
2026-07-08 12:54:45 | INFO     | shortsqueeze.bot:_run_scan - Max positions (5) reached. Skipping scan.
2026-07-08 12:59:44 | INFO     | shortsqueeze.bot:_run_scan - Running intraday scan...
2026-07-08 12:59:45 | INFO     | shortsqueeze.bot:_run_scan - Max positions (5) reached. Skipping scan.
2026-07-08 13:04:44 | DEBUG    | shortsqueeze.bot:_run_scan - Market closed, skipping scan
2026-07-08 13:09:44 | DEBUG    | shortsqueeze.bot:_run_scan - Market closed, skipping scan
2026-07-08 13:14:44 | DEBUG    | shortsqueeze.bot:_run_scan - Market closed, skipping scan
